2026-08-18 15:49:43 INFO LINE | mode=3 | looking_for=25-10 / BID | threshold=10000000 | raw_line=×
2026-08-18 15:49:43 INFO LINE | mode=3 | looking_for=25-10 / BID | threshold=10000000 | raw_line=26-3 10 -
2026-08-18 15:49:43 INFO LINE | mode=3 | looking_for=25-10 / BID | threshold=10000000 | raw_line=26-6 호가 찾습니다
2026-08-18 15:49:43 INFO LINE | mode=3 | looking_for=25-10 / BID | threshold=10000000 | raw_line=21-5 호가 있으신가요?
2026-08-18 15:49:43 INFO LINE | mode=3 | looking_for=25-10 / BID | threshold=10000000 | raw_line=26-1 67+
2026-08-18 15:49:43 INFO LINE | mode=3 | looking_for=25-10 / BID | threshold=10000000 | raw_line=26-5 84- 10억
2026-08-18 15:49:43 INFO LINE | mode=3 | looking_for=25-10 / BID | threshold=10000000 | raw_line=26-7 72-
2026-08-18 15:49:43 INFO LINE | mode=3 | looking_for=25-10 / BID | threshold=10000000 | raw_line=22-1 -1원 팔자
2026-08-18 15:49:43 INFO LINE | mode=3 | looking_for=25-10 / BID | threshold=10000000 | raw_line=25-10 755 76+
2026-08-18 15:49:43 INFO LINE | mode=3 | looking_for=25-10 / BID | threshold=10000000 | raw_line=26-3  11+
2026-08-18 15:49:43 INFO LINE | mode=3 | looking_for=25-10 / BID | threshold=10000000 | raw_line=26-2 호가 얼마실까요?
2026-08-18 15:49:43 INFO LINE | mode=3 | looking_for=25-10 / BID | threshold=10000000 | raw_line=26-3 10- 10억
2026-08-18 15:49:43 INFO LINE | mode=3 | looking_for=25-10 / BID | threshold=10000000 | raw_line=25-6 -2원 팔자
2026-08-18 15:49:43 INFO LINE_OMITTED | +110
2026-08-18 15:49:44 INFO EXCEL_CONNECTED | workbook=sample.xlsm sheet=트레이딩
2026-08-18 15:49:44 INFO LINE | mode=3 | looking_for=25-10 / BID | threshold=10000000 | raw_line=REAL-TIME INTELLIGENCE FOR KOREAN BONDS
2026-08-18 15:49:44 INFO LINE | mode=3 | looking_for=25-10 / BID | threshold=10000000 | raw_line=2026.08.18 / 15:49
2026-08-18 15:49:44 INFO LINE | mode=3 | looking_for=25-10 / BID | threshold=10000000 | raw_line=jhacom02@gmail.com
2026-08-18 15:49:44 INFO LINE | mode=3 | looking_for=25-10 / BID | threshold=10000000 | raw_line=Bond Map
2026-08-18 15:49:44 INFO LINE | mode=3 | looking_for=25-10 / BID | threshold=10000000 | raw_line=K-Bond 메신저의 실시간 메시지를 카테고리별로 탐색합니다.
2026-08-18 15:49:44 INFO LINE | mode=3 | looking_for=25-10 / BID | threshold=10000000 | raw_line=➕
2026-08-18 15:49:44 INFO LINE | mode=3 | looking_for=25-10 / BID | threshold=10000000 | raw_line=Gov(included KTB)
2026-08-18 15:49:44 INFO LINE | mode=3 | looking_for=25-10 / BID | threshold=10000000 | raw_line=×
2026-08-18 15:49:44 INFO LINE | mode=3 | looking_for=25-10 / BID | threshold=10000000 | raw_line=26-3 10 -
2026-08-18 15:49:44 INFO LINE | mode=3 | looking_for=25-10 / BID | threshold=10000000 | raw_line=26-6 호가 찾습니다
2026-08-18 15:49:44 INFO LINE | mode=3 | looking_for=25-10 / BID | threshold=10000000 | raw_line=21-5 호가 있으신가요?
2026-08-18 15:49:44 INFO LINE | mode=3 | looking_for=25-10 / BID | threshold=10000000 | raw_line=26-1 67+
2026-08-18 15:49:44 INFO LINE | mode=3 | looking_for=25-10 / BID | threshold=10000000 | raw_line=26-5 84- 10억
2026-08-18 15:49:44 INFO LINE | mode=3 | looking_for=25-10 / BID | threshold=10000000 | raw_line=26-7 72-
2026-08-18 15:49:44 INFO LINE | mode=3 | looking_for=25-10 / BID | threshold=10000000 | raw_line=22-1 -1원 팔자
2026-08-18 15:49:44 INFO LINE | mode=3 | looking_for=25-10 / BID | threshold=10000000 | raw_line=25-10 755 76+
2026-08-18 15:49:44 INFO LINE | mode=3 | looking_for=25-10 / BID | threshold=10000000 | raw_line=26-3  11+
2026-08-18 15:49:44 INFO LINE | mode=3 | looking_for=25-10 / BID | threshold=10000000 | raw_line=26-2 호가 얼마실까요?
2026-08-18 15:49:44 INFO LINE | mode=3 | looking_for=25-10 / BID | threshold=10000000 | raw_line=26-3 10- 10억
2026-08-18 15:49:44 INFO LINE | mode=3 | looking_for=25-10 / BID | threshold=10000000 | raw_line=25-6 -2원 팔자
2026-08-18 15:49:44 INFO LINE_OMITTED | +110
2026-08-18 15:49:45 INFO EXCEL_CONNECTED | workbook=sample.xlsm sheet=트레이딩
2026-08-18 15:49:45 INFO LINE | mode=3 | looking_for=25-10 / BID | threshold=10000000 | raw_line=REAL-TIME INTELLIGENCE FOR KOREAN BONDS
2026-08-18 15:49:45 INFO LINE | mode=3 | looking_for=25-10 / BID | threshold=10000000 | raw_line=2026.08.18 / 15:49
2026-08-18 15:49:45 INFO LINE | mode=3 | looking_for=25-10 / BID | threshold=10000000 | raw_line=jhacom02@gmail.com
2026-08-18 15:49:45 INFO LINE | mode=3 | looking_for=25-10 / BID | threshold=10000000 | raw_line=Bond Map
2026-08-18 15:49:45 INFO LINE | mode=3 | looking_for=25-10 / BID | threshold=10000000 | raw_line=K-Bond 메신저의 실시간 메시지를 카테고리별로 탐색합니다.
2026-08-18 15:49:45 INFO LINE | mode=3 | looking_for=25-10 / BID | threshold=10000000 | raw_line=➕
2026-08-18 15:49:45 INFO LINE | mode=3 | looking_for=25-10 / BID | threshold=10000000 | raw_line=Gov(included KTB)
2026-08-18 15:49:45 INFO LINE | mode=3 | looking_for=25-10 / BID | threshold=10000000 | raw_line=×
2026-08-18 15:49:45 INFO LINE | mode=3 | looking_for=25-10 / BID | threshold=10000000 | raw_line=26-3 10 -
2026-08-18 15:49:45 INFO LINE | mode=3 | looking_for=25-10 / BID | threshold=10000000 | raw_line=26-6 호가 찾습니다
2026-08-18 15:49:45 INFO LINE | mode=3 | looking_for=25-10 / BID | threshold=10000000 | raw_line=21-5 호가 있으신가요?
2026-08-18 15:49:45 INFO LINE | mode=3 | looking_for=25-10 / BID | threshold=10000000 | raw_line=26-1 67+
2026-08-18 15:49:45 INFO LINE | mode=3 | looking_for=25-10 / BID | threshold=10000000 | raw_line=26-5 84- 10억
2026-08-18 15:49:45 INFO LINE | mode=3 | looking_for=25-10 / BID | threshold=10000000 | raw_line=26-7 72-
2026-08-18 15:49:45 INFO LINE | mode=3 | looking_for=25-10 / BID | threshold=10000000 | raw_line=22-1 -1원 팔자
2026-08-18 15:49:45 INFO LINE | mode=3 | looking_for=25-10 / BID | threshold=10000000 | raw_line=25-10 755 76+
2026-08-18 15:49:45 INFO LINE | mode=3 | looking_for=25-10 / BID | threshold=10000000 | raw_line=26-3  11+
2026-08-18 15:49:45 INFO LINE | mode=3 | looking_for=25-10 / BID | threshold=10000000 | raw_line=26-2 호가 얼마실까요?
2026-08-18 15:49:45 INFO LINE | mode=3 | looking_for=25-10 / BID | threshold=10000000 | raw_line=26-3 10- 10억
2026-08-18 15:49:45 INFO LINE | mode=3 | looking_for=25-10 / BID | threshold=10000000 | raw_line=25-6 -2원 팔자
2026-08-18 15:49:45 INFO LINE_OMITTED | +110
2026-08-18 15:49:45 INFO EXCEL_CONNECTED | workbook=sample.xlsm sheet=트레이딩
2026-08-18 15:49:46 INFO LINE | mode=3 | looking_for=25-10 / BID | threshold=10000000 | raw_line=REAL-TIME INTELLIGENCE FOR KOREAN BONDS
2026-08-18 15:49:46 INFO LINE | mode=3 | looking_for=25-10 / BID | threshold=10000000 | raw_line=2026.08.18 / 15:49
2026-08-18 15:49:46 INFO LINE | mode=3 | looking_for=25-10 / BID | threshold=10000000 | raw_line=jhacom02@gmail.com
2026-08-18 15:49:46 INFO LINE | mode=3 | looking_for=25-10 / BID | threshold=10000000 | raw_line=Bond Map
2026-08-18 15:49:46 INFO LINE | mode=3 | looking_for=25-10 / BID | threshold=10000000 | raw_line=K-Bond 메신저의 실시간 메시지를 카테고리별로 탐색합니다.
2026-08-18 15:49:46 INFO LINE | mode=3 | looking_for=25-10 / BID | threshold=10000000 | raw_line=➕
2026-08-18 15:49:46 INFO LINE | mode=3 | looking_for=25-10 / BID | threshold=10000000 | raw_line=Gov(included KTB)
2026-08-18 15:49:46 INFO LINE | mode=3 | looking_for=25-10 / BID | threshold=10000000 | raw_line=×
2026-08-18 15:49:46 INFO LINE | mode=3 | looking_for=25-10 / BID | threshold=10000000 | raw_line=26-3 10 -
2026-08-18 15:49:46 INFO LINE | mode=3 | looking_for=25-10 / BID | threshold=10000000 | raw_line=26-6 호가 찾습니다
2026-08-18 15:49:46 INFO LINE | mode=3 | looking_for=25-10 / BID | threshold=10000000 | raw_line=21-5 호가 있으신가요?
2026-08-18 15:49:46 INFO LINE | mode=3 | looking_for=25-10 / BID | threshold=10000000 | raw_line=26-1 67+
2026-08-18 15:49:46 INFO LINE | mode=3 | looking_for=25-10 / BID | threshold=10000000 | raw_line=26-5 84- 10억
2026-08-18 15:49:46 INFO LINE | mode=3 | looking_for=25-10 / BID | threshold=10000000 | raw_line=26-7 72-
2026-08-18 15:49:46 INFO LINE | mode=3 | looking_for=25-10 / BID | threshold=10000000 | raw_line=22-1 -1원 팔자
2026-08-18 15:49:46 INFO LINE | mode=3 | looking_for=25-10 / BID | threshold=10000000 | raw_line=25-10 755 76+
2026-08-18 15:49:46 INFO LINE | mode=3 | looking_for=25-10 / BID | threshold=10000000 | raw_line=26-3  11+
2026-08-18 15:49:46 INFO LINE | mode=3 | looking_for=25-10 / BID | threshold=10000000 | raw_line=26-2 호가 얼마실까요?
2026-08-18 15:49:46 INFO LINE | mode=3 | looking_for=25-10 / BID | threshold=10000000 | raw_line=26-3 10- 10억
2026-08-18 15:49:46 INFO LINE | mode=3 | looking_for=25-10 / BID | threshold=10000000 | raw_line=25-6 -2원 팔자
2026-08-18 15:49:46 INFO LINE_OMITTED | +111
2026-08-18 15:49:46 INFO EXCEL_CONNECTED | workbook=sample.xlsm sheet=트레이딩
2026-08-18 15:49:46 INFO LINE | mode=3 | looking_for=25-10 / BID | threshold=10000000 | raw_line=REAL-TIME INTELLIGENCE FOR KOREAN BONDS
2026-08-18 15:49:46 INFO LINE | mode=3 | looking_for=25-10 / BID | threshold=10000000 | raw_line=2026.08.18 / 15:49
2026-08-18 15:49:46 INFO LINE | mode=3 | looking_for=25-10 / BID | threshold=10000000 | raw_line=jhacom02@gmail.com
2026-08-18 15:49:46 INFO LINE | mode=3 | looking_for=25-10 / BID | threshold=10000000 | raw_line=Bond Map
2026-08-18 15:49:46 INFO LINE | mode=3 | looking_for=25-10 / BID | threshold=10000000 | raw_line=K-Bond 메신저의 실시간 메시지를 카테고리별로 탐색합니다.
2026-08-18 15:49:46 INFO LINE | mode=3 | looking_for=25-10 / BID | threshold=10000000 | raw_line=➕
2026-08-18 15:49:46 INFO LINE | mode=3 | looking_for=25-10 / BID | threshold=10000000 | raw_line=Gov(included KTB)
2026-08-18 15:49:46 INFO LINE | mode=3 | looking_for=25-10 / BID | threshold=10000000 | raw_line=×
2026-08-18 15:49:46 INFO LINE | mode=3 | looking_for=25-10 / BID | threshold=10000000 | raw_line=26-1 665-
2026-08-18 15:49:46 INFO LINE | mode=3 | looking_for=25-10 / BID | threshold=10000000 | raw_line=26-3 10 -
2026-08-18 15:49:46 INFO LINE | mode=3 | looking_for=25-10 / BID | threshold=10000000 | raw_line=26-6 호가 찾습니다
2026-08-18 15:49:46 INFO LINE | mode=3 | looking_for=25-10 / BID | threshold=10000000 | raw_line=21-5 호가 있으신가요?
2026-08-18 15:49:46 INFO LINE | mode=3 | looking_for=25-10 / BID | threshold=10000000 | raw_line=26-1 67+
2026-08-18 15:49:46 INFO LINE | mode=3 | looking_for=25-10 / BID | threshold=10000000 | raw_line=26-5 84- 10억
2026-08-18 15:49:46 INFO LINE | mode=3 | looking_for=25-10 / BID | threshold=10000000 | raw_line=26-7 72-
2026-08-18 15:49:46 INFO LINE | mode=3 | looking_for=25-10 / BID | threshold=10000000 | raw_line=22-1 -1원 팔자
2026-08-18 15:49:46 INFO LINE | mode=3 | looking_for=25-10 / BID | threshold=10000000 | raw_line=25-10 755 76+
2026-08-18 15:49:46 INFO LINE | mode=3 | looking_for=25-10 / BID | threshold=10000000 | raw_line=26-3  11+
2026-08-18 15:49:46 INFO LINE | mode=3 | looking_for=25-10 / BID | threshold=10000000 | raw_line=26-2 호가 얼마실까요?
2026-08-18 15:49:46 INFO LINE | mode=3 | looking_for=25-10 / BID | threshold=10000000 | raw_line=26-3 10- 10억
2026-08-18 15:49:46 INFO LINE_OMITTED | +104
2026-08-18 15:49:47 INFO EXCEL_CONNECTED | workbook=sample.xlsm sheet=트레이딩
2026-08-18 15:49:47 INFO LINE | mode=3 | looking_for=25-10 / BID | threshold=10000000 | raw_line=REAL-TIME INTELLIGENCE FOR KOREAN BONDS
2026-08-18 15:49:47 INFO LINE | mode=3 | looking_for=25-10 / BID | threshold=10000000 | raw_line=2026.08.18 / 15:49
2026-08-18 15:49:47 INFO LINE | mode=3 | looking_for=25-10 / BID | threshold=10000000 | raw_line=jhacom02@gmail.com
2026-08-18 15:49:47 INFO LINE | mode=3 | looking_for=25-10 / BID | threshold=10000000 | raw_line=Bond Map
2026-08-18 15:49:47 INFO LINE | mode=3 | looking_for=25-10 / BID | threshold=10000000 | raw_line=K-Bond 메신저의 실시간 메시지를 카테고리별로 탐색합니다.
2026-08-18 15:49:47 INFO LINE | mode=3 | looking_for=25-10 / BID | threshold=10000000 | raw_line=➕
2026-08-18 15:49:47 INFO LINE | mode=3 | looking_for=25-10 / BID | threshold=10000000 | raw_line=Gov(included KTB)
2026-08-18 15:49:47 INFO LINE | mode=3 | looking_for=25-10 / BID | threshold=10000000 | raw_line=×
2026-08-18 15:49:47 INFO LINE | mode=3 | looking_for=25-10 / BID | threshold=10000000 | raw_line=26-1 665-
2026-08-18 15:49:47 INFO LINE | mode=3 | looking_for=25-10 / BID | threshold=10000000 | raw_line=26-3 10 -
2026-08-18 15:49:47 INFO LINE | mode=3 | looking_for=25-10 / BID | threshold=10000000 | raw_line=26-6 호가 찾습니다
2026-08-18 15:49:47 INFO LINE | mode=3 | looking_for=25-10 / BID | threshold=10000000 | raw_line=21-5 호가 있으신가요?
2026-08-18 15:49:47 INFO LINE | mode=3 | looking_for=25-10 / BID | threshold=10000000 | raw_line=26-1 67+
2026-08-18 15:49:47 INFO LINE | mode=3 | looking_for=25-10 / BID | threshold=10000000 | raw_line=26-5 84- 10억
2026-08-18 15:49:47 INFO LINE | mode=3 | looking_for=25-10 / BID | threshold=10000000 | raw_line=26-7 72-
2026-08-18 15:49:47 INFO LINE | mode=3 | looking_for=25-10 / BID | threshold=10000000 | raw_line=22-1 -1원 팔자
2026-08-18 15:49:47 INFO LINE | mode=3 | looking_for=25-10 / BID | threshold=10000000 | raw_line=25-10 755 76+
2026-08-18 15:49:47 INFO LINE | mode=3 | looking_for=25-10 / BID | threshold=10000000 | raw_line=26-3  11+
2026-08-18 15:49:47 INFO LINE | mode=3 | looking_for=25-10 / BID | threshold=10000000 | raw_line=26-2 호가 얼마실까요?
2026-08-18 15:49:47 INFO LINE | mode=3 | looking_for=25-10 / BID | threshold=10000000 | raw_line=26-3 10- 10억
2026-08-18 15:49:47 INFO LINE_OMITTED | +107
2026-08-18 15:49:48 INFO EXCEL_CONNECTED | workbook=sample.xlsm sheet=트레이딩
2026-08-18 15:49:48 INFO LINE | mode=3 | looking_for=25-10 / BID | threshold=10000000 | raw_line=REAL-TIME INTELLIGENCE FOR KOREAN BONDS
2026-08-18 15:49:48 INFO LINE | mode=3 | looking_for=25-10 / BID | threshold=10000000 | raw_line=2026.08.18 / 15:49
2026-08-18 15:49:48 INFO LINE | mode=3 | looking_for=25-10 / BID | threshold=10000000 | raw_line=jhacom02@gmail.com
2026-08-18 15:49:48 INFO LINE | mode=3 | looking_for=25-10 / BID | threshold=10000000 | raw_line=Bond Map
2026-08-18 15:49:48 INFO LINE | mode=3 | looking_for=25-10 / BID | threshold=10000000 | raw_line=K-Bond 메신저의 실시간 메시지를 카테고리별로 탐색합니다.
2026-08-18 15:49:48 INFO LINE | mode=3 | looking_for=25-10 / BID | threshold=10000000 | raw_line=➕
2026-08-18 15:49:48 INFO LINE | mode=3 | looking_for=25-10 / BID | threshold=10000000 | raw_line=Gov(included KTB)
2026-08-18 15:49:48 INFO LINE | mode=3 | looking_for=25-10 / BID | threshold=10000000 | raw_line=×
2026-08-18 15:49:48 INFO LINE | mode=3 | looking_for=25-10 / BID | threshold=10000000 | raw_line=26-3 11 + 10
2026-08-18 15:49:48 INFO LINE | mode=3 | looking_for=25-10 / BID | threshold=10000000 | raw_line=26-1 665-
2026-08-18 15:49:48 INFO LINE | mode=3 | looking_for=25-10 / BID | threshold=10000000 | raw_line=26-3 10 -
2026-08-18 15:49:48 INFO LINE | mode=3 | looking_for=25-10 / BID | threshold=10000000 | raw_line=26-6 호가 찾습니다
2026-08-18 15:49:48 INFO LINE | mode=3 | looking_for=25-10 / BID | threshold=10000000 | raw_line=21-5 호가 있으신가요?
2026-08-18 15:49:48 INFO LINE | mode=3 | looking_for=25-10 / BID | threshold=10000000 | raw_line=26-1 67+
2026-08-18 15:49:48 INFO LINE | mode=3 | looking_for=25-10 / BID | threshold=10000000 | raw_line=26-5 84- 10억
2026-08-18 15:49:48 INFO LINE | mode=3 | looking_for=25-10 / BID | threshold=10000000 | raw_line=26-7 72-
2026-08-18 15:49:48 INFO LINE | mode=3 | looking_for=25-10 / BID | threshold=10000000 | raw_line=22-1 -1원 팔자
2026-08-18 15:49:48 INFO LINE | mode=3 | looking_for=25-10 / BID | threshold=10000000 | raw_line=25-10 755 76+
2026-08-18 15:49:48 INFO LINE | mode=3 | looking_for=25-10 / BID | threshold=10000000 | raw_line=26-3  11+
2026-08-18 15:49:48 INFO LINE | mode=3 | looking_for=25-10 / BID | threshold=10000000 | raw_line=26-2 호가 얼마실까요?
2026-08-18 15:49:48 INFO LINE_OMITTED | +111
2026-08-18 15:49:49 INFO EXCEL_CONNECTED | workbook=sample.xlsm sheet=트레이딩
2026-08-18 15:49:49 INFO LINE | mode=3 | looking_for=25-10 / BID | threshold=10000000 | raw_line=REAL-TIME INTELLIGENCE FOR KOREAN BONDS
2026-08-18 15:49:49 INFO LINE | mode=3 | looking_for=25-10 / BID | threshold=10000000 | raw_line=2026.08.18 / 15:49
2026-08-18 15:49:49 INFO LINE | mode=3 | looking_for=25-10 / BID | threshold=10000000 | raw_line=jhacom02@gmail.com
2026-08-18 15:49:49 INFO LINE | mode=3 | looking_for=25-10 / BID | threshold=10000000 | raw_line=Bond Map
2026-08-18 15:49:49 INFO LINE | mode=3 | looking_for=25-10 / BID | threshold=10000000 | raw_line=K-Bond 메신저의 실시간 메시지를 카테고리별로 탐색합니다.
2026-08-18 15:49:49 INFO LINE | mode=3 | looking_for=25-10 / BID | threshold=10000000 | raw_line=➕
2026-08-18 15:49:49 INFO LINE | mode=3 | looking_for=25-10 / BID | threshold=10000000 | raw_line=Gov(included KTB)
2026-08-18 15:49:49 INFO LINE | mode=3 | looking_for=25-10 / BID | threshold=10000000 | raw_line=×
2026-08-18 15:49:49 INFO LINE | mode=3 | looking_for=25-10 / BID | threshold=10000000 | raw_line=26-3 11 + 10
2026-08-18 15:49:49 INFO LINE | mode=3 | looking_for=25-10 / BID | threshold=10000000 | raw_line=26-1 665-
2026-08-18 15:49:49 INFO LINE | mode=3 | looking_for=25-10 / BID | threshold=10000000 | raw_line=26-3 10 -
2026-08-18 15:49:49 INFO LINE | mode=3 | looking_for=25-10 / BID | threshold=10000000 | raw_line=26-6 호가 찾습니다
2026-08-18 15:49:49 INFO LINE | mode=3 | looking_for=25-10 / BID | threshold=10000000 | raw_line=21-5 호가 있으신가요?
2026-08-18 15:49:49 INFO LINE | mode=3 | looking_for=25-10 / BID | threshold=10000000 | raw_line=26-1 67+
2026-08-18 15:49:49 INFO LINE | mode=3 | looking_for=25-10 / BID | threshold=10000000 | raw_line=26-5 84- 10억
2026-08-18 15:49:49 INFO LINE | mode=3 | looking_for=25-10 / BID | threshold=10000000 | raw_line=26-7 72-
2026-08-18 15:49:49 INFO LINE | mode=3 | looking_for=25-10 / BID | threshold=10000000 | raw_line=22-1 -1원 팔자
2026-08-18 15:49:49 INFO LINE | mode=3 | looking_for=25-10 / BID | threshold=10000000 | raw_line=25-10 755 76+
2026-08-18 15:49:49 INFO LINE | mode=3 | looking_for=25-10 / BID | threshold=10000000 | raw_line=26-3  11+
2026-08-18 15:49:49 INFO LINE | mode=3 | looking_for=25-10 / BID | threshold=10000000 | raw_line=26-2 호가 얼마실까요?
2026-08-18 15:49:49 INFO LINE_OMITTED | +109
2026-08-18 15:49:49 INFO EXCEL_CONNECTED | workbook=sample.xlsm sheet=트레이딩
2026-08-18 15:49:49 INFO LINE | mode=3 | looking_for=25-10 / BID | threshold=10000000 | raw_line=REAL-TIME INTELLIGENCE FOR KOREAN BONDS
2026-08-18 15:49:49 INFO LINE | mode=3 | looking_for=25-10 / BID | threshold=10000000 | raw_line=2026.08.18 / 15:49
2026-08-18 15:49:49 INFO LINE | mode=3 | looking_for=25-10 / BID | threshold=10000000 | raw_line=jhacom02@gmail.com
2026-08-18 15:49:49 INFO LINE | mode=3 | looking_for=25-10 / BID | threshold=10000000 | raw_line=Bond Map
2026-08-18 15:49:49 INFO LINE | mode=3 | looking_for=25-10 / BID | threshold=10000000 | raw_line=K-Bond 메신저의 실시간 메시지를 카테고리별로 탐색합니다.
2026-08-18 15:49:49 INFO LINE | mode=3 | looking_for=25-10 / BID | threshold=10000000 | raw_line=➕
2026-08-18 15:49:49 INFO LINE | mode=3 | looking_for=25-10 / BID | threshold=10000000 | raw_line=Gov(included KTB)
2026-08-18 15:49:49 INFO LINE | mode=3 | looking_for=25-10 / BID | threshold=10000000 | raw_line=×
2026-08-18 15:49:49 INFO LINE | mode=3 | looking_for=25-10 / BID | threshold=10000000 | raw_line=26-3 11 + 10
2026-08-18 15:49:49 INFO LINE | mode=3 | looking_for=25-10 / BID | threshold=10000000 | raw_line=26-1 665-
2026-08-18 15:49:49 INFO LINE | mode=3 | looking_for=25-10 / BID | threshold=10000000 | raw_line=26-3 10 -
2026-08-18 15:49:49 INFO LINE | mode=3 | looking_for=25-10 / BID | threshold=10000000 | raw_line=26-6 호가 찾습니다
2026-08-18 15:49:49 INFO LINE | mode=3 | looking_for=25-10 / BID | threshold=10000000 | raw_line=21-5 호가 있으신가요?
2026-08-18 15:49:49 INFO LINE | mode=3 | looking_for=25-10 / BID | threshold=10000000 | raw_line=26-1 67+
2026-08-18 15:49:49 INFO LINE | mode=3 | looking_for=25-10 / BID | threshold=10000000 | raw_line=26-5 84- 10억
2026-08-18 15:49:49 INFO LINE | mode=3 | looking_for=25-10 / BID | threshold=10000000 | raw_line=26-7 72-
2026-08-18 15:49:49 INFO LINE | mode=3 | looking_for=25-10 / BID | threshold=10000000 | raw_line=22-1 -1원 팔자
2026-08-18 15:49:49 INFO LINE | mode=3 | looking_for=25-10 / BID | threshold=10000000 | raw_line=25-10 755 76+
2026-08-18 15:49:49 INFO LINE | mode=3 | looking_for=25-10 / BID | threshold=10000000 | raw_line=26-3  11+
2026-08-18 15:49:49 INFO LINE | mode=3 | looking_for=25-10 / BID | threshold=10000000 | raw_line=26-2 호가 얼마실까요?
2026-08-18 15:49:49 INFO LINE_OMITTED | +109
2026-08-18 15:49:50 INFO EXCEL_CONNECTED | workbook=sample.xlsm sheet=트레이딩
2026-08-18 15:49:50 INFO LINE | mode=3 | looking_for=25-10 / BID | threshold=10000000 | raw_line=REAL-TIME INTELLIGENCE FOR KOREAN BONDS
2026-08-18 15:49:50 INFO LINE | mode=3 | looking_for=25-10 / BID | threshold=10000000 | raw_line=2026.08.18 / 15:49
2026-08-18 15:49:50 INFO LINE | mode=3 | looking_for=25-10 / BID | threshold=10000000 | raw_line=jhacom02@gmail.com
2026-08-18 15:49:50 INFO LINE | mode=3 | looking_for=25-10 / BID | threshold=10000000 | raw_line=Bond Map
2026-08-18 15:49:50 INFO LINE | mode=3 | looking_for=25-10 / BID | threshold=10000000 | raw_line=K-Bond 메신저의 실시간 메시지를 카테고리별로 탐색합니다.
2026-08-18 15:49:50 INFO LINE | mode=3 | looking_for=25-10 / BID | threshold=10000000 | raw_line=➕
2026-08-18 15:49:50 INFO LINE | mode=3 | looking_for=25-10 / BID | threshold=10000000 | raw_line=Gov(included KTB)
2026-08-18 15:49:50 INFO LINE | mode=3 | looking_for=25-10 / BID | threshold=10000000 | raw_line=×
2026-08-18 15:49:50 INFO LINE | mode=3 | looking_for=25-10 / BID | threshold=10000000 | raw_line=26-3 11 + 10
2026-08-18 15:49:50 INFO LINE | mode=3 | looking_for=25-10 / BID | threshold=10000000 | raw_line=26-1 665-
2026-08-18 15:49:50 INFO LINE | mode=3 | looking_for=25-10 / BID | threshold=10000000 | raw_line=26-3 10 -
2026-08-18 15:49:50 INFO LINE | mode=3 | looking_for=25-10 / BID | threshold=10000000 | raw_line=26-6 호가 찾습니다
2026-08-18 15:49:50 INFO LINE | mode=3 | looking_for=25-10 / BID | threshold=10000000 | raw_line=21-5 호가 있으신가요?
2026-08-18 15:49:50 INFO LINE | mode=3 | looking_for=25-10 / BID | threshold=10000000 | raw_line=26-1 67+
2026-08-18 15:49:50 INFO LINE | mode=3 | looking_for=25-10 / BID | threshold=10000000 | raw_line=26-5 84- 10억
2026-08-18 15:49:50 INFO LINE | mode=3 | looking_for=25-10 / BID | threshold=10000000 | raw_line=26-7 72-
2026-08-18 15:49:50 INFO LINE | mode=3 | looking_for=25-10 / BID | threshold=10000000 | raw_line=22-1 -1원 팔자
2026-08-18 15:49:50 INFO LINE | mode=3 | looking_for=25-10 / BID | threshold=10000000 | raw_line=25-10 755 76+
2026-08-18 15:49:50 INFO LINE | mode=3 | looking_for=25-10 / BID | threshold=10000000 | raw_line=26-3  11+
2026-08-18 15:49:50 INFO LINE | mode=3 | looking_for=25-10 / BID | threshold=10000000 | raw_line=26-2 호가 얼마실까요?
2026-08-18 15:49:50 INFO LINE_OMITTED | +109
2026-08-18 15:49:51 INFO EXCEL_CONNECTED | workbook=sample.xlsm sheet=트레이딩
2026-08-18 15:49:51 INFO LINE | mode=3 | looking_for=25-10 / BID | threshold=10000000 | raw_line=REAL-TIME INTELLIGENCE FOR KOREAN BONDS
2026-08-18 15:49:51 INFO LINE | mode=3 | looking_for=25-10 / BID | threshold=10000000 | raw_line=2026.08.18 / 15:49
2026-08-18 15:49:51 INFO LINE | mode=3 | looking_for=25-10 / BID | threshold=10000000 | raw_line=jhacom02@gmail.com
2026-08-18 15:49:51 INFO LINE | mode=3 | looking_for=25-10 / BID | threshold=10000000 | raw_line=Bond Map
2026-08-18 15:49:51 INFO LINE | mode=3 | looking_for=25-10 / BID | threshold=10000000 | raw_line=K-Bond 메신저의 실시간 메시지를 카테고리별로 탐색합니다.
2026-08-18 15:49:51 INFO LINE | mode=3 | looking_for=25-10 / BID | threshold=10000000 | raw_line=➕
2026-08-18 15:49:51 INFO LINE | mode=3 | looking_for=25-10 / BID | threshold=10000000 | raw_line=Gov(included KTB)
2026-08-18 15:49:51 INFO LINE | mode=3 | looking_for=25-10 / BID | threshold=10000000 | raw_line=×
2026-08-18 15:49:51 INFO LINE | mode=3 | looking_for=25-10 / BID | threshold=10000000 | raw_line=26-3 11 + 10
2026-08-18 15:49:51 INFO LINE | mode=3 | looking_for=25-10 / BID | threshold=10000000 | raw_line=26-1 665-
2026-08-18 15:49:51 INFO LINE | mode=3 | looking_for=25-10 / BID | threshold=10000000 | raw_line=26-3 10 -
2026-08-18 15:49:51 INFO LINE | mode=3 | looking_for=25-10 / BID | threshold=10000000 | raw_line=26-6 호가 찾습니다
2026-08-18 15:49:51 INFO LINE | mode=3 | looking_for=25-10 / BID | threshold=10000000 | raw_line=21-5 호가 있으신가요?
2026-08-18 15:49:51 INFO LINE | mode=3 | looking_for=25-10 / BID | threshold=10000000 | raw_line=26-1 67+
2026-08-18 15:49:51 INFO LINE | mode=3 | looking_for=25-10 / BID | threshold=10000000 | raw_line=26-5 84- 10억
2026-08-18 15:49:51 INFO LINE | mode=3 | looking_for=25-10 / BID | threshold=10000000 | raw_line=26-7 72-
2026-08-18 15:49:51 INFO LINE | mode=3 | looking_for=25-10 / BID | threshold=10000000 | raw_line=22-1 -1원 팔자
2026-08-18 15:49:51 INFO LINE | mode=3 | looking_for=25-10 / BID | threshold=10000000 | raw_line=25-10 755 76+
2026-08-18 15:49:51 INFO LINE | mode=3 | looking_for=25-10 / BID | threshold=10000000 | raw_line=26-3  11+
2026-08-18 15:49:51 INFO LINE | mode=3 | looking_for=25-10 / BID | threshold=10000000 | raw_line=26-2 호가 얼마실까요?
2026-08-18 15:49:51 INFO LINE_OMITTED | +109
2026-08-18 15:49:51 INFO EXCEL_CONNECTED | workbook=sample.xlsm sheet=트레이딩
2026-08-18 15:49:52 INFO LINE | mode=3 | looking_for=25-10 / BID | threshold=10000000 | raw_line=REAL-TIME INTELLIGENCE FOR KOREAN BONDS
2026-08-18 15:49:52 INFO LINE | mode=3 | looking_for=25-10 / BID | threshold=10000000 | raw_line=2026.08.18 / 15:49
2026-08-18 15:49:52 INFO LINE | mode=3 | looking_for=25-10 / BID | threshold=10000000 | raw_line=jhacom02@gmail.com
2026-08-18 15:49:52 INFO LINE | mode=3 | looking_for=25-10 / BID | threshold=10000000 | raw_line=Bond Map
2026-08-18 15:49:52 INFO LINE | mode=3 | looking_for=25-10 / BID | threshold=10000000 | raw_line=K-Bond 메신저의 실시간 메시지를 카테고리별로 탐색합니다.
2026-08-18 15:49:52 INFO LINE | mode=3 | looking_for=25-10 / BID | threshold=10000000 | raw_line=➕
2026-08-18 15:49:52 INFO LINE | mode=3 | looking_for=25-10 / BID | threshold=10000000 | raw_line=Gov(included KTB)
2026-08-18 15:49:52 INFO LINE | mode=3 | looking_for=25-10 / BID | threshold=10000000 | raw_line=×
2026-08-18 15:49:52 INFO LINE | mode=3 | looking_for=25-10 / BID | threshold=10000000 | raw_line=26-5 84-
2026-08-18 15:49:52 INFO LINE | mode=3 | looking_for=25-10 / BID | threshold=10000000 | raw_line=26-1 665- 50억
2026-08-18 15:49:52 INFO LINE | mode=3 | looking_for=25-10 / BID | threshold=10000000 | raw_line=26-3 11 + 10
2026-08-18 15:49:52 INFO LINE | mode=3 | looking_for=25-10 / BID | threshold=10000000 | raw_line=26-1 665-
2026-08-18 15:49:52 INFO LINE | mode=3 | looking_for=25-10 / BID | threshold=10000000 | raw_line=26-3 10 -
2026-08-18 15:49:52 INFO LINE | mode=3 | looking_for=25-10 / BID | threshold=10000000 | raw_line=26-6 호가 찾습니다
2026-08-18 15:49:52 INFO LINE | mode=3 | looking_for=25-10 / BID | threshold=10000000 | raw_line=21-5 호가 있으신가요?
2026-08-18 15:49:52 INFO LINE | mode=3 | looking_for=25-10 / BID | threshold=10000000 | raw_line=26-1 67+
2026-08-18 15:49:52 INFO LINE | mode=3 | looking_for=25-10 / BID | threshold=10000000 | raw_line=26-5 84- 10억
2026-08-18 15:49:52 INFO LINE | mode=3 | looking_for=25-10 / BID | threshold=10000000 | raw_line=26-7 72-
2026-08-18 15:49:52 INFO LINE | mode=3 | looking_for=25-10 / BID | threshold=10000000 | raw_line=22-1 -1원 팔자
2026-08-18 15:49:52 INFO LINE | mode=3 | looking_for=25-10 / BID | threshold=10000000 | raw_line=25-10 755 76+
2026-08-18 15:49:52 INFO LINE_OMITTED | +110
2026-08-18 15:49:52 INFO EXCEL_CONNECTED | workbook=sample.xlsm sheet=트레이딩
2026-08-18 15:49:52 INFO LINE | mode=3 | looking_for=25-10 / BID | threshold=10000000 | raw_line=REAL-TIME INTELLIGENCE FOR KOREAN BONDS
2026-08-18 15:49:52 INFO LINE | mode=3 | looking_for=25-10 / BID | threshold=10000000 | raw_line=2026.08.18 / 15:49
2026-08-18 15:49:52 INFO LINE | mode=3 | looking_for=25-10 / BID | threshold=10000000 | raw_line=jhacom02@gmail.com
2026-08-18 15:49:52 INFO LINE | mode=3 | looking_for=25-10 / BID | threshold=10000000 | raw_line=Bond Map
2026-08-18 15:49:52 INFO LINE | mode=3 | looking_for=25-10 / BID | threshold=10000000 | raw_line=K-Bond 메신저의 실시간 메시지를 카테고리별로 탐색합니다.
2026-08-18 15:49:52 INFO LINE | mode=3 | looking_for=25-10 / BID | threshold=10000000 | raw_line=➕
2026-08-18 15:49:52 INFO LINE | mode=3 | looking_for=25-10 / BID | threshold=10000000 | raw_line=Gov(included KTB)
2026-08-18 15:49:52 INFO LINE | mode=3 | looking_for=25-10 / BID | threshold=10000000 | raw_line=×
2026-08-18 15:49:52 INFO LINE | mode=3 | looking_for=25-10 / BID | threshold=10000000 | raw_line=26-5 845+
2026-08-18 15:49:52 INFO LINE | mode=3 | looking_for=25-10 / BID | threshold=10000000 | raw_line=26-5 84-
2026-08-18 15:49:52 INFO LINE | mode=3 | looking_for=25-10 / BID | threshold=10000000 | raw_line=26-1 665- 50억
2026-08-18 15:49:52 INFO LINE | mode=3 | looking_for=25-10 / BID | threshold=10000000 | raw_line=26-3 11 + 10
2026-08-18 15:49:52 INFO LINE | mode=3 | looking_for=25-10 / BID | threshold=10000000 | raw_line=26-1 665-
2026-08-18 15:49:52 INFO LINE | mode=3 | looking_for=25-10 / BID | threshold=10000000 | raw_line=26-3 10 -
2026-08-18 15:49:52 INFO LINE | mode=3 | looking_for=25-10 / BID | threshold=10000000 | raw_line=26-6 호가 찾습니다
2026-08-18 15:49:52 INFO LINE | mode=3 | looking_for=25-10 / BID | threshold=10000000 | raw_line=21-5 호가 있으신가요?
2026-08-18 15:49:52 INFO LINE | mode=3 | looking_for=25-10 / BID | threshold=10000000 | raw_line=26-1 67+
2026-08-18 15:49:52 INFO LINE | mode=3 | looking_for=25-10 / BID | threshold=10000000 | raw_line=26-5 84- 10억
2026-08-18 15:49:52 INFO LINE | mode=3 | looking_for=25-10 / BID | threshold=10000000 | raw_line=26-7 72-
2026-08-18 15:49:52 INFO LINE | mode=3 | looking_for=25-10 / BID | threshold=10000000 | raw_line=22-1 -1원 팔자
2026-08-18 15:49:52 INFO LINE_OMITTED | +102
2026-08-18 15:49:53 INFO EXCEL_CONNECTED | workbook=sample.xlsm sheet=트레이딩
2026-08-18 15:49:53 INFO LINE | mode=3 | looking_for=25-10 / BID | threshold=10000000 | raw_line=REAL-TIME INTELLIGENCE FOR KOREAN BONDS
2026-08-18 15:49:53 INFO LINE | mode=3 | looking_for=25-10 / BID | threshold=10000000 | raw_line=2026.08.18 / 15:49
2026-08-18 15:49:53 INFO LINE | mode=3 | looking_for=25-10 / BID | threshold=10000000 | raw_line=jhacom02@gmail.com
2026-08-18 15:49:53 INFO LINE | mode=3 | looking_for=25-10 / BID | threshold=10000000 | raw_line=Bond Map
2026-08-18 15:49:53 INFO LINE | mode=3 | looking_for=25-10 / BID | threshold=10000000 | raw_line=K-Bond 메신저의 실시간 메시지를 카테고리별로 탐색합니다.
2026-08-18 15:49:53 INFO LINE | mode=3 | looking_for=25-10 / BID | threshold=10000000 | raw_line=➕
2026-08-18 15:49:53 INFO LINE | mode=3 | looking_for=25-10 / BID | threshold=10000000 | raw_line=Gov(included KTB)
2026-08-18 15:49:53 INFO LINE | mode=3 | looking_for=25-10 / BID | threshold=10000000 | raw_line=×
2026-08-18 15:49:53 INFO LINE | mode=3 | looking_for=25-10 / BID | threshold=10000000 | raw_line=26-5 845+
2026-08-18 15:49:53 INFO LINE | mode=3 | looking_for=25-10 / BID | threshold=10000000 | raw_line=26-5 84-
2026-08-18 15:49:53 INFO LINE | mode=3 | looking_for=25-10 / BID | threshold=10000000 | raw_line=26-1 665- 50억
2026-08-18 15:49:53 INFO LINE | mode=3 | looking_for=25-10 / BID | threshold=10000000 | raw_line=26-3 11 + 10
2026-08-18 15:49:53 INFO LINE | mode=3 | looking_for=25-10 / BID | threshold=10000000 | raw_line=26-1 665-
2026-08-18 15:49:53 INFO LINE | mode=3 | looking_for=25-10 / BID | threshold=10000000 | raw_line=26-3 10 -
2026-08-18 15:49:53 INFO LINE | mode=3 | looking_for=25-10 / BID | threshold=10000000 | raw_line=26-6 호가 찾습니다
2026-08-18 15:49:53 INFO LINE | mode=3 | looking_for=25-10 / BID | threshold=10000000 | raw_line=21-5 호가 있으신가요?
2026-08-18 15:49:53 INFO LINE | mode=3 | looking_for=25-10 / BID | threshold=10000000 | raw_line=26-1 67+
2026-08-18 15:49:53 INFO LINE | mode=3 | looking_for=25-10 / BID | threshold=10000000 | raw_line=26-5 84- 10억
2026-08-18 15:49:53 INFO LINE | mode=3 | looking_for=25-10 / BID | threshold=10000000 | raw_line=26-7 72-
2026-08-18 15:49:53 INFO LINE | mode=3 | looking_for=25-10 / BID | threshold=10000000 | raw_line=22-1 -1원 팔자
2026-08-18 15:49:53 INFO LINE_OMITTED | +111
2026-08-18 15:49:54 INFO EXCEL_CONNECTED | workbook=sample.xlsm sheet=트레이딩
2026-08-18 15:49:54 INFO LINE | mode=3 | looking_for=25-10 / BID | threshold=10000000 | raw_line=REAL-TIME INTELLIGENCE FOR KOREAN BONDS
2026-08-18 15:49:54 INFO LINE | mode=3 | looking_for=25-10 / BID | threshold=10000000 | raw_line=2026.08.18 / 15:49
2026-08-18 15:49:54 INFO LINE | mode=3 | looking_for=25-10 / BID | threshold=10000000 | raw_line=jhacom02@gmail.com
2026-08-18 15:49:54 INFO LINE | mode=3 | looking_for=25-10 / BID | threshold=10000000 | raw_line=Bond Map
2026-08-18 15:49:54 INFO LINE | mode=3 | looking_for=25-10 / BID | threshold=10000000 | raw_line=K-Bond 메신저의 실시간 메시지를 카테고리별로 탐색합니다.
2026-08-18 15:49:54 INFO LINE | mode=3 | looking_for=25-10 / BID | threshold=10000000 | raw_line=➕
2026-08-18 15:49:54 INFO LINE | mode=3 | looking_for=25-10 / BID | threshold=10000000 | raw_line=Gov(included KTB)
2026-08-18 15:49:54 INFO LINE | mode=3 | looking_for=25-10 / BID | threshold=10000000 | raw_line=×
2026-08-18 15:49:54 INFO LINE | mode=3 | looking_for=25-10 / BID | threshold=10000000 | raw_line=26-3 11 115 셋사자 선 60억
2026-08-18 15:49:54 INFO LINE | mode=3 | looking_for=25-10 / BID | threshold=10000000 | raw_line=26-5 85+ 50억
2026-08-18 15:49:54 INFO LINE | mode=3 | looking_for=25-10 / BID | threshold=10000000 | raw_line=26-5 845+
2026-08-18 15:49:54 INFO LINE | mode=3 | looking_for=25-10 / BID | threshold=10000000 | raw_line=26-5 84-
2026-08-18 15:49:54 INFO LINE | mode=3 | looking_for=25-10 / BID | threshold=10000000 | raw_line=26-1 665- 50억
2026-08-18 15:49:54 INFO LINE | mode=3 | looking_for=25-10 / BID | threshold=10000000 | raw_line=26-3 11 + 10
2026-08-18 15:49:54 INFO LINE | mode=3 | looking_for=25-10 / BID | threshold=10000000 | raw_line=26-1 665-
2026-08-18 15:49:54 INFO LINE | mode=3 | looking_for=25-10 / BID | threshold=10000000 | raw_line=26-3 10 -
2026-08-18 15:49:54 INFO LINE | mode=3 | looking_for=25-10 / BID | threshold=10000000 | raw_line=26-6 호가 찾습니다
2026-08-18 15:49:54 INFO LINE | mode=3 | looking_for=25-10 / BID | threshold=10000000 | raw_line=21-5 호가 있으신가요?
2026-08-18 15:49:54 INFO LINE | mode=3 | looking_for=25-10 / BID | threshold=10000000 | raw_line=26-1 67+
2026-08-18 15:49:54 INFO LINE | mode=3 | looking_for=25-10 / BID | threshold=10000000 | raw_line=26-5 84- 10억
2026-08-18 15:49:54 INFO LINE_OMITTED | +111
2026-08-18 15:49:54 INFO EXCEL_CONNECTED | workbook=sample.xlsm sheet=트레이딩
2026-08-18 15:49:54 INFO LINE | mode=3 | looking_for=25-10 / BID | threshold=10000000 | raw_line=REAL-TIME INTELLIGENCE FOR KOREAN BONDS
2026-08-18 15:49:54 INFO LINE | mode=3 | looking_for=25-10 / BID | threshold=10000000 | raw_line=2026.08.18 / 15:49
2026-08-18 15:49:54 INFO LINE | mode=3 | looking_for=25-10 / BID | threshold=10000000 | raw_line=jhacom02@gmail.com
2026-08-18 15:49:54 INFO LINE | mode=3 | looking_for=25-10 / BID | threshold=10000000 | raw_line=Bond Map
2026-08-18 15:49:54 INFO LINE | mode=3 | looking_for=25-10 / BID | threshold=10000000 | raw_line=K-Bond 메신저의 실시간 메시지를 카테고리별로 탐색합니다.
2026-08-18 15:49:54 INFO LINE | mode=3 | looking_for=25-10 / BID | threshold=10000000 | raw_line=➕
2026-08-18 15:49:54 INFO LINE | mode=3 | looking_for=25-10 / BID | threshold=10000000 | raw_line=Gov(included KTB)
2026-08-18 15:49:54 INFO LINE | mode=3 | looking_for=25-10 / BID | threshold=10000000 | raw_line=×
2026-08-18 15:49:54 INFO LINE | mode=3 | looking_for=25-10 / BID | threshold=10000000 | raw_line=26-1
2026-08-18 15:49:54 INFO LINE | mode=3 | looking_for=25-10 / BID | threshold=10000000 | raw_line=26-3 11 115 셋사자 선 60억
2026-08-18 15:49:54 INFO LINE | mode=3 | looking_for=25-10 / BID | threshold=10000000 | raw_line=26-5 85+ 50억
2026-08-18 15:49:54 INFO LINE | mode=3 | looking_for=25-10 / BID | threshold=10000000 | raw_line=26-5 845+
2026-08-18 15:49:54 INFO LINE | mode=3 | looking_for=25-10 / BID | threshold=10000000 | raw_line=26-5 84-
2026-08-18 15:49:54 INFO LINE | mode=3 | looking_for=25-10 / BID | threshold=10000000 | raw_line=26-1 665- 50억
2026-08-18 15:49:54 INFO LINE | mode=3 | looking_for=25-10 / BID | threshold=10000000 | raw_line=26-3 11 + 10
2026-08-18 15:49:54 INFO LINE | mode=3 | looking_for=25-10 / BID | threshold=10000000 | raw_line=26-1 665-
2026-08-18 15:49:54 INFO LINE | mode=3 | looking_for=25-10 / BID | threshold=10000000 | raw_line=26-3 10 -
2026-08-18 15:49:54 INFO LINE | mode=3 | looking_for=25-10 / BID | threshold=10000000 | raw_line=26-6 호가 찾습니다
2026-08-18 15:49:54 INFO LINE | mode=3 | looking_for=25-10 / BID | threshold=10000000 | raw_line=21-5 호가 있으신가요?
2026-08-18 15:49:54 INFO LINE | mode=3 | looking_for=25-10 / BID | threshold=10000000 | raw_line=26-1 67+
2026-08-18 15:49:54 INFO LINE_OMITTED | +102
2026-08-18 15:49:55 INFO EXCEL_CONNECTED | workbook=sample.xlsm sheet=트레이딩
2026-08-18 15:49:55 INFO LINE | mode=3 | looking_for=25-10 / BID | threshold=10000000 | raw_line=REAL-TIME INTELLIGENCE FOR KOREAN BONDS
2026-08-18 15:49:55 INFO LINE | mode=3 | looking_for=25-10 / BID | threshold=10000000 | raw_line=2026.08.18 / 15:49
2026-08-18 15:49:55 INFO LINE | mode=3 | looking_for=25-10 / BID | threshold=10000000 | raw_line=jhacom02@gmail.com
2026-08-18 15:49:55 INFO LINE | mode=3 | looking_for=25-10 / BID | threshold=10000000 | raw_line=Bond Map
2026-08-18 15:49:55 INFO LINE | mode=3 | looking_for=25-10 / BID | threshold=10000000 | raw_line=K-Bond 메신저의 실시간 메시지를 카테고리별로 탐색합니다.
2026-08-18 15:49:55 INFO LINE | mode=3 | looking_for=25-10 / BID | threshold=10000000 | raw_line=➕
2026-08-18 15:49:55 INFO LINE | mode=3 | looking_for=25-10 / BID | threshold=10000000 | raw_line=Gov(included KTB)
2026-08-18 15:49:55 INFO LINE | mode=3 | looking_for=25-10 / BID | threshold=10000000 | raw_line=×
2026-08-18 15:49:55 INFO LINE | mode=3 | looking_for=25-10 / BID | threshold=10000000 | raw_line=26-1
2026-08-18 15:49:55 INFO LINE | mode=3 | looking_for=25-10 / BID | threshold=10000000 | raw_line=26-3 11 115 셋사자 선 60억
2026-08-18 15:49:55 INFO LINE | mode=3 | looking_for=25-10 / BID | threshold=10000000 | raw_line=26-5 85+ 50억
2026-08-18 15:49:55 INFO LINE | mode=3 | looking_for=25-10 / BID | threshold=10000000 | raw_line=26-5 845+
2026-08-18 15:49:55 INFO LINE | mode=3 | looking_for=25-10 / BID | threshold=10000000 | raw_line=26-5 84-
2026-08-18 15:49:55 INFO LINE | mode=3 | looking_for=25-10 / BID | threshold=10000000 | raw_line=26-1 665- 50억
2026-08-18 15:49:55 INFO LINE | mode=3 | looking_for=25-10 / BID | threshold=10000000 | raw_line=26-3 11 + 10
2026-08-18 15:49:55 INFO LINE | mode=3 | looking_for=25-10 / BID | threshold=10000000 | raw_line=26-1 665-
2026-08-18 15:49:55 INFO LINE | mode=3 | looking_for=25-10 / BID | threshold=10000000 | raw_line=26-3 10 -
2026-08-18 15:49:55 INFO LINE | mode=3 | looking_for=25-10 / BID | threshold=10000000 | raw_line=26-6 호가 찾습니다
2026-08-18 15:49:55 INFO LINE | mode=3 | looking_for=25-10 / BID | threshold=10000000 | raw_line=21-5 호가 있으신가요?
2026-08-18 15:49:55 INFO LINE | mode=3 | looking_for=25-10 / BID | threshold=10000000 | raw_line=26-1 67+
2026-08-18 15:49:55 INFO LINE_OMITTED | +110
2026-08-18 15:49:56 INFO EXCEL_CONNECTED | workbook=sample.xlsm sheet=트레이딩
2026-08-18 15:49:56 INFO LINE | mode=3 | looking_for=25-10 / BID | threshold=10000000 | raw_line=REAL-TIME INTELLIGENCE FOR KOREAN BONDS
2026-08-18 15:49:56 INFO LINE | mode=3 | looking_for=25-10 / BID | threshold=10000000 | raw_line=2026.08.18 / 15:49
2026-08-18 15:49:56 INFO LINE | mode=3 | looking_for=25-10 / BID | threshold=10000000 | raw_line=jhacom02@gmail.com
2026-08-18 15:49:56 INFO LINE | mode=3 | looking_for=25-10 / BID | threshold=10000000 | raw_line=Bond Map
2026-08-18 15:49:56 INFO LINE | mode=3 | looking_for=25-10 / BID | threshold=10000000 | raw_line=K-Bond 메신저의 실시간 메시지를 카테고리별로 탐색합니다.
2026-08-18 15:49:56 INFO LINE | mode=3 | looking_for=25-10 / BID | threshold=10000000 | raw_line=➕
2026-08-18 15:49:56 INFO LINE | mode=3 | looking_for=25-10 / BID | threshold=10000000 | raw_line=Gov(included KTB)
2026-08-18 15:49:56 INFO LINE | mode=3 | looking_for=25-10 / BID | threshold=10000000 | raw_line=×
2026-08-18 15:49:56 INFO LINE | mode=3 | looking_for=25-10 / BID | threshold=10000000 | raw_line=26-1
2026-08-18 15:49:56 INFO LINE | mode=3 | looking_for=25-10 / BID | threshold=10000000 | raw_line=26-3 11 115 셋사자 선 60억
2026-08-18 15:49:56 INFO LINE | mode=3 | looking_for=25-10 / BID | threshold=10000000 | raw_line=26-5 85+ 50억
2026-08-18 15:49:56 INFO LINE | mode=3 | looking_for=25-10 / BID | threshold=10000000 | raw_line=26-5 845+
2026-08-18 15:49:56 INFO LINE | mode=3 | looking_for=25-10 / BID | threshold=10000000 | raw_line=26-5 84-
2026-08-18 15:49:56 INFO LINE | mode=3 | looking_for=25-10 / BID | threshold=10000000 | raw_line=26-1 665- 50억
2026-08-18 15:49:56 INFO LINE | mode=3 | looking_for=25-10 / BID | threshold=10000000 | raw_line=26-3 11 + 10
2026-08-18 15:49:56 INFO LINE | mode=3 | looking_for=25-10 / BID | threshold=10000000 | raw_line=26-1 665-
2026-08-18 15:49:56 INFO LINE | mode=3 | looking_for=25-10 / BID | threshold=10000000 | raw_line=26-3 10 -
2026-08-18 15:49:56 INFO LINE | mode=3 | looking_for=25-10 / BID | threshold=10000000 | raw_line=26-6 호가 찾습니다
2026-08-18 15:49:56 INFO LINE | mode=3 | looking_for=25-10 / BID | threshold=10000000 | raw_line=21-5 호가 있으신가요?
2026-08-18 15:49:56 INFO LINE | mode=3 | looking_for=25-10 / BID | threshold=10000000 | raw_line=26-1 67+
2026-08-18 15:49:56 INFO LINE_OMITTED | +111
2026-08-18 15:49:56 INFO EXCEL_CONNECTED | workbook=sample.xlsm sheet=트레이딩
2026-08-18 15:49:57 INFO LINE | mode=3 | looking_for=25-10 / BID | threshold=10000000 | raw_line=REAL-TIME INTELLIGENCE FOR KOREAN BONDS
2026-08-18 15:49:57 INFO LINE | mode=3 | looking_for=25-10 / BID | threshold=10000000 | raw_line=2026.08.18 / 15:49
2026-08-18 15:49:57 INFO LINE | mode=3 | looking_for=25-10 / BID | threshold=10000000 | raw_line=jhacom02@gmail.com
2026-08-18 15:49:57 INFO LINE | mode=3 | looking_for=25-10 / BID | threshold=10000000 | raw_line=Bond Map
2026-08-18 15:49:57 INFO LINE | mode=3 | looking_for=25-10 / BID | threshold=10000000 | raw_line=K-Bond 메신저의 실시간 메시지를 카테고리별로 탐색합니다.
2026-08-18 15:49:57 INFO LINE | mode=3 | looking_for=25-10 / BID | threshold=10000000 | raw_line=➕
2026-08-18 15:49:57 INFO LINE | mode=3 | looking_for=25-10 / BID | threshold=10000000 | raw_line=Gov(included KTB)
2026-08-18 15:49:57 INFO LINE | mode=3 | looking_for=25-10 / BID | threshold=10000000 | raw_line=×
2026-08-18 15:49:57 INFO LINE | mode=3 | looking_for=25-10 / BID | threshold=10000000 | raw_line=26-3 10- 50억
2026-08-18 15:49:57 INFO LINE | mode=3 | looking_for=25-10 / BID | threshold=10000000 | raw_line=26-1
2026-08-18 15:49:57 INFO LINE | mode=3 | looking_for=25-10 / BID | threshold=10000000 | raw_line=26-3 11 115 셋사자 선 60억
2026-08-18 15:49:57 INFO LINE | mode=3 | looking_for=25-10 / BID | threshold=10000000 | raw_line=26-5 85+ 50억
2026-08-18 15:49:57 INFO LINE | mode=3 | looking_for=25-10 / BID | threshold=10000000 | raw_line=26-5 845+
2026-08-18 15:49:57 INFO LINE | mode=3 | looking_for=25-10 / BID | threshold=10000000 | raw_line=26-5 84-
2026-08-18 15:49:57 INFO LINE | mode=3 | looking_for=25-10 / BID | threshold=10000000 | raw_line=26-1 665- 50억
2026-08-18 15:49:57 INFO LINE | mode=3 | looking_for=25-10 / BID | threshold=10000000 | raw_line=26-3 11 + 10
2026-08-18 15:49:57 INFO LINE | mode=3 | looking_for=25-10 / BID | threshold=10000000 | raw_line=26-1 665-
2026-08-18 15:49:57 INFO LINE | mode=3 | looking_for=25-10 / BID | threshold=10000000 | raw_line=26-3 10 -
2026-08-18 15:49:57 INFO LINE | mode=3 | looking_for=25-10 / BID | threshold=10000000 | raw_line=26-6 호가 찾습니다
2026-08-18 15:49:57 INFO LINE | mode=3 | looking_for=25-10 / BID | threshold=10000000 | raw_line=21-5 호가 있으신가요?
2026-08-18 15:49:57 INFO LINE_OMITTED | +111
2026-08-18 15:49:57 INFO EXCEL_CONNECTED | workbook=sample.xlsm sheet=트레이딩
2026-08-18 15:49:57 INFO LINE | mode=3 | looking_for=25-10 / BID | threshold=10000000 | raw_line=REAL-TIME INTELLIGENCE FOR KOREAN BONDS
2026-08-18 15:49:57 INFO LINE | mode=3 | looking_for=25-10 / BID | threshold=10000000 | raw_line=2026.08.18 / 15:49
2026-08-18 15:49:57 INFO LINE | mode=3 | looking_for=25-10 / BID | threshold=10000000 | raw_line=jhacom02@gmail.com
2026-08-18 15:49:57 INFO LINE | mode=3 | looking_for=25-10 / BID | threshold=10000000 | raw_line=Bond Map
2026-08-18 15:49:57 INFO LINE | mode=3 | looking_for=25-10 / BID | threshold=10000000 | raw_line=K-Bond 메신저의 실시간 메시지를 카테고리별로 탐색합니다.
2026-08-18 15:49:57 INFO LINE | mode=3 | looking_for=25-10 / BID | threshold=10000000 | raw_line=➕
2026-08-18 15:49:57 INFO LINE | mode=3 | looking_for=25-10 / BID | threshold=10000000 | raw_line=Gov(included KTB)
2026-08-18 15:49:57 INFO LINE | mode=3 | looking_for=25-10 / BID | threshold=10000000 | raw_line=×
2026-08-18 15:49:57 INFO LINE | mode=3 | looking_for=25-10 / BID | threshold=10000000 | raw_line=26-3 10- 50억
2026-08-18 15:49:57 INFO LINE | mode=3 | looking_for=25-10 / BID | threshold=10000000 | raw_line=26-1
2026-08-18 15:49:57 INFO LINE | mode=3 | looking_for=25-10 / BID | threshold=10000000 | raw_line=26-3 11 115 셋사자 선 60억
2026-08-18 15:49:57 INFO LINE | mode=3 | looking_for=25-10 / BID | threshold=10000000 | raw_line=26-5 85+ 50억
2026-08-18 15:49:57 INFO LINE | mode=3 | looking_for=25-10 / BID | threshold=10000000 | raw_line=26-5 845+
2026-08-18 15:49:57 INFO LINE | mode=3 | looking_for=25-10 / BID | threshold=10000000 | raw_line=26-5 84-
2026-08-18 15:49:57 INFO LINE | mode=3 | looking_for=25-10 / BID | threshold=10000000 | raw_line=26-1 665- 50억
2026-08-18 15:49:57 INFO LINE | mode=3 | looking_for=25-10 / BID | threshold=10000000 | raw_line=26-3 11 + 10
2026-08-18 15:49:57 INFO LINE | mode=3 | looking_for=25-10 / BID | threshold=10000000 | raw_line=26-1 665-
2026-08-18 15:49:57 INFO LINE | mode=3 | looking_for=25-10 / BID | threshold=10000000 | raw_line=26-3 10 -
2026-08-18 15:49:57 INFO LINE | mode=3 | looking_for=25-10 / BID | threshold=10000000 | raw_line=26-6 호가 찾습니다
2026-08-18 15:49:57 INFO LINE | mode=3 | looking_for=25-10 / BID | threshold=10000000 | raw_line=21-5 호가 있으신가요?
2026-08-18 15:49:57 INFO LINE_OMITTED | +110
2026-08-18 15:49:58 INFO EXCEL_CONNECTED | workbook=sample.xlsm sheet=트레이딩
2026-08-18 15:49:58 INFO LINE | mode=3 | looking_for=25-10 / BID | threshold=10000000 | raw_line=REAL-TIME INTELLIGENCE FOR KOREAN BONDS
2026-08-18 15:49:58 INFO LINE | mode=3 | looking_for=25-10 / BID | threshold=10000000 | raw_line=2026.08.18 / 15:49
2026-08-18 15:49:58 INFO LINE | mode=3 | looking_for=25-10 / BID | threshold=10000000 | raw_line=jhacom02@gmail.com
2026-08-18 15:49:58 INFO LINE | mode=3 | looking_for=25-10 / BID | threshold=10000000 | raw_line=Bond Map
2026-08-18 15:49:58 INFO LINE | mode=3 | looking_for=25-10 / BID | threshold=10000000 | raw_line=K-Bond 메신저의 실시간 메시지를 카테고리별로 탐색합니다.
2026-08-18 15:49:58 INFO LINE | mode=3 | looking_for=25-10 / BID | threshold=10000000 | raw_line=➕
2026-08-18 15:49:58 INFO LINE | mode=3 | looking_for=25-10 / BID | threshold=10000000 | raw_line=Gov(included KTB)
2026-08-18 15:49:58 INFO LINE | mode=3 | looking_for=25-10 / BID | threshold=10000000 | raw_line=×
2026-08-18 15:49:58 INFO LINE | mode=3 | looking_for=25-10 / BID | threshold=10000000 | raw_line=26-3 10- 50억
2026-08-18 15:49:58 INFO LINE | mode=3 | looking_for=25-10 / BID | threshold=10000000 | raw_line=26-1
2026-08-18 15:49:58 INFO LINE | mode=3 | looking_for=25-10 / BID | threshold=10000000 | raw_line=26-3 11 115 셋사자 선 60억
2026-08-18 15:49:58 INFO LINE | mode=3 | looking_for=25-10 / BID | threshold=10000000 | raw_line=26-5 85+ 50억
2026-08-18 15:49:58 INFO LINE | mode=3 | looking_for=25-10 / BID | threshold=10000000 | raw_line=26-5 845+
2026-08-18 15:49:58 INFO LINE | mode=3 | looking_for=25-10 / BID | threshold=10000000 | raw_line=26-5 84-
2026-08-18 15:49:58 INFO LINE | mode=3 | looking_for=25-10 / BID | threshold=10000000 | raw_line=26-1 665- 50억
2026-08-18 15:49:58 INFO LINE | mode=3 | looking_for=25-10 / BID | threshold=10000000 | raw_line=26-3 11 + 10
2026-08-18 15:49:58 INFO LINE | mode=3 | looking_for=25-10 / BID | threshold=10000000 | raw_line=26-1 665-
2026-08-18 15:49:58 INFO LINE | mode=3 | looking_for=25-10 / BID | threshold=10000000 | raw_line=26-3 10 -
2026-08-18 15:49:58 INFO LINE | mode=3 | looking_for=25-10 / BID | threshold=10000000 | raw_line=26-6 호가 찾습니다
2026-08-18 15:49:58 INFO LINE | mode=3 | looking_for=25-10 / BID | threshold=10000000 | raw_line=21-5 호가 있으신가요?
2026-08-18 15:49:58 INFO LINE_OMITTED | +111
2026-08-18 15:49:59 INFO EXCEL_CONNECTED | workbook=sample.xlsm sheet=트레이딩
2026-08-18 15:49:59 INFO LINE | mode=3 | looking_for=25-10 / BID | threshold=10000000 | raw_line=REAL-TIME INTELLIGENCE FOR KOREAN BONDS
2026-08-18 15:49:59 INFO LINE | mode=3 | looking_for=25-10 / BID | threshold=10000000 | raw_line=2026.08.18 / 15:49
2026-08-18 15:49:59 INFO LINE | mode=3 | looking_for=25-10 / BID | threshold=10000000 | raw_line=jhacom02@gmail.com
2026-08-18 15:49:59 INFO LINE | mode=3 | looking_for=25-10 / BID | threshold=10000000 | raw_line=Bond Map
2026-08-18 15:49:59 INFO LINE | mode=3 | looking_for=25-10 / BID | threshold=10000000 | raw_line=K-Bond 메신저의 실시간 메시지를 카테고리별로 탐색합니다.
2026-08-18 15:49:59 INFO LINE | mode=3 | looking_for=25-10 / BID | threshold=10000000 | raw_line=➕
2026-08-18 15:49:59 INFO LINE | mode=3 | looking_for=25-10 / BID | threshold=10000000 | raw_line=Gov(included KTB)
2026-08-18 15:49:59 INFO LINE | mode=3 | looking_for=25-10 / BID | threshold=10000000 | raw_line=×
2026-08-18 15:49:59 INFO LINE | mode=3 | looking_for=25-10 / BID | threshold=10000000 | raw_line=26-3 10- 50억
2026-08-18 15:49:59 INFO LINE | mode=3 | looking_for=25-10 / BID | threshold=10000000 | raw_line=26-1
2026-08-18 15:49:59 INFO LINE | mode=3 | looking_for=25-10 / BID | threshold=10000000 | raw_line=26-3 11 115 셋사자 선 60억
2026-08-18 15:49:59 INFO LINE | mode=3 | looking_for=25-10 / BID | threshold=10000000 | raw_line=26-5 85+ 50억
2026-08-18 15:49:59 INFO LINE | mode=3 | looking_for=25-10 / BID | threshold=10000000 | raw_line=26-5 845+
2026-08-18 15:49:59 INFO LINE | mode=3 | looking_for=25-10 / BID | threshold=10000000 | raw_line=26-5 84-
2026-08-18 15:49:59 INFO LINE | mode=3 | looking_for=25-10 / BID | threshold=10000000 | raw_line=26-1 665- 50억
2026-08-18 15:49:59 INFO LINE | mode=3 | looking_for=25-10 / BID | threshold=10000000 | raw_line=26-3 11 + 10
2026-08-18 15:49:59 INFO LINE | mode=3 | looking_for=25-10 / BID | threshold=10000000 | raw_line=26-1 665-
2026-08-18 15:49:59 INFO LINE | mode=3 | looking_for=25-10 / BID | threshold=10000000 | raw_line=26-3 10 -
2026-08-18 15:49:59 INFO LINE | mode=3 | looking_for=25-10 / BID | threshold=10000000 | raw_line=26-6 호가 찾습니다
2026-08-18 15:49:59 INFO LINE | mode=3 | looking_for=25-10 / BID | threshold=10000000 | raw_line=21-5 호가 있으신가요?
2026-08-18 15:49:59 INFO LINE_OMITTED | +111
2026-08-18 15:49:59 INFO EXCEL_CONNECTED | workbook=sample.xlsm sheet=트레이딩
2026-08-18 15:49:59 INFO LINE | mode=3 | looking_for=25-10 / BID | threshold=10000000 | raw_line=REAL-TIME INTELLIGENCE FOR KOREAN BONDS
2026-08-18 15:49:59 INFO LINE | mode=3 | looking_for=25-10 / BID | threshold=10000000 | raw_line=2026.08.18 / 15:49
2026-08-18 15:49:59 INFO LINE | mode=3 | looking_for=25-10 / BID | threshold=10000000 | raw_line=jhacom02@gmail.com
2026-08-18 15:49:59 INFO LINE | mode=3 | looking_for=25-10 / BID | threshold=10000000 | raw_line=Bond Map
2026-08-18 15:49:59 INFO LINE | mode=3 | looking_for=25-10 / BID | threshold=10000000 | raw_line=K-Bond 메신저의 실시간 메시지를 카테고리별로 탐색합니다.
2026-08-18 15:49:59 INFO LINE | mode=3 | looking_for=25-10 / BID | threshold=10000000 | raw_line=➕
2026-08-18 15:49:59 INFO LINE | mode=3 | looking_for=25-10 / BID | threshold=10000000 | raw_line=Gov(included KTB)
2026-08-18 15:49:59 INFO LINE | mode=3 | looking_for=25-10 / BID | threshold=10000000 | raw_line=×
2026-08-18 15:49:59 INFO LINE | mode=3 | looking_for=25-10 / BID | threshold=10000000 | raw_line=26-3 10- 50억
2026-08-18 15:49:59 INFO LINE | mode=3 | looking_for=25-10 / BID | threshold=10000000 | raw_line=26-1
2026-08-18 15:49:59 INFO LINE | mode=3 | looking_for=25-10 / BID | threshold=10000000 | raw_line=26-3 11 115 셋사자 선 60억
2026-08-18 15:49:59 INFO LINE | mode=3 | looking_for=25-10 / BID | threshold=10000000 | raw_line=26-5 85+ 50억
2026-08-18 15:49:59 INFO LINE | mode=3 | looking_for=25-10 / BID | threshold=10000000 | raw_line=26-5 845+
2026-08-18 15:49:59 INFO LINE | mode=3 | looking_for=25-10 / BID | threshold=10000000 | raw_line=26-5 84-
2026-08-18 15:49:59 INFO LINE | mode=3 | looking_for=25-10 / BID | threshold=10000000 | raw_line=26-1 665- 50억
2026-08-18 15:49:59 INFO LINE | mode=3 | looking_for=25-10 / BID | threshold=10000000 | raw_line=26-3 11 + 10
2026-08-18 15:49:59 INFO LINE | mode=3 | looking_for=25-10 / BID | threshold=10000000 | raw_line=26-1 665-
2026-08-18 15:49:59 INFO LINE | mode=3 | looking_for=25-10 / BID | threshold=10000000 | raw_line=26-3 10 -
2026-08-18 15:49:59 INFO LINE | mode=3 | looking_for=25-10 / BID | threshold=10000000 | raw_line=26-6 호가 찾습니다
2026-08-18 15:49:59 INFO LINE | mode=3 | looking_for=25-10 / BID | threshold=10000000 | raw_line=21-5 호가 있으신가요?
2026-08-18 15:49:59 INFO LINE_OMITTED | +111
2026-08-18 15:50:00 INFO EXCEL_CONNECTED | workbook=sample.xlsm sheet=트레이딩
2026-08-18 15:50:01 INFO LINE | mode=3 | looking_for=25-10 / BID | threshold=10000000 | raw_line=REAL-TIME INTELLIGENCE FOR KOREAN BONDS
2026-08-18 15:50:01 INFO LINE | mode=3 | looking_for=25-10 / BID | threshold=10000000 | raw_line=2026.08.18 / 15:49
2026-08-18 15:50:01 INFO LINE | mode=3 | looking_for=25-10 / BID | threshold=10000000 | raw_line=jhacom02@gmail.com
2026-08-18 15:50:01 INFO LINE | mode=3 | looking_for=25-10 / BID | threshold=10000000 | raw_line=Bond Map
2026-08-18 15:50:01 INFO LINE | mode=3 | looking_for=25-10 / BID | threshold=10000000 | raw_line=K-Bond 메신저의 실시간 메시지를 카테고리별로 탐색합니다.
2026-08-18 15:50:01 INFO LINE | mode=3 | looking_for=25-10 / BID | threshold=10000000 | raw_line=➕
2026-08-18 15:50:01 INFO LINE | mode=3 | looking_for=25-10 / BID | threshold=10000000 | raw_line=Gov(included KTB)
2026-08-18 15:50:01 INFO LINE | mode=3 | looking_for=25-10 / BID | threshold=10000000 | raw_line=×
2026-08-18 15:50:01 INFO LINE | mode=3 | looking_for=25-10 / BID | threshold=10000000 | raw_line=26-3 10- 50억
2026-08-18 15:50:01 INFO LINE | mode=3 | looking_for=25-10 / BID | threshold=10000000 | raw_line=26-1
2026-08-18 15:50:01 INFO LINE | mode=3 | looking_for=25-10 / BID | threshold=10000000 | raw_line=26-3 11 115 셋사자 선 60억
2026-08-18 15:50:01 INFO LINE | mode=3 | looking_for=25-10 / BID | threshold=10000000 | raw_line=26-5 85+ 50억
2026-08-18 15:50:01 INFO LINE | mode=3 | looking_for=25-10 / BID | threshold=10000000 | raw_line=26-5 845+
2026-08-18 15:50:01 INFO LINE | mode=3 | looking_for=25-10 / BID | threshold=10000000 | raw_line=26-5 84-
2026-08-18 15:50:01 INFO LINE | mode=3 | looking_for=25-10 / BID | threshold=10000000 | raw_line=26-1 665- 50억
2026-08-18 15:50:01 INFO LINE | mode=3 | looking_for=25-10 / BID | threshold=10000000 | raw_line=26-3 11 + 10
2026-08-18 15:50:01 INFO LINE | mode=3 | looking_for=25-10 / BID | threshold=10000000 | raw_line=26-1 665-
2026-08-18 15:50:01 INFO LINE | mode=3 | looking_for=25-10 / BID | threshold=10000000 | raw_line=26-3 10 -
2026-08-18 15:50:01 INFO LINE | mode=3 | looking_for=25-10 / BID | threshold=10000000 | raw_line=26-6 호가 찾습니다
2026-08-18 15:50:01 INFO LINE | mode=3 | looking_for=25-10 / BID | threshold=10000000 | raw_line=21-5 호가 있으신가요?
2026-08-18 15:50:01 INFO LINE_OMITTED | +111
2026-08-18 15:50:01 INFO EXCEL_CONNECTED | workbook=sample.xlsm sheet=트레이딩
2026-08-18 15:50:01 INFO LINE | mode=3 | looking_for=25-10 / BID | threshold=10000000 | raw_line=REAL-TIME INTELLIGENCE FOR KOREAN BONDS
2026-08-18 15:50:01 INFO LINE | mode=3 | looking_for=25-10 / BID | threshold=10000000 | raw_line=2026.08.18 / 15:49
2026-08-18 15:50:01 INFO LINE | mode=3 | looking_for=25-10 / BID | threshold=10000000 | raw_line=jhacom02@gmail.com
2026-08-18 15:50:01 INFO LINE | mode=3 | looking_for=25-10 / BID | threshold=10000000 | raw_line=Bond Map
2026-08-18 15:50:01 INFO LINE | mode=3 | looking_for=25-10 / BID | threshold=10000000 | raw_line=K-Bond 메신저의 실시간 메시지를 카테고리별로 탐색합니다.
2026-08-18 15:50:01 INFO LINE | mode=3 | looking_for=25-10 / BID | threshold=10000000 | raw_line=➕
2026-08-18 15:50:01 INFO LINE | mode=3 | looking_for=25-10 / BID | threshold=10000000 | raw_line=Gov(included KTB)
2026-08-18 15:50:01 INFO LINE | mode=3 | looking_for=25-10 / BID | threshold=10000000 | raw_line=×
2026-08-18 15:50:01 INFO LINE | mode=3 | looking_for=25-10 / BID | threshold=10000000 | raw_line=26-3 10- 50억
2026-08-18 15:50:01 INFO LINE | mode=3 | looking_for=25-10 / BID | threshold=10000000 | raw_line=26-1
2026-08-18 15:50:01 INFO LINE | mode=3 | looking_for=25-10 / BID | threshold=10000000 | raw_line=26-3 11 115 셋사자 선 60억
2026-08-18 15:50:01 INFO LINE | mode=3 | looking_for=25-10 / BID | threshold=10000000 | raw_line=26-5 85+ 50억
2026-08-18 15:50:01 INFO LINE | mode=3 | looking_for=25-10 / BID | threshold=10000000 | raw_line=26-5 845+
2026-08-18 15:50:01 INFO LINE | mode=3 | looking_for=25-10 / BID | threshold=10000000 | raw_line=26-5 84-
2026-08-18 15:50:01 INFO LINE | mode=3 | looking_for=25-10 / BID | threshold=10000000 | raw_line=26-1 665- 50억
2026-08-18 15:50:01 INFO LINE | mode=3 | looking_for=25-10 / BID | threshold=10000000 | raw_line=26-3 11 + 10
2026-08-18 15:50:01 INFO LINE | mode=3 | looking_for=25-10 / BID | threshold=10000000 | raw_line=26-1 665-
2026-08-18 15:50:01 INFO LINE | mode=3 | looking_for=25-10 / BID | threshold=10000000 | raw_line=26-3 10 -
2026-08-18 15:50:01 INFO LINE | mode=3 | looking_for=25-10 / BID | threshold=10000000 | raw_line=26-6 호가 찾습니다
2026-08-18 15:50:01 INFO LINE | mode=3 | looking_for=25-10 / BID | threshold=10000000 | raw_line=21-5 호가 있으신가요?
2026-08-18 15:50:01 INFO LINE_OMITTED | +111
2026-08-18 15:50:02 INFO EXCEL_CONNECTED | workbook=sample.xlsm sheet=트레이딩
2026-08-18 15:50:02 INFO LINE | mode=3 | looking_for=25-10 / BID | threshold=10000000 | raw_line=REAL-TIME INTELLIGENCE FOR KOREAN BONDS
2026-08-18 15:50:02 INFO LINE | mode=3 | looking_for=25-10 / BID | threshold=10000000 | raw_line=2026.08.18 / 15:49
2026-08-18 15:50:02 INFO LINE | mode=3 | looking_for=25-10 / BID | threshold=10000000 | raw_line=jhacom02@gmail.com
2026-08-18 15:50:02 INFO LINE | mode=3 | looking_for=25-10 / BID | threshold=10000000 | raw_line=Bond Map
2026-08-18 15:50:02 INFO LINE | mode=3 | looking_for=25-10 / BID | threshold=10000000 | raw_line=K-Bond 메신저의 실시간 메시지를 카테고리별로 탐색합니다.
2026-08-18 15:50:02 INFO LINE | mode=3 | looking_for=25-10 / BID | threshold=10000000 | raw_line=➕
2026-08-18 15:50:02 INFO LINE | mode=3 | looking_for=25-10 / BID | threshold=10000000 | raw_line=Gov(included KTB)
2026-08-18 15:50:02 INFO LINE | mode=3 | looking_for=25-10 / BID | threshold=10000000 | raw_line=×
2026-08-18 15:50:02 INFO LINE | mode=3 | looking_for=25-10 / BID | threshold=10000000 | raw_line=26-1 665-
2026-08-18 15:50:02 INFO LINE | mode=3 | looking_for=25-10 / BID | threshold=10000000 | raw_line=26-3 10- 50억
2026-08-18 15:50:02 INFO LINE | mode=3 | looking_for=25-10 / BID | threshold=10000000 | raw_line=26-1
2026-08-18 15:50:02 INFO LINE | mode=3 | looking_for=25-10 / BID | threshold=10000000 | raw_line=26-3 11 115 셋사자 선 60억
2026-08-18 15:50:02 INFO LINE | mode=3 | looking_for=25-10 / BID | threshold=10000000 | raw_line=26-5 85+ 50억
2026-08-18 15:50:02 INFO LINE | mode=3 | looking_for=25-10 / BID | threshold=10000000 | raw_line=26-5 845+
2026-08-18 15:50:02 INFO LINE | mode=3 | looking_for=25-10 / BID | threshold=10000000 | raw_line=26-5 84-
2026-08-18 15:50:02 INFO LINE | mode=3 | looking_for=25-10 / BID | threshold=10000000 | raw_line=26-1 665- 50억
2026-08-18 15:50:02 INFO LINE | mode=3 | looking_for=25-10 / BID | threshold=10000000 | raw_line=26-3 11 + 10
2026-08-18 15:50:02 INFO LINE | mode=3 | looking_for=25-10 / BID | threshold=10000000 | raw_line=26-3 10 -
2026-08-18 15:50:02 INFO LINE | mode=3 | looking_for=25-10 / BID | threshold=10000000 | raw_line=26-6 호가 찾습니다
2026-08-18 15:50:02 INFO LINE | mode=3 | looking_for=25-10 / BID | threshold=10000000 | raw_line=21-5 호가 있으신가요?
2026-08-18 15:50:02 INFO LINE_OMITTED | +104
2026-08-18 15:50:03 INFO EXCEL_CONNECTED | workbook=sample.xlsm sheet=트레이딩
2026-08-18 15:50:03 INFO LINE | mode=3 | looking_for=25-10 / BID | threshold=10000000 | raw_line=REAL-TIME INTELLIGENCE FOR KOREAN BONDS
2026-08-18 15:50:03 INFO LINE | mode=3 | looking_for=25-10 / BID | threshold=10000000 | raw_line=2026.08.18 / 15:49
2026-08-18 15:50:03 INFO LINE | mode=3 | looking_for=25-10 / BID | threshold=10000000 | raw_line=jhacom02@gmail.com
2026-08-18 15:50:03 INFO LINE | mode=3 | looking_for=25-10 / BID | threshold=10000000 | raw_line=Bond Map
2026-08-18 15:50:03 INFO LINE | mode=3 | looking_for=25-10 / BID | threshold=10000000 | raw_line=K-Bond 메신저의 실시간 메시지를 카테고리별로 탐색합니다.
2026-08-18 15:50:03 INFO LINE | mode=3 | looking_for=25-10 / BID | threshold=10000000 | raw_line=➕
2026-08-18 15:50:03 INFO LINE | mode=3 | looking_for=25-10 / BID | threshold=10000000 | raw_line=Gov(included KTB)
2026-08-18 15:50:03 INFO LINE | mode=3 | looking_for=25-10 / BID | threshold=10000000 | raw_line=×
2026-08-18 15:50:03 INFO LINE | mode=3 | looking_for=25-10 / BID | threshold=10000000 | raw_line=26-1 665-
2026-08-18 15:50:03 INFO LINE | mode=3 | looking_for=25-10 / BID | threshold=10000000 | raw_line=26-3 10- 50억
2026-08-18 15:50:03 INFO LINE | mode=3 | looking_for=25-10 / BID | threshold=10000000 | raw_line=26-1
2026-08-18 15:50:03 INFO LINE | mode=3 | looking_for=25-10 / BID | threshold=10000000 | raw_line=26-3 11 115 셋사자 선 60억
2026-08-18 15:50:03 INFO LINE | mode=3 | looking_for=25-10 / BID | threshold=10000000 | raw_line=26-5 85+ 50억
2026-08-18 15:50:03 INFO LINE | mode=3 | looking_for=25-10 / BID | threshold=10000000 | raw_line=26-5 845+
2026-08-18 15:50:03 INFO LINE | mode=3 | looking_for=25-10 / BID | threshold=10000000 | raw_line=26-5 84-
2026-08-18 15:50:03 INFO LINE | mode=3 | looking_for=25-10 / BID | threshold=10000000 | raw_line=26-1 665- 50억
2026-08-18 15:50:03 INFO LINE | mode=3 | looking_for=25-10 / BID | threshold=10000000 | raw_line=26-3 11 + 10
2026-08-18 15:50:03 INFO LINE | mode=3 | looking_for=25-10 / BID | threshold=10000000 | raw_line=26-3 10 -
2026-08-18 15:50:03 INFO LINE | mode=3 | looking_for=25-10 / BID | threshold=10000000 | raw_line=26-6 호가 찾습니다
2026-08-18 15:50:03 INFO LINE | mode=3 | looking_for=25-10 / BID | threshold=10000000 | raw_line=21-5 호가 있으신가요?
2026-08-18 15:50:03 INFO LINE_OMITTED | +111
2026-08-18 15:50:03 INFO EXCEL_CONNECTED | workbook=sample.xlsm sheet=트레이딩
2026-08-18 15:50:03 INFO LINE | mode=3 | looking_for=25-10 / BID | threshold=10000000 | raw_line=REAL-TIME INTELLIGENCE FOR KOREAN BONDS
2026-08-18 15:50:03 INFO LINE | mode=3 | looking_for=25-10 / BID | threshold=10000000 | raw_line=2026.08.18 / 15:49
2026-08-18 15:50:03 INFO LINE | mode=3 | looking_for=25-10 / BID | threshold=10000000 | raw_line=jhacom02@gmail.com
2026-08-18 15:50:03 INFO LINE | mode=3 | looking_for=25-10 / BID | threshold=10000000 | raw_line=Bond Map
2026-08-18 15:50:03 INFO LINE | mode=3 | looking_for=25-10 / BID | threshold=10000000 | raw_line=K-Bond 메신저의 실시간 메시지를 카테고리별로 탐색합니다.
2026-08-18 15:50:03 INFO LINE | mode=3 | looking_for=25-10 / BID | threshold=10000000 | raw_line=➕
2026-08-18 15:50:03 INFO LINE | mode=3 | looking_for=25-10 / BID | threshold=10000000 | raw_line=Gov(included KTB)
2026-08-18 15:50:03 INFO LINE | mode=3 | looking_for=25-10 / BID | threshold=10000000 | raw_line=×
2026-08-18 15:50:03 INFO LINE | mode=3 | looking_for=25-10 / BID | threshold=10000000 | raw_line=26-2 77 사자 10억
2026-08-18 15:50:03 INFO LINE | mode=3 | looking_for=25-10 / BID | threshold=10000000 | raw_line=26-1 665-
2026-08-18 15:50:03 INFO LINE | mode=3 | looking_for=25-10 / BID | threshold=10000000 | raw_line=26-3 10- 50억
2026-08-18 15:50:03 INFO LINE | mode=3 | looking_for=25-10 / BID | threshold=10000000 | raw_line=26-1
2026-08-18 15:50:03 INFO LINE | mode=3 | looking_for=25-10 / BID | threshold=10000000 | raw_line=26-3 11 115 셋사자 선 60억
2026-08-18 15:50:03 INFO LINE | mode=3 | looking_for=25-10 / BID | threshold=10000000 | raw_line=26-5 85+ 50억
2026-08-18 15:50:03 INFO LINE | mode=3 | looking_for=25-10 / BID | threshold=10000000 | raw_line=26-5 845+
2026-08-18 15:50:03 INFO LINE | mode=3 | looking_for=25-10 / BID | threshold=10000000 | raw_line=26-5 84-
2026-08-18 15:50:03 INFO LINE | mode=3 | looking_for=25-10 / BID | threshold=10000000 | raw_line=26-1 665- 50억
2026-08-18 15:50:03 INFO LINE | mode=3 | looking_for=25-10 / BID | threshold=10000000 | raw_line=26-3 11 + 10
2026-08-18 15:50:03 INFO LINE | mode=3 | looking_for=25-10 / BID | threshold=10000000 | raw_line=26-3 10 -
2026-08-18 15:50:03 INFO LINE | mode=3 | looking_for=25-10 / BID | threshold=10000000 | raw_line=26-6 호가 찾습니다
2026-08-18 15:50:03 INFO LINE_OMITTED | +111
2026-08-18 15:50:04 INFO EXCEL_CONNECTED | workbook=sample.xlsm sheet=트레이딩
2026-08-18 15:50:04 INFO LINE | mode=3 | looking_for=25-10 / BID | threshold=10000000 | raw_line=REAL-TIME INTELLIGENCE FOR KOREAN BONDS
2026-08-18 15:50:04 INFO LINE | mode=3 | looking_for=25-10 / BID | threshold=10000000 | raw_line=2026.08.18 / 15:49
2026-08-18 15:50:04 INFO LINE | mode=3 | looking_for=25-10 / BID | threshold=10000000 | raw_line=jhacom02@gmail.com
2026-08-18 15:50:04 INFO LINE | mode=3 | looking_for=25-10 / BID | threshold=10000000 | raw_line=Bond Map
2026-08-18 15:50:04 INFO LINE | mode=3 | looking_for=25-10 / BID | threshold=10000000 | raw_line=K-Bond 메신저의 실시간 메시지를 카테고리별로 탐색합니다.
2026-08-18 15:50:04 INFO LINE | mode=3 | looking_for=25-10 / BID | threshold=10000000 | raw_line=➕
2026-08-18 15:50:04 INFO LINE | mode=3 | looking_for=25-10 / BID | threshold=10000000 | raw_line=Gov(included KTB)
2026-08-18 15:50:04 INFO LINE | mode=3 | looking_for=25-10 / BID | threshold=10000000 | raw_line=×
2026-08-18 15:50:04 INFO LINE | mode=3 | looking_for=25-10 / BID | threshold=10000000 | raw_line=26-2 77 사자 10억
2026-08-18 15:50:04 INFO LINE | mode=3 | looking_for=25-10 / BID | threshold=10000000 | raw_line=26-1 665-
2026-08-18 15:50:04 INFO LINE | mode=3 | looking_for=25-10 / BID | threshold=10000000 | raw_line=26-3 10- 50억
2026-08-18 15:50:04 INFO LINE | mode=3 | looking_for=25-10 / BID | threshold=10000000 | raw_line=26-1
2026-08-18 15:50:04 INFO LINE | mode=3 | looking_for=25-10 / BID | threshold=10000000 | raw_line=26-3 11 115 셋사자 선 60억
2026-08-18 15:50:04 INFO LINE | mode=3 | looking_for=25-10 / BID | threshold=10000000 | raw_line=26-5 85+ 50억
2026-08-18 15:50:04 INFO LINE | mode=3 | looking_for=25-10 / BID | threshold=10000000 | raw_line=26-5 845+
2026-08-18 15:50:04 INFO LINE | mode=3 | looking_for=25-10 / BID | threshold=10000000 | raw_line=26-5 84-
2026-08-18 15:50:04 INFO LINE | mode=3 | looking_for=25-10 / BID | threshold=10000000 | raw_line=26-1 665- 50억
2026-08-18 15:50:04 INFO LINE | mode=3 | looking_for=25-10 / BID | threshold=10000000 | raw_line=26-3 11 + 10
2026-08-18 15:50:04 INFO LINE | mode=3 | looking_for=25-10 / BID | threshold=10000000 | raw_line=26-3 10 -
2026-08-18 15:50:04 INFO LINE | mode=3 | looking_for=25-10 / BID | threshold=10000000 | raw_line=26-6 호가 찾습니다
2026-08-18 15:50:04 INFO LINE_OMITTED | +111
2026-08-18 15:50:05 INFO EXCEL_CONNECTED | workbook=sample.xlsm sheet=트레이딩
2026-08-18 15:50:05 INFO LINE | mode=3 | looking_for=25-10 / BID | threshold=10000000 | raw_line=REAL-TIME INTELLIGENCE FOR KOREAN BONDS
2026-08-18 15:50:05 INFO LINE | mode=3 | looking_for=25-10 / BID | threshold=10000000 | raw_line=2026.08.18 / 15:49
2026-08-18 15:50:05 INFO LINE | mode=3 | looking_for=25-10 / BID | threshold=10000000 | raw_line=jhacom02@gmail.com
2026-08-18 15:50:05 INFO LINE | mode=3 | looking_for=25-10 / BID | threshold=10000000 | raw_line=Bond Map
2026-08-18 15:50:05 INFO LINE | mode=3 | looking_for=25-10 / BID | threshold=10000000 | raw_line=K-Bond 메신저의 실시간 메시지를 카테고리별로 탐색합니다.
2026-08-18 15:50:05 INFO LINE | mode=3 | looking_for=25-10 / BID | threshold=10000000 | raw_line=➕
2026-08-18 15:50:05 INFO LINE | mode=3 | looking_for=25-10 / BID | threshold=10000000 | raw_line=Gov(included KTB)
2026-08-18 15:50:05 INFO LINE | mode=3 | looking_for=25-10 / BID | threshold=10000000 | raw_line=×
2026-08-18 15:50:05 INFO LINE | mode=3 | looking_for=25-10 / BID | threshold=10000000 | raw_line=26-2 77 사자 10억
2026-08-18 15:50:05 INFO LINE | mode=3 | looking_for=25-10 / BID | threshold=10000000 | raw_line=26-1 665-
2026-08-18 15:50:05 INFO LINE | mode=3 | looking_for=25-10 / BID | threshold=10000000 | raw_line=26-3 10- 50억
2026-08-18 15:50:05 INFO LINE | mode=3 | looking_for=25-10 / BID | threshold=10000000 | raw_line=26-1
2026-08-18 15:50:05 INFO LINE | mode=3 | looking_for=25-10 / BID | threshold=10000000 | raw_line=26-3 11 115 셋사자 선 60억
2026-08-18 15:50:05 INFO LINE | mode=3 | looking_for=25-10 / BID | threshold=10000000 | raw_line=26-5 85+ 50억
2026-08-18 15:50:05 INFO LINE | mode=3 | looking_for=25-10 / BID | threshold=10000000 | raw_line=26-5 845+
2026-08-18 15:50:05 INFO LINE | mode=3 | looking_for=25-10 / BID | threshold=10000000 | raw_line=26-5 84-
2026-08-18 15:50:05 INFO LINE | mode=3 | looking_for=25-10 / BID | threshold=10000000 | raw_line=26-1 665- 50억
2026-08-18 15:50:05 INFO LINE | mode=3 | looking_for=25-10 / BID | threshold=10000000 | raw_line=26-3 11 + 10
2026-08-18 15:50:05 INFO LINE | mode=3 | looking_for=25-10 / BID | threshold=10000000 | raw_line=26-3 10 -
2026-08-18 15:50:05 INFO LINE | mode=3 | looking_for=25-10 / BID | threshold=10000000 | raw_line=26-6 호가 찾습니다
2026-08-18 15:50:05 INFO LINE_OMITTED | +111
2026-08-18 15:50:06 INFO EXCEL_CONNECTED | workbook=sample.xlsm sheet=트레이딩
2026-08-18 15:50:06 INFO LINE | mode=3 | looking_for=25-10 / BID | threshold=10000000 | raw_line=REAL-TIME INTELLIGENCE FOR KOREAN BONDS
2026-08-18 15:50:06 INFO LINE | mode=3 | looking_for=25-10 / BID | threshold=10000000 | raw_line=2026.08.18 / 15:49
2026-08-18 15:50:06 INFO LINE | mode=3 | looking_for=25-10 / BID | threshold=10000000 | raw_line=jhacom02@gmail.com
2026-08-18 15:50:06 INFO LINE | mode=3 | looking_for=25-10 / BID | threshold=10000000 | raw_line=Bond Map
2026-08-18 15:50:06 INFO LINE | mode=3 | looking_for=25-10 / BID | threshold=10000000 | raw_line=K-Bond 메신저의 실시간 메시지를 카테고리별로 탐색합니다.
2026-08-18 15:50:06 INFO LINE | mode=3 | looking_for=25-10 / BID | threshold=10000000 | raw_line=➕
2026-08-18 15:50:06 INFO LINE | mode=3 | looking_for=25-10 / BID | threshold=10000000 | raw_line=Gov(included KTB)
2026-08-18 15:50:06 INFO LINE | mode=3 | looking_for=25-10 / BID | threshold=10000000 | raw_line=×
2026-08-18 15:50:06 INFO LINE | mode=3 | looking_for=25-10 / BID | threshold=10000000 | raw_line=26-2 77 사자 10억
2026-08-18 15:50:06 INFO LINE | mode=3 | looking_for=25-10 / BID | threshold=10000000 | raw_line=26-1 665-
2026-08-18 15:50:06 INFO LINE | mode=3 | looking_for=25-10 / BID | threshold=10000000 | raw_line=26-3 10- 50억
2026-08-18 15:50:06 INFO LINE | mode=3 | looking_for=25-10 / BID | threshold=10000000 | raw_line=26-1
2026-08-18 15:50:06 INFO LINE | mode=3 | looking_for=25-10 / BID | threshold=10000000 | raw_line=26-3 11 115 셋사자 선 60억
2026-08-18 15:50:06 INFO LINE | mode=3 | looking_for=25-10 / BID | threshold=10000000 | raw_line=26-5 85+ 50억
2026-08-18 15:50:06 INFO LINE | mode=3 | looking_for=25-10 / BID | threshold=10000000 | raw_line=26-5 845+
2026-08-18 15:50:06 INFO LINE | mode=3 | looking_for=25-10 / BID | threshold=10000000 | raw_line=26-5 84-
2026-08-18 15:50:06 INFO LINE | mode=3 | looking_for=25-10 / BID | threshold=10000000 | raw_line=26-1 665- 50억
2026-08-18 15:50:06 INFO LINE | mode=3 | looking_for=25-10 / BID | threshold=10000000 | raw_line=26-3 11 + 10
2026-08-18 15:50:06 INFO LINE | mode=3 | looking_for=25-10 / BID | threshold=10000000 | raw_line=26-3 10 -
2026-08-18 15:50:06 INFO LINE | mode=3 | looking_for=25-10 / BID | threshold=10000000 | raw_line=26-6 호가 찾습니다
2026-08-18 15:50:06 INFO LINE_OMITTED | +111
2026-08-18 15:50:06 INFO EXCEL_CONNECTED | workbook=sample.xlsm sheet=트레이딩
2026-08-18 15:50:06 INFO LINE | mode=3 | looking_for=25-10 / BID | threshold=10000000 | raw_line=REAL-TIME INTELLIGENCE FOR KOREAN BONDS
2026-08-18 15:50:06 INFO LINE | mode=3 | looking_for=25-10 / BID | threshold=10000000 | raw_line=2026.08.18 / 15:49
2026-08-18 15:50:06 INFO LINE | mode=3 | looking_for=25-10 / BID | threshold=10000000 | raw_line=jhacom02@gmail.com
2026-08-18 15:50:06 INFO LINE | mode=3 | looking_for=25-10 / BID | threshold=10000000 | raw_line=Bond Map
2026-08-18 15:50:06 INFO LINE | mode=3 | looking_for=25-10 / BID | threshold=10000000 | raw_line=K-Bond 메신저의 실시간 메시지를 카테고리별로 탐색합니다.
2026-08-18 15:50:06 INFO LINE | mode=3 | looking_for=25-10 / BID | threshold=10000000 | raw_line=➕
2026-08-18 15:50:06 INFO LINE | mode=3 | looking_for=25-10 / BID | threshold=10000000 | raw_line=Gov(included KTB)
2026-08-18 15:50:06 INFO LINE | mode=3 | looking_for=25-10 / BID | threshold=10000000 | raw_line=×
2026-08-18 15:50:06 INFO LINE | mode=3 | looking_for=25-10 / BID | threshold=10000000 | raw_line=26-2 77 사자 10억
2026-08-18 15:50:06 INFO LINE | mode=3 | looking_for=25-10 / BID | threshold=10000000 | raw_line=26-1 665-
2026-08-18 15:50:06 INFO LINE | mode=3 | looking_for=25-10 / BID | threshold=10000000 | raw_line=26-3 10- 50억
2026-08-18 15:50:06 INFO LINE | mode=3 | looking_for=25-10 / BID | threshold=10000000 | raw_line=26-1
2026-08-18 15:50:06 INFO LINE | mode=3 | looking_for=25-10 / BID | threshold=10000000 | raw_line=26-3 11 115 셋사자 선 60억
2026-08-18 15:50:06 INFO LINE | mode=3 | looking_for=25-10 / BID | threshold=10000000 | raw_line=26-5 85+ 50억
2026-08-18 15:50:06 INFO LINE | mode=3 | looking_for=25-10 / BID | threshold=10000000 | raw_line=26-5 845+
2026-08-18 15:50:06 INFO LINE | mode=3 | looking_for=25-10 / BID | threshold=10000000 | raw_line=26-5 84-
2026-08-18 15:50:06 INFO LINE | mode=3 | looking_for=25-10 / BID | threshold=10000000 | raw_line=26-1 665- 50억
2026-08-18 15:50:06 INFO LINE | mode=3 | looking_for=25-10 / BID | threshold=10000000 | raw_line=26-3 11 + 10
2026-08-18 15:50:06 INFO LINE | mode=3 | looking_for=25-10 / BID | threshold=10000000 | raw_line=26-3 10 -
2026-08-18 15:50:06 INFO LINE | mode=3 | looking_for=25-10 / BID | threshold=10000000 | raw_line=26-6 호가 찾습니다
2026-08-18 15:50:06 INFO LINE_OMITTED | +111
2026-08-18 15:50:07 INFO EXCEL_CONNECTED | workbook=sample.xlsm sheet=트레이딩
2026-08-18 15:50:07 INFO LINE | mode=3 | looking_for=25-10 / BID | threshold=10000000 | raw_line=REAL-TIME INTELLIGENCE FOR KOREAN BONDS
2026-08-18 15:50:07 INFO LINE | mode=3 | looking_for=25-10 / BID | threshold=10000000 | raw_line=2026.08.18 / 15:49
2026-08-18 15:50:07 INFO LINE | mode=3 | looking_for=25-10 / BID | threshold=10000000 | raw_line=jhacom02@gmail.com
2026-08-18 15:50:07 INFO LINE | mode=3 | looking_for=25-10 / BID | threshold=10000000 | raw_line=Bond Map
2026-08-18 15:50:07 INFO LINE | mode=3 | looking_for=25-10 / BID | threshold=10000000 | raw_line=K-Bond 메신저의 실시간 메시지를 카테고리별로 탐색합니다.
2026-08-18 15:50:07 INFO LINE | mode=3 | looking_for=25-10 / BID | threshold=10000000 | raw_line=➕
2026-08-18 15:50:07 INFO LINE | mode=3 | looking_for=25-10 / BID | threshold=10000000 | raw_line=Gov(included KTB)
2026-08-18 15:50:07 INFO LINE | mode=3 | looking_for=25-10 / BID | threshold=10000000 | raw_line=×
2026-08-18 15:50:07 INFO LINE | mode=3 | looking_for=25-10 / BID | threshold=10000000 | raw_line=26-2 77 사자 10억
2026-08-18 15:50:07 INFO LINE | mode=3 | looking_for=25-10 / BID | threshold=10000000 | raw_line=26-1 665-
2026-08-18 15:50:07 INFO LINE | mode=3 | looking_for=25-10 / BID | threshold=10000000 | raw_line=26-3 10- 50억
2026-08-18 15:50:07 INFO LINE | mode=3 | looking_for=25-10 / BID | threshold=10000000 | raw_line=26-1
2026-08-18 15:50:07 INFO LINE | mode=3 | looking_for=25-10 / BID | threshold=10000000 | raw_line=26-3 11 115 셋사자 선 60억
2026-08-18 15:50:07 INFO LINE | mode=3 | looking_for=25-10 / BID | threshold=10000000 | raw_line=26-5 85+ 50억
2026-08-18 15:50:07 INFO LINE | mode=3 | looking_for=25-10 / BID | threshold=10000000 | raw_line=26-5 845+
2026-08-18 15:50:07 INFO LINE | mode=3 | looking_for=25-10 / BID | threshold=10000000 | raw_line=26-5 84-
2026-08-18 15:50:07 INFO LINE | mode=3 | looking_for=25-10 / BID | threshold=10000000 | raw_line=26-1 665- 50억
2026-08-18 15:50:07 INFO LINE | mode=3 | looking_for=25-10 / BID | threshold=10000000 | raw_line=26-3 11 + 10
2026-08-18 15:50:07 INFO LINE | mode=3 | looking_for=25-10 / BID | threshold=10000000 | raw_line=26-3 10 -
2026-08-18 15:50:07 INFO LINE | mode=3 | looking_for=25-10 / BID | threshold=10000000 | raw_line=26-6 호가 찾습니다
2026-08-18 15:50:07 INFO LINE_OMITTED | +109
2026-08-18 15:50:08 INFO EXCEL_CONNECTED | workbook=sample.xlsm sheet=트레이딩
2026-08-18 15:50:08 INFO LINE | mode=3 | looking_for=25-10 / BID | threshold=10000000 | raw_line=REAL-TIME INTELLIGENCE FOR KOREAN BONDS
2026-08-18 15:50:08 INFO LINE | mode=3 | looking_for=25-10 / BID | threshold=10000000 | raw_line=2026.08.18 / 15:49
2026-08-18 15:50:08 INFO LINE | mode=3 | looking_for=25-10 / BID | threshold=10000000 | raw_line=jhacom02@gmail.com
2026-08-18 15:50:08 INFO LINE | mode=3 | looking_for=25-10 / BID | threshold=10000000 | raw_line=Bond Map
2026-08-18 15:50:08 INFO LINE | mode=3 | looking_for=25-10 / BID | threshold=10000000 | raw_line=K-Bond 메신저의 실시간 메시지를 카테고리별로 탐색합니다.
2026-08-18 15:50:08 INFO LINE | mode=3 | looking_for=25-10 / BID | threshold=10000000 | raw_line=➕
2026-08-18 15:50:08 INFO LINE | mode=3 | looking_for=25-10 / BID | threshold=10000000 | raw_line=Gov(included KTB)
2026-08-18 15:50:08 INFO LINE | mode=3 | looking_for=25-10 / BID | threshold=10000000 | raw_line=×
2026-08-18 15:50:08 INFO LINE | mode=3 | looking_for=25-10 / BID | threshold=10000000 | raw_line=26-2 77 사자 10억
2026-08-18 15:50:08 INFO LINE | mode=3 | looking_for=25-10 / BID | threshold=10000000 | raw_line=26-1 665-
2026-08-18 15:50:08 INFO LINE | mode=3 | looking_for=25-10 / BID | threshold=10000000 | raw_line=26-3 10- 50억
2026-08-18 15:50:08 INFO LINE | mode=3 | looking_for=25-10 / BID | threshold=10000000 | raw_line=26-1
2026-08-18 15:50:08 INFO LINE | mode=3 | looking_for=25-10 / BID | threshold=10000000 | raw_line=26-3 11 115 셋사자 선 60억
2026-08-18 15:50:08 INFO LINE | mode=3 | looking_for=25-10 / BID | threshold=10000000 | raw_line=26-5 85+ 50억
2026-08-18 15:50:08 INFO LINE | mode=3 | looking_for=25-10 / BID | threshold=10000000 | raw_line=26-5 845+
2026-08-18 15:50:08 INFO LINE | mode=3 | looking_for=25-10 / BID | threshold=10000000 | raw_line=26-5 84-
2026-08-18 15:50:08 INFO LINE | mode=3 | looking_for=25-10 / BID | threshold=10000000 | raw_line=26-1 665- 50억
2026-08-18 15:50:08 INFO LINE | mode=3 | looking_for=25-10 / BID | threshold=10000000 | raw_line=26-3 11 + 10
2026-08-18 15:50:08 INFO LINE | mode=3 | looking_for=25-10 / BID | threshold=10000000 | raw_line=26-3 10 -
2026-08-18 15:50:08 INFO LINE | mode=3 | looking_for=25-10 / BID | threshold=10000000 | raw_line=26-6 호가 찾습니다
2026-08-18 15:50:08 INFO LINE_OMITTED | +110
2026-08-18 15:50:08 INFO EXCEL_CONNECTED | workbook=sample.xlsm sheet=트레이딩
2026-08-18 15:50:09 INFO LINE | mode=3 | looking_for=25-10 / BID | threshold=10000000 | raw_line=REAL-TIME INTELLIGENCE FOR KOREAN BONDS
2026-08-18 15:50:09 INFO LINE | mode=3 | looking_for=25-10 / BID | threshold=10000000 | raw_line=2026.08.18 / 15:49
2026-08-18 15:50:09 INFO LINE | mode=3 | looking_for=25-10 / BID | threshold=10000000 | raw_line=jhacom02@gmail.com
2026-08-18 15:50:09 INFO LINE | mode=3 | looking_for=25-10 / BID | threshold=10000000 | raw_line=Bond Map
2026-08-18 15:50:09 INFO LINE | mode=3 | looking_for=25-10 / BID | threshold=10000000 | raw_line=K-Bond 메신저의 실시간 메시지를 카테고리별로 탐색합니다.
2026-08-18 15:50:09 INFO LINE | mode=3 | looking_for=25-10 / BID | threshold=10000000 | raw_line=➕
2026-08-18 15:50:09 INFO LINE | mode=3 | looking_for=25-10 / BID | threshold=10000000 | raw_line=Gov(included KTB)
2026-08-18 15:50:09 INFO LINE | mode=3 | looking_for=25-10 / BID | threshold=10000000 | raw_line=×
2026-08-18 15:50:09 INFO LINE | mode=3 | looking_for=25-10 / BID | threshold=10000000 | raw_line=26-2 77 사자 10억
2026-08-18 15:50:09 INFO LINE | mode=3 | looking_for=25-10 / BID | threshold=10000000 | raw_line=26-1 665-
2026-08-18 15:50:09 INFO LINE | mode=3 | looking_for=25-10 / BID | threshold=10000000 | raw_line=26-3 10- 50억
2026-08-18 15:50:09 INFO LINE | mode=3 | looking_for=25-10 / BID | threshold=10000000 | raw_line=26-1
2026-08-18 15:50:09 INFO LINE | mode=3 | looking_for=25-10 / BID | threshold=10000000 | raw_line=26-3 11 115 셋사자 선 60억
2026-08-18 15:50:09 INFO LINE | mode=3 | looking_for=25-10 / BID | threshold=10000000 | raw_line=26-5 85+ 50억
2026-08-18 15:50:09 INFO LINE | mode=3 | looking_for=25-10 / BID | threshold=10000000 | raw_line=26-5 845+
2026-08-18 15:50:09 INFO LINE | mode=3 | looking_for=25-10 / BID | threshold=10000000 | raw_line=26-5 84-
2026-08-18 15:50:09 INFO LINE | mode=3 | looking_for=25-10 / BID | threshold=10000000 | raw_line=26-1 665- 50억
2026-08-18 15:50:09 INFO LINE | mode=3 | looking_for=25-10 / BID | threshold=10000000 | raw_line=26-3 11 + 10
2026-08-18 15:50:09 INFO LINE | mode=3 | looking_for=25-10 / BID | threshold=10000000 | raw_line=26-3 10 -
2026-08-18 15:50:09 INFO LINE | mode=3 | looking_for=25-10 / BID | threshold=10000000 | raw_line=26-6 호가 찾습니다
2026-08-18 15:50:09 INFO LINE_OMITTED | +108
2026-08-18 15:50:09 INFO EXCEL_CONNECTED | workbook=sample.xlsm sheet=트레이딩
2026-08-18 15:50:09 INFO LINE | mode=3 | looking_for=25-10 / BID | threshold=10000000 | raw_line=REAL-TIME INTELLIGENCE FOR KOREAN BONDS
2026-08-18 15:50:09 INFO LINE | mode=3 | looking_for=25-10 / BID | threshold=10000000 | raw_line=2026.08.18 / 15:49
2026-08-18 15:50:09 INFO LINE | mode=3 | looking_for=25-10 / BID | threshold=10000000 | raw_line=jhacom02@gmail.com
2026-08-18 15:50:09 INFO LINE | mode=3 | looking_for=25-10 / BID | threshold=10000000 | raw_line=Bond Map
2026-08-18 15:50:09 INFO LINE | mode=3 | looking_for=25-10 / BID | threshold=10000000 | raw_line=K-Bond 메신저의 실시간 메시지를 카테고리별로 탐색합니다.
2026-08-18 15:50:09 INFO LINE | mode=3 | looking_for=25-10 / BID | threshold=10000000 | raw_line=➕
2026-08-18 15:50:09 INFO LINE | mode=3 | looking_for=25-10 / BID | threshold=10000000 | raw_line=Gov(included KTB)
2026-08-18 15:50:09 INFO LINE | mode=3 | looking_for=25-10 / BID | threshold=10000000 | raw_line=×
2026-08-18 15:50:09 INFO LINE | mode=3 | looking_for=25-10 / BID | threshold=10000000 | raw_line=26-2 77 사자 10억
2026-08-18 15:50:09 INFO LINE | mode=3 | looking_for=25-10 / BID | threshold=10000000 | raw_line=26-1 665-
2026-08-18 15:50:09 INFO LINE | mode=3 | looking_for=25-10 / BID | threshold=10000000 | raw_line=26-3 10- 50억
2026-08-18 15:50:09 INFO LINE | mode=3 | looking_for=25-10 / BID | threshold=10000000 | raw_line=26-1
2026-08-18 15:50:09 INFO LINE | mode=3 | looking_for=25-10 / BID | threshold=10000000 | raw_line=26-3 11 115 셋사자 선 60억
2026-08-18 15:50:09 INFO LINE | mode=3 | looking_for=25-10 / BID | threshold=10000000 | raw_line=26-5 85+ 50억
2026-08-18 15:50:09 INFO LINE | mode=3 | looking_for=25-10 / BID | threshold=10000000 | raw_line=26-5 845+
2026-08-18 15:50:09 INFO LINE | mode=3 | looking_for=25-10 / BID | threshold=10000000 | raw_line=26-5 84-
2026-08-18 15:50:09 INFO LINE | mode=3 | looking_for=25-10 / BID | threshold=10000000 | raw_line=26-1 665- 50억
2026-08-18 15:50:09 INFO LINE | mode=3 | looking_for=25-10 / BID | threshold=10000000 | raw_line=26-3 11 + 10
2026-08-18 15:50:09 INFO LINE | mode=3 | looking_for=25-10 / BID | threshold=10000000 | raw_line=26-3 10 -
2026-08-18 15:50:09 INFO LINE | mode=3 | looking_for=25-10 / BID | threshold=10000000 | raw_line=26-6 호가 찾습니다
2026-08-18 15:50:09 INFO LINE_OMITTED | +108
2026-08-18 15:50:10 INFO EXCEL_CONNECTED | workbook=sample.xlsm sheet=트레이딩
2026-08-18 15:50:10 INFO LINE | mode=3 | looking_for=25-10 / BID | threshold=10000000 | raw_line=REAL-TIME INTELLIGENCE FOR KOREAN BONDS
2026-08-18 15:50:10 INFO LINE | mode=3 | looking_for=25-10 / BID | threshold=10000000 | raw_line=2026.08.18 / 15:49
2026-08-18 15:50:10 INFO LINE | mode=3 | looking_for=25-10 / BID | threshold=10000000 | raw_line=jhacom02@gmail.com
2026-08-18 15:50:10 INFO LINE | mode=3 | looking_for=25-10 / BID | threshold=10000000 | raw_line=Bond Map
2026-08-18 15:50:10 INFO LINE | mode=3 | looking_for=25-10 / BID | threshold=10000000 | raw_line=K-Bond 메신저의 실시간 메시지를 카테고리별로 탐색합니다.
2026-08-18 15:50:10 INFO LINE | mode=3 | looking_for=25-10 / BID | threshold=10000000 | raw_line=➕
2026-08-18 15:50:10 INFO LINE | mode=3 | looking_for=25-10 / BID | threshold=10000000 | raw_line=Gov(included KTB)
2026-08-18 15:50:10 INFO LINE | mode=3 | looking_for=25-10 / BID | threshold=10000000 | raw_line=×
2026-08-18 15:50:10 INFO LINE | mode=3 | looking_for=25-10 / BID | threshold=10000000 | raw_line=26-2 77 사자 10억
2026-08-18 15:50:10 INFO LINE | mode=3 | looking_for=25-10 / BID | threshold=10000000 | raw_line=26-1 665-
2026-08-18 15:50:10 INFO LINE | mode=3 | looking_for=25-10 / BID | threshold=10000000 | raw_line=26-3 10- 50억
2026-08-18 15:50:10 INFO LINE | mode=3 | looking_for=25-10 / BID | threshold=10000000 | raw_line=26-1
2026-08-18 15:50:10 INFO LINE | mode=3 | looking_for=25-10 / BID | threshold=10000000 | raw_line=26-3 11 115 셋사자 선 60억
2026-08-18 15:50:10 INFO LINE | mode=3 | looking_for=25-10 / BID | threshold=10000000 | raw_line=26-5 85+ 50억
2026-08-18 15:50:10 INFO LINE | mode=3 | looking_for=25-10 / BID | threshold=10000000 | raw_line=26-5 845+
2026-08-18 15:50:10 INFO LINE | mode=3 | looking_for=25-10 / BID | threshold=10000000 | raw_line=26-5 84-
2026-08-18 15:50:10 INFO LINE | mode=3 | looking_for=25-10 / BID | threshold=10000000 | raw_line=26-1 665- 50억
2026-08-18 15:50:10 INFO LINE | mode=3 | looking_for=25-10 / BID | threshold=10000000 | raw_line=26-3 11 + 10
2026-08-18 15:50:10 INFO LINE | mode=3 | looking_for=25-10 / BID | threshold=10000000 | raw_line=26-3 10 -
2026-08-18 15:50:10 INFO LINE | mode=3 | looking_for=25-10 / BID | threshold=10000000 | raw_line=26-6 호가 찾습니다
2026-08-18 15:50:10 INFO LINE_OMITTED | +108
2026-08-18 15:50:10 INFO EXCEL_CONNECTED | workbook=sample.xlsm sheet=트레이딩
2026-08-18 15:50:11 INFO LINE | mode=3 | looking_for=25-10 / BID | threshold=10000000 | raw_line=REAL-TIME INTELLIGENCE FOR KOREAN BONDS
2026-08-18 15:50:11 INFO LINE | mode=3 | looking_for=25-10 / BID | threshold=10000000 | raw_line=2026.08.18 / 15:49
2026-08-18 15:50:11 INFO LINE | mode=3 | looking_for=25-10 / BID | threshold=10000000 | raw_line=jhacom02@gmail.com
2026-08-18 15:50:11 INFO LINE | mode=3 | looking_for=25-10 / BID | threshold=10000000 | raw_line=Bond Map
2026-08-18 15:50:11 INFO LINE | mode=3 | looking_for=25-10 / BID | threshold=10000000 | raw_line=K-Bond 메신저의 실시간 메시지를 카테고리별로 탐색합니다.
2026-08-18 15:50:11 INFO LINE | mode=3 | looking_for=25-10 / BID | threshold=10000000 | raw_line=➕
2026-08-18 15:50:11 INFO LINE | mode=3 | looking_for=25-10 / BID | threshold=10000000 | raw_line=Gov(included KTB)
2026-08-18 15:50:11 INFO LINE | mode=3 | looking_for=25-10 / BID | threshold=10000000 | raw_line=×
2026-08-18 15:50:11 INFO LINE | mode=3 | looking_for=25-10 / BID | threshold=10000000 | raw_line=26-2 77 사자 10억
2026-08-18 15:50:11 INFO LINE | mode=3 | looking_for=25-10 / BID | threshold=10000000 | raw_line=26-1 665-
2026-08-18 15:50:11 INFO LINE | mode=3 | looking_for=25-10 / BID | threshold=10000000 | raw_line=26-3 10- 50억
2026-08-18 15:50:11 INFO LINE | mode=3 | looking_for=25-10 / BID | threshold=10000000 | raw_line=26-1
2026-08-18 15:50:11 INFO LINE | mode=3 | looking_for=25-10 / BID | threshold=10000000 | raw_line=26-3 11 115 셋사자 선 60억
2026-08-18 15:50:11 INFO LINE | mode=3 | looking_for=25-10 / BID | threshold=10000000 | raw_line=26-5 85+ 50억
2026-08-18 15:50:11 INFO LINE | mode=3 | looking_for=25-10 / BID | threshold=10000000 | raw_line=26-5 845+
2026-08-18 15:50:11 INFO LINE | mode=3 | looking_for=25-10 / BID | threshold=10000000 | raw_line=26-5 84-
2026-08-18 15:50:11 INFO LINE | mode=3 | looking_for=25-10 / BID | threshold=10000000 | raw_line=26-1 665- 50억
2026-08-18 15:50:11 INFO LINE | mode=3 | looking_for=25-10 / BID | threshold=10000000 | raw_line=26-3 11 + 10
2026-08-18 15:50:11 INFO LINE | mode=3 | looking_for=25-10 / BID | threshold=10000000 | raw_line=26-3 10 -
2026-08-18 15:50:11 INFO LINE | mode=3 | looking_for=25-10 / BID | threshold=10000000 | raw_line=26-6 호가 찾습니다
2026-08-18 15:50:11 INFO LINE_OMITTED | +108
2026-08-18 15:50:11 INFO EXCEL_CONNECTED | workbook=sample.xlsm sheet=트레이딩
2026-08-18 15:50:11 INFO LINE | mode=3 | looking_for=25-10 / BID | threshold=10000000 | raw_line=REAL-TIME INTELLIGENCE FOR KOREAN BONDS
2026-08-18 15:50:11 INFO LINE | mode=3 | looking_for=25-10 / BID | threshold=10000000 | raw_line=2026.08.18 / 15:49
2026-08-18 15:50:11 INFO LINE | mode=3 | looking_for=25-10 / BID | threshold=10000000 | raw_line=jhacom02@gmail.com
2026-08-18 15:50:11 INFO LINE | mode=3 | looking_for=25-10 / BID | threshold=10000000 | raw_line=Bond Map
2026-08-18 15:50:11 INFO LINE | mode=3 | looking_for=25-10 / BID | threshold=10000000 | raw_line=K-Bond 메신저의 실시간 메시지를 카테고리별로 탐색합니다.
2026-08-18 15:50:11 INFO LINE | mode=3 | looking_for=25-10 / BID | threshold=10000000 | raw_line=➕
2026-08-18 15:50:11 INFO LINE | mode=3 | looking_for=25-10 / BID | threshold=10000000 | raw_line=Gov(included KTB)
2026-08-18 15:50:11 INFO LINE | mode=3 | looking_for=25-10 / BID | threshold=10000000 | raw_line=×
2026-08-18 15:50:11 INFO LINE | mode=3 | looking_for=25-10 / BID | threshold=10000000 | raw_line=26-2 77 사자 10억
2026-08-18 15:50:11 INFO LINE | mode=3 | looking_for=25-10 / BID | threshold=10000000 | raw_line=26-1 665-
2026-08-18 15:50:11 INFO LINE | mode=3 | looking_for=25-10 / BID | threshold=10000000 | raw_line=26-3 10- 50억
2026-08-18 15:50:11 INFO LINE | mode=3 | looking_for=25-10 / BID | threshold=10000000 | raw_line=26-1
2026-08-18 15:50:11 INFO LINE | mode=3 | looking_for=25-10 / BID | threshold=10000000 | raw_line=26-3 11 115 셋사자 선 60억
2026-08-18 15:50:11 INFO LINE | mode=3 | looking_for=25-10 / BID | threshold=10000000 | raw_line=26-5 85+ 50억
2026-08-18 15:50:11 INFO LINE | mode=3 | looking_for=25-10 / BID | threshold=10000000 | raw_line=26-5 845+
2026-08-18 15:50:11 INFO LINE | mode=3 | looking_for=25-10 / BID | threshold=10000000 | raw_line=26-5 84-
2026-08-18 15:50:11 INFO LINE | mode=3 | looking_for=25-10 / BID | threshold=10000000 | raw_line=26-1 665- 50억
2026-08-18 15:50:11 INFO LINE | mode=3 | looking_for=25-10 / BID | threshold=10000000 | raw_line=26-3 11 + 10
2026-08-18 15:50:11 INFO LINE | mode=3 | looking_for=25-10 / BID | threshold=10000000 | raw_line=26-3 10 -
2026-08-18 15:50:11 INFO LINE | mode=3 | looking_for=25-10 / BID | threshold=10000000 | raw_line=26-6 호가 찾습니다
2026-08-18 15:50:11 INFO LINE_OMITTED | +106
2026-08-18 15:50:12 INFO EXCEL_CONNECTED | workbook=sample.xlsm sheet=트레이딩
2026-08-18 15:50:12 INFO LINE | mode=3 | looking_for=25-10 / BID | threshold=10000000 | raw_line=REAL-TIME INTELLIGENCE FOR KOREAN BONDS
2026-08-18 15:50:12 INFO LINE | mode=3 | looking_for=25-10 / BID | threshold=10000000 | raw_line=2026.08.18 / 15:49
2026-08-18 15:50:12 INFO LINE | mode=3 | looking_for=25-10 / BID | threshold=10000000 | raw_line=jhacom02@gmail.com
2026-08-18 15:50:12 INFO LINE | mode=3 | looking_for=25-10 / BID | threshold=10000000 | raw_line=Bond Map
2026-08-18 15:50:12 INFO LINE | mode=3 | looking_for=25-10 / BID | threshold=10000000 | raw_line=K-Bond 메신저의 실시간 메시지를 카테고리별로 탐색합니다.
2026-08-18 15:50:12 INFO LINE | mode=3 | looking_for=25-10 / BID | threshold=10000000 | raw_line=➕
2026-08-18 15:50:12 INFO LINE | mode=3 | looking_for=25-10 / BID | threshold=10000000 | raw_line=Gov(included KTB)
2026-08-18 15:50:12 INFO LINE | mode=3 | looking_for=25-10 / BID | threshold=10000000 | raw_line=×
2026-08-18 15:50:12 INFO LINE | mode=3 | looking_for=25-10 / BID | threshold=10000000 | raw_line=26-2 77 사자 10억
2026-08-18 15:50:12 INFO LINE | mode=3 | looking_for=25-10 / BID | threshold=10000000 | raw_line=26-1 665-
2026-08-18 15:50:12 INFO LINE | mode=3 | looking_for=25-10 / BID | threshold=10000000 | raw_line=26-3 10- 50억
2026-08-18 15:50:12 INFO LINE | mode=3 | looking_for=25-10 / BID | threshold=10000000 | raw_line=26-1
2026-08-18 15:50:12 INFO LINE | mode=3 | looking_for=25-10 / BID | threshold=10000000 | raw_line=26-3 11 115 셋사자 선 60억
2026-08-18 15:50:12 INFO LINE | mode=3 | looking_for=25-10 / BID | threshold=10000000 | raw_line=26-5 85+ 50억
2026-08-18 15:50:12 INFO LINE | mode=3 | looking_for=25-10 / BID | threshold=10000000 | raw_line=26-5 845+
2026-08-18 15:50:12 INFO LINE | mode=3 | looking_for=25-10 / BID | threshold=10000000 | raw_line=26-5 84-
2026-08-18 15:50:12 INFO LINE | mode=3 | looking_for=25-10 / BID | threshold=10000000 | raw_line=26-1 665- 50억
2026-08-18 15:50:12 INFO LINE | mode=3 | looking_for=25-10 / BID | threshold=10000000 | raw_line=26-3 11 + 10
2026-08-18 15:50:12 INFO LINE | mode=3 | looking_for=25-10 / BID | threshold=10000000 | raw_line=26-3 10 -
2026-08-18 15:50:12 INFO LINE | mode=3 | looking_for=25-10 / BID | threshold=10000000 | raw_line=26-6 호가 찾습니다
2026-08-18 15:50:12 INFO LINE_OMITTED | +108
2026-08-18 15:50:12 INFO EXCEL_CONNECTED | workbook=sample.xlsm sheet=트레이딩
2026-08-18 15:50:12 INFO LINE | mode=3 | looking_for=25-10 / BID | threshold=10000000 | raw_line=REAL-TIME INTELLIGENCE FOR KOREAN BONDS
2026-08-18 15:50:12 INFO LINE | mode=3 | looking_for=25-10 / BID | threshold=10000000 | raw_line=2026.08.18 / 15:49
2026-08-18 15:50:12 INFO LINE | mode=3 | looking_for=25-10 / BID | threshold=10000000 | raw_line=jhacom02@gmail.com
2026-08-18 15:50:12 INFO LINE | mode=3 | looking_for=25-10 / BID | threshold=10000000 | raw_line=Bond Map
2026-08-18 15:50:12 INFO LINE | mode=3 | looking_for=25-10 / BID | threshold=10000000 | raw_line=K-Bond 메신저의 실시간 메시지를 카테고리별로 탐색합니다.
2026-08-18 15:50:12 INFO LINE | mode=3 | looking_for=25-10 / BID | threshold=10000000 | raw_line=➕
2026-08-18 15:50:12 INFO LINE | mode=3 | looking_for=25-10 / BID | threshold=10000000 | raw_line=Gov(included KTB)
2026-08-18 15:50:12 INFO LINE | mode=3 | looking_for=25-10 / BID | threshold=10000000 | raw_line=×
2026-08-18 15:50:12 INFO LINE | mode=3 | looking_for=25-10 / BID | threshold=10000000 | raw_line=26-2 77 사자 10억
2026-08-18 15:50:12 INFO LINE | mode=3 | looking_for=25-10 / BID | threshold=10000000 | raw_line=26-1 665-
2026-08-18 15:50:12 INFO LINE | mode=3 | looking_for=25-10 / BID | threshold=10000000 | raw_line=26-3 10- 50억
2026-08-18 15:50:12 INFO LINE | mode=3 | looking_for=25-10 / BID | threshold=10000000 | raw_line=26-1
2026-08-18 15:50:12 INFO LINE | mode=3 | looking_for=25-10 / BID | threshold=10000000 | raw_line=26-3 11 115 셋사자 선 60억
2026-08-18 15:50:12 INFO LINE | mode=3 | looking_for=25-10 / BID | threshold=10000000 | raw_line=26-5 85+ 50억
2026-08-18 15:50:12 INFO LINE | mode=3 | looking_for=25-10 / BID | threshold=10000000 | raw_line=26-5 845+
2026-08-18 15:50:12 INFO LINE | mode=3 | looking_for=25-10 / BID | threshold=10000000 | raw_line=26-5 84-
2026-08-18 15:50:12 INFO LINE | mode=3 | looking_for=25-10 / BID | threshold=10000000 | raw_line=26-1 665- 50억
2026-08-18 15:50:12 INFO LINE | mode=3 | looking_for=25-10 / BID | threshold=10000000 | raw_line=26-3 11 + 10
2026-08-18 15:50:12 INFO LINE | mode=3 | looking_for=25-10 / BID | threshold=10000000 | raw_line=26-3 10 -
2026-08-18 15:50:12 INFO LINE | mode=3 | looking_for=25-10 / BID | threshold=10000000 | raw_line=26-6 호가 찾습니다
2026-08-18 15:50:12 INFO LINE_OMITTED | +108
2026-08-18 15:50:13 INFO EXCEL_CONNECTED | workbook=sample.xlsm sheet=트레이딩
2026-08-18 15:50:13 INFO LINE | mode=3 | looking_for=25-10 / BID | threshold=10000000 | raw_line=REAL-TIME INTELLIGENCE FOR KOREAN BONDS
2026-08-18 15:50:13 INFO LINE | mode=3 | looking_for=25-10 / BID | threshold=10000000 | raw_line=2026.08.18 / 15:49
2026-08-18 15:50:13 INFO LINE | mode=3 | looking_for=25-10 / BID | threshold=10000000 | raw_line=jhacom02@gmail.com
2026-08-18 15:50:13 INFO LINE | mode=3 | looking_for=25-10 / BID | threshold=10000000 | raw_line=Bond Map
2026-08-18 15:50:13 INFO LINE | mode=3 | looking_for=25-10 / BID | threshold=10000000 | raw_line=K-Bond 메신저의 실시간 메시지를 카테고리별로 탐색합니다.
2026-08-18 15:50:13 INFO LINE | mode=3 | looking_for=25-10 / BID | threshold=10000000 | raw_line=➕
2026-08-18 15:50:13 INFO LINE | mode=3 | looking_for=25-10 / BID | threshold=10000000 | raw_line=Gov(included KTB)
2026-08-18 15:50:13 INFO LINE | mode=3 | looking_for=25-10 / BID | threshold=10000000 | raw_line=×
2026-08-18 15:50:13 INFO LINE | mode=3 | looking_for=25-10 / BID | threshold=10000000 | raw_line=26-2 77 사자 10억
2026-08-18 15:50:13 INFO LINE | mode=3 | looking_for=25-10 / BID | threshold=10000000 | raw_line=26-1 665-
2026-08-18 15:50:13 INFO LINE | mode=3 | looking_for=25-10 / BID | threshold=10000000 | raw_line=26-3 10- 50억
2026-08-18 15:50:13 INFO LINE | mode=3 | looking_for=25-10 / BID | threshold=10000000 | raw_line=26-1
2026-08-18 15:50:13 INFO LINE | mode=3 | looking_for=25-10 / BID | threshold=10000000 | raw_line=26-3 11 115 셋사자 선 60억
2026-08-18 15:50:13 INFO LINE | mode=3 | looking_for=25-10 / BID | threshold=10000000 | raw_line=26-5 85+ 50억
2026-08-18 15:50:13 INFO LINE | mode=3 | looking_for=25-10 / BID | threshold=10000000 | raw_line=26-5 845+
2026-08-18 15:50:13 INFO LINE | mode=3 | looking_for=25-10 / BID | threshold=10000000 | raw_line=26-5 84-
2026-08-18 15:50:13 INFO LINE | mode=3 | looking_for=25-10 / BID | threshold=10000000 | raw_line=26-1 665- 50억
2026-08-18 15:50:13 INFO LINE | mode=3 | looking_for=25-10 / BID | threshold=10000000 | raw_line=26-3 11 + 10
2026-08-18 15:50:13 INFO LINE | mode=3 | looking_for=25-10 / BID | threshold=10000000 | raw_line=26-3 10 -
2026-08-18 15:50:13 INFO LINE | mode=3 | looking_for=25-10 / BID | threshold=10000000 | raw_line=26-6 호가 찾습니다
2026-08-18 15:50:13 INFO LINE_OMITTED | +108
2026-08-18 15:50:14 INFO EXCEL_CONNECTED | workbook=sample.xlsm sheet=트레이딩
2026-08-18 15:50:14 INFO LINE | mode=3 | looking_for=25-10 / BID | threshold=10000000 | raw_line=REAL-TIME INTELLIGENCE FOR KOREAN BONDS
2026-08-18 15:50:14 INFO LINE | mode=3 | looking_for=25-10 / BID | threshold=10000000 | raw_line=2026.08.18 / 15:49
2026-08-18 15:50:14 INFO LINE | mode=3 | looking_for=25-10 / BID | threshold=10000000 | raw_line=jhacom02@gmail.com
2026-08-18 15:50:14 INFO LINE | mode=3 | looking_for=25-10 / BID | threshold=10000000 | raw_line=Bond Map
2026-08-18 15:50:14 INFO LINE | mode=3 | looking_for=25-10 / BID | threshold=10000000 | raw_line=K-Bond 메신저의 실시간 메시지를 카테고리별로 탐색합니다.
2026-08-18 15:50:14 INFO LINE | mode=3 | looking_for=25-10 / BID | threshold=10000000 | raw_line=➕
2026-08-18 15:50:14 INFO LINE | mode=3 | looking_for=25-10 / BID | threshold=10000000 | raw_line=Gov(included KTB)
2026-08-18 15:50:14 INFO LINE | mode=3 | looking_for=25-10 / BID | threshold=10000000 | raw_line=×
2026-08-18 15:50:14 INFO LINE | mode=3 | looking_for=25-10 / BID | threshold=10000000 | raw_line=26-2 77 사자 10억
2026-08-18 15:50:14 INFO LINE | mode=3 | looking_for=25-10 / BID | threshold=10000000 | raw_line=26-1 665-
2026-08-18 15:50:14 INFO LINE | mode=3 | looking_for=25-10 / BID | threshold=10000000 | raw_line=26-3 10- 50억
2026-08-18 15:50:14 INFO LINE | mode=3 | looking_for=25-10 / BID | threshold=10000000 | raw_line=26-1
2026-08-18 15:50:14 INFO LINE | mode=3 | looking_for=25-10 / BID | threshold=10000000 | raw_line=26-3 11 115 셋사자 선 60억
2026-08-18 15:50:14 INFO LINE | mode=3 | looking_for=25-10 / BID | threshold=10000000 | raw_line=26-5 85+ 50억
2026-08-18 15:50:14 INFO LINE | mode=3 | looking_for=25-10 / BID | threshold=10000000 | raw_line=26-5 845+
2026-08-18 15:50:14 INFO LINE | mode=3 | looking_for=25-10 / BID | threshold=10000000 | raw_line=26-5 84-
2026-08-18 15:50:14 INFO LINE | mode=3 | looking_for=25-10 / BID | threshold=10000000 | raw_line=26-1 665- 50억
2026-08-18 15:50:14 INFO LINE | mode=3 | looking_for=25-10 / BID | threshold=10000000 | raw_line=26-3 11 + 10
2026-08-18 15:50:14 INFO LINE | mode=3 | looking_for=25-10 / BID | threshold=10000000 | raw_line=26-3 10 -
2026-08-18 15:50:14 INFO LINE | mode=3 | looking_for=25-10 / BID | threshold=10000000 | raw_line=26-6 호가 찾습니다
2026-08-18 15:50:14 INFO LINE_OMITTED | +108
2026-08-18 15:50:14 INFO EXCEL_CONNECTED | workbook=sample.xlsm sheet=트레이딩
2026-08-18 15:50:14 INFO LINE | mode=3 | looking_for=25-10 / BID | threshold=10000000 | raw_line=REAL-TIME INTELLIGENCE FOR KOREAN BONDS
2026-08-18 15:50:14 INFO LINE | mode=3 | looking_for=25-10 / BID | threshold=10000000 | raw_line=2026.08.18 / 15:49
2026-08-18 15:50:14 INFO LINE | mode=3 | looking_for=25-10 / BID | threshold=10000000 | raw_line=jhacom02@gmail.com
2026-08-18 15:50:14 INFO LINE | mode=3 | looking_for=25-10 / BID | threshold=10000000 | raw_line=Bond Map
2026-08-18 15:50:14 INFO LINE | mode=3 | looking_for=25-10 / BID | threshold=10000000 | raw_line=K-Bond 메신저의 실시간 메시지를 카테고리별로 탐색합니다.
2026-08-18 15:50:14 INFO LINE | mode=3 | looking_for=25-10 / BID | threshold=10000000 | raw_line=➕
2026-08-18 15:50:14 INFO LINE | mode=3 | looking_for=25-10 / BID | threshold=10000000 | raw_line=Gov(included KTB)
2026-08-18 15:50:14 INFO LINE | mode=3 | looking_for=25-10 / BID | threshold=10000000 | raw_line=×
2026-08-18 15:50:14 INFO LINE | mode=3 | looking_for=25-10 / BID | threshold=10000000 | raw_line=26-2 77 사자 10억
2026-08-18 15:50:14 INFO LINE | mode=3 | looking_for=25-10 / BID | threshold=10000000 | raw_line=26-1 665-
2026-08-18 15:50:14 INFO LINE | mode=3 | looking_for=25-10 / BID | threshold=10000000 | raw_line=26-3 10- 50억
2026-08-18 15:50:14 INFO LINE | mode=3 | looking_for=25-10 / BID | threshold=10000000 | raw_line=26-1
2026-08-18 15:50:14 INFO LINE | mode=3 | looking_for=25-10 / BID | threshold=10000000 | raw_line=26-3 11 115 셋사자 선 60억
2026-08-18 15:50:14 INFO LINE | mode=3 | looking_for=25-10 / BID | threshold=10000000 | raw_line=26-5 85+ 50억
2026-08-18 15:50:14 INFO LINE | mode=3 | looking_for=25-10 / BID | threshold=10000000 | raw_line=26-5 845+
2026-08-18 15:50:14 INFO LINE | mode=3 | looking_for=25-10 / BID | threshold=10000000 | raw_line=26-5 84-
2026-08-18 15:50:14 INFO LINE | mode=3 | looking_for=25-10 / BID | threshold=10000000 | raw_line=26-1 665- 50억
2026-08-18 15:50:14 INFO LINE | mode=3 | looking_for=25-10 / BID | threshold=10000000 | raw_line=26-3 11 + 10
2026-08-18 15:50:14 INFO LINE | mode=3 | looking_for=25-10 / BID | threshold=10000000 | raw_line=26-3 10 -
2026-08-18 15:50:14 INFO LINE | mode=3 | looking_for=25-10 / BID | threshold=10000000 | raw_line=26-6 호가 찾습니다
2026-08-18 15:50:14 INFO LINE_OMITTED | +108
2026-08-18 15:50:15 INFO EXCEL_CONNECTED | workbook=sample.xlsm sheet=트레이딩
2026-08-18 15:50:15 INFO LINE | mode=3 | looking_for=25-10 / BID | threshold=10000000 | raw_line=REAL-TIME INTELLIGENCE FOR KOREAN BONDS
2026-08-18 15:50:15 INFO LINE | mode=3 | looking_for=25-10 / BID | threshold=10000000 | raw_line=2026.08.18 / 15:49
2026-08-18 15:50:15 INFO LINE | mode=3 | looking_for=25-10 / BID | threshold=10000000 | raw_line=jhacom02@gmail.com
2026-08-18 15:50:15 INFO LINE | mode=3 | looking_for=25-10 / BID | threshold=10000000 | raw_line=Bond Map
2026-08-18 15:50:15 INFO LINE | mode=3 | looking_for=25-10 / BID | threshold=10000000 | raw_line=K-Bond 메신저의 실시간 메시지를 카테고리별로 탐색합니다.
2026-08-18 15:50:15 INFO LINE | mode=3 | looking_for=25-10 / BID | threshold=10000000 | raw_line=➕
2026-08-18 15:50:15 INFO LINE | mode=3 | looking_for=25-10 / BID | threshold=10000000 | raw_line=Gov(included KTB)
2026-08-18 15:50:15 INFO LINE | mode=3 | looking_for=25-10 / BID | threshold=10000000 | raw_line=×
2026-08-18 15:50:15 INFO LINE | mode=3 | looking_for=25-10 / BID | threshold=10000000 | raw_line=26-2 77 사자 10억
2026-08-18 15:50:15 INFO LINE | mode=3 | looking_for=25-10 / BID | threshold=10000000 | raw_line=26-1 665-
2026-08-18 15:50:15 INFO LINE | mode=3 | looking_for=25-10 / BID | threshold=10000000 | raw_line=26-3 10- 50억
2026-08-18 15:50:15 INFO LINE | mode=3 | looking_for=25-10 / BID | threshold=10000000 | raw_line=26-1
2026-08-18 15:50:15 INFO LINE | mode=3 | looking_for=25-10 / BID | threshold=10000000 | raw_line=26-3 11 115 셋사자 선 60억
2026-08-18 15:50:15 INFO LINE | mode=3 | looking_for=25-10 / BID | threshold=10000000 | raw_line=26-5 85+ 50억
2026-08-18 15:50:15 INFO LINE | mode=3 | looking_for=25-10 / BID | threshold=10000000 | raw_line=26-5 845+
2026-08-18 15:50:15 INFO LINE | mode=3 | looking_for=25-10 / BID | threshold=10000000 | raw_line=26-5 84-
2026-08-18 15:50:15 INFO LINE | mode=3 | looking_for=25-10 / BID | threshold=10000000 | raw_line=26-1 665- 50억
2026-08-18 15:50:15 INFO LINE | mode=3 | looking_for=25-10 / BID | threshold=10000000 | raw_line=26-3 11 + 10
2026-08-18 15:50:15 INFO LINE | mode=3 | looking_for=25-10 / BID | threshold=10000000 | raw_line=26-3 10 -
2026-08-18 15:50:15 INFO LINE | mode=3 | looking_for=25-10 / BID | threshold=10000000 | raw_line=26-6 호가 찾습니다
2026-08-18 15:50:15 INFO LINE_OMITTED | +107
2026-08-18 15:50:16 INFO EXCEL_CONNECTED | workbook=sample.xlsm sheet=트레이딩
2026-08-18 15:50:16 INFO LINE | mode=3 | looking_for=25-10 / BID | threshold=10000000 | raw_line=REAL-TIME INTELLIGENCE FOR KOREAN BONDS
2026-08-18 15:50:16 INFO LINE | mode=3 | looking_for=25-10 / BID | threshold=10000000 | raw_line=2026.08.18 / 15:49
2026-08-18 15:50:16 INFO LINE | mode=3 | looking_for=25-10 / BID | threshold=10000000 | raw_line=jhacom02@gmail.com
2026-08-18 15:50:16 INFO LINE | mode=3 | looking_for=25-10 / BID | threshold=10000000 | raw_line=Bond Map
2026-08-18 15:50:16 INFO LINE | mode=3 | looking_for=25-10 / BID | threshold=10000000 | raw_line=K-Bond 메신저의 실시간 메시지를 카테고리별로 탐색합니다.
2026-08-18 15:50:16 INFO LINE | mode=3 | looking_for=25-10 / BID | threshold=10000000 | raw_line=➕
2026-08-18 15:50:16 INFO LINE | mode=3 | looking_for=25-10 / BID | threshold=10000000 | raw_line=Gov(included KTB)
2026-08-18 15:50:16 INFO LINE | mode=3 | looking_for=25-10 / BID | threshold=10000000 | raw_line=×
2026-08-18 15:50:16 INFO LINE | mode=3 | looking_for=25-10 / BID | threshold=10000000 | raw_line=26-2 77 사자 10억
2026-08-18 15:50:16 INFO LINE | mode=3 | looking_for=25-10 / BID | threshold=10000000 | raw_line=26-1 665-
2026-08-18 15:50:16 INFO LINE | mode=3 | looking_for=25-10 / BID | threshold=10000000 | raw_line=26-3 10- 50억
2026-08-18 15:50:16 INFO LINE | mode=3 | looking_for=25-10 / BID | threshold=10000000 | raw_line=26-1
2026-08-18 15:50:16 INFO LINE | mode=3 | looking_for=25-10 / BID | threshold=10000000 | raw_line=26-3 11 115 셋사자 선 60억
2026-08-18 15:50:16 INFO LINE | mode=3 | looking_for=25-10 / BID | threshold=10000000 | raw_line=26-5 85+ 50억
2026-08-18 15:50:16 INFO LINE | mode=3 | looking_for=25-10 / BID | threshold=10000000 | raw_line=26-5 845+
2026-08-18 15:50:16 INFO LINE | mode=3 | looking_for=25-10 / BID | threshold=10000000 | raw_line=26-5 84-
2026-08-18 15:50:16 INFO LINE | mode=3 | looking_for=25-10 / BID | threshold=10000000 | raw_line=26-1 665- 50억
2026-08-18 15:50:16 INFO LINE | mode=3 | looking_for=25-10 / BID | threshold=10000000 | raw_line=26-3 11 + 10
2026-08-18 15:50:16 INFO LINE | mode=3 | looking_for=25-10 / BID | threshold=10000000 | raw_line=26-3 10 -
2026-08-18 15:50:16 INFO LINE | mode=3 | looking_for=25-10 / BID | threshold=10000000 | raw_line=26-6 호가 찾습니다
2026-08-18 15:50:16 INFO LINE_OMITTED | +108
2026-08-18 15:50:16 INFO EXCEL_CONNECTED | workbook=sample.xlsm sheet=트레이딩
2026-08-18 15:50:16 INFO LINE | mode=3 | looking_for=25-10 / BID | threshold=10000000 | raw_line=REAL-TIME INTELLIGENCE FOR KOREAN BONDS
2026-08-18 15:50:16 INFO LINE | mode=3 | looking_for=25-10 / BID | threshold=10000000 | raw_line=2026.08.18 / 15:49
2026-08-18 15:50:16 INFO LINE | mode=3 | looking_for=25-10 / BID | threshold=10000000 | raw_line=jhacom02@gmail.com
2026-08-18 15:50:16 INFO LINE | mode=3 | looking_for=25-10 / BID | threshold=10000000 | raw_line=Bond Map
2026-08-18 15:50:16 INFO LINE | mode=3 | looking_for=25-10 / BID | threshold=10000000 | raw_line=K-Bond 메신저의 실시간 메시지를 카테고리별로 탐색합니다.
2026-08-18 15:50:16 INFO LINE | mode=3 | looking_for=25-10 / BID | threshold=10000000 | raw_line=➕
2026-08-18 15:50:16 INFO LINE | mode=3 | looking_for=25-10 / BID | threshold=10000000 | raw_line=Gov(included KTB)
2026-08-18 15:50:16 INFO LINE | mode=3 | looking_for=25-10 / BID | threshold=10000000 | raw_line=×
2026-08-18 15:50:16 INFO LINE | mode=3 | looking_for=25-10 / BID | threshold=10000000 | raw_line=26-2 77 사자 10억
2026-08-18 15:50:16 INFO LINE | mode=3 | looking_for=25-10 / BID | threshold=10000000 | raw_line=26-1 665-
2026-08-18 15:50:16 INFO LINE | mode=3 | looking_for=25-10 / BID | threshold=10000000 | raw_line=26-3 10- 50억
2026-08-18 15:50:16 INFO LINE | mode=3 | looking_for=25-10 / BID | threshold=10000000 | raw_line=26-1
2026-08-18 15:50:16 INFO LINE | mode=3 | looking_for=25-10 / BID | threshold=10000000 | raw_line=26-3 11 115 셋사자 선 60억
2026-08-18 15:50:16 INFO LINE | mode=3 | looking_for=25-10 / BID | threshold=10000000 | raw_line=26-5 85+ 50억
2026-08-18 15:50:16 INFO LINE | mode=3 | looking_for=25-10 / BID | threshold=10000000 | raw_line=26-5 845+
2026-08-18 15:50:16 INFO LINE | mode=3 | looking_for=25-10 / BID | threshold=10000000 | raw_line=26-5 84-
2026-08-18 15:50:16 INFO LINE | mode=3 | looking_for=25-10 / BID | threshold=10000000 | raw_line=26-1 665- 50억
2026-08-18 15:50:16 INFO LINE | mode=3 | looking_for=25-10 / BID | threshold=10000000 | raw_line=26-3 11 + 10
2026-08-18 15:50:16 INFO LINE | mode=3 | looking_for=25-10 / BID | threshold=10000000 | raw_line=26-3 10 -
2026-08-18 15:50:16 INFO LINE | mode=3 | looking_for=25-10 / BID | threshold=10000000 | raw_line=26-6 호가 찾습니다
2026-08-18 15:50:16 INFO LINE_OMITTED | +108
2026-08-18 15:50:17 INFO EXCEL_CONNECTED | workbook=sample.xlsm sheet=트레이딩
2026-08-18 15:50:17 INFO LINE | mode=3 | looking_for=25-10 / BID | threshold=10000000 | raw_line=REAL-TIME INTELLIGENCE FOR KOREAN BONDS
2026-08-18 15:50:17 INFO LINE | mode=3 | looking_for=25-10 / BID | threshold=10000000 | raw_line=2026.08.18 / 15:49
2026-08-18 15:50:17 INFO LINE | mode=3 | looking_for=25-10 / BID | threshold=10000000 | raw_line=jhacom02@gmail.com
2026-08-18 15:50:17 INFO LINE | mode=3 | looking_for=25-10 / BID | threshold=10000000 | raw_line=Bond Map
2026-08-18 15:50:17 INFO LINE | mode=3 | looking_for=25-10 / BID | threshold=10000000 | raw_line=K-Bond 메신저의 실시간 메시지를 카테고리별로 탐색합니다.
2026-08-18 15:50:17 INFO LINE | mode=3 | looking_for=25-10 / BID | threshold=10000000 | raw_line=➕
2026-08-18 15:50:17 INFO LINE | mode=3 | looking_for=25-10 / BID | threshold=10000000 | raw_line=Gov(included KTB)
2026-08-18 15:50:17 INFO LINE | mode=3 | looking_for=25-10 / BID | threshold=10000000 | raw_line=×
2026-08-18 15:50:17 INFO LINE | mode=3 | looking_for=25-10 / BID | threshold=10000000 | raw_line=20-9 10+
2026-08-18 15:50:17 INFO LINE | mode=3 | looking_for=25-10 / BID | threshold=10000000 | raw_line=26-6 375-
2026-08-18 15:50:17 INFO LINE | mode=3 | looking_for=25-10 / BID | threshold=10000000 | raw_line=26-5 84-
2026-08-18 15:50:17 INFO LINE | mode=3 | looking_for=25-10 / BID | threshold=10000000 | raw_line=26-2 77 사자 10억
2026-08-18 15:50:17 INFO LINE | mode=3 | looking_for=25-10 / BID | threshold=10000000 | raw_line=26-1 665-
2026-08-18 15:50:17 INFO LINE | mode=3 | looking_for=25-10 / BID | threshold=10000000 | raw_line=26-3 10- 50억
2026-08-18 15:50:17 INFO LINE | mode=3 | looking_for=25-10 / BID | threshold=10000000 | raw_line=26-1
2026-08-18 15:50:17 INFO LINE | mode=3 | looking_for=25-10 / BID | threshold=10000000 | raw_line=26-3 11 115 셋사자 선 60억
2026-08-18 15:50:17 INFO LINE | mode=3 | looking_for=25-10 / BID | threshold=10000000 | raw_line=26-5 85+ 50억
2026-08-18 15:50:17 INFO LINE | mode=3 | looking_for=25-10 / BID | threshold=10000000 | raw_line=26-5 845+
2026-08-18 15:50:17 INFO LINE | mode=3 | looking_for=25-10 / BID | threshold=10000000 | raw_line=26-1 665- 50억
2026-08-18 15:50:17 INFO LINE | mode=3 | looking_for=25-10 / BID | threshold=10000000 | raw_line=26-3 11 + 10
2026-08-18 15:50:17 INFO LINE_OMITTED | +98
2026-08-18 15:50:18 INFO EXCEL_CONNECTED | workbook=sample.xlsm sheet=트레이딩
2026-08-18 15:50:18 INFO LINE | mode=3 | looking_for=25-10 / BID | threshold=10000000 | raw_line=REAL-TIME INTELLIGENCE FOR KOREAN BONDS
2026-08-18 15:50:18 INFO LINE | mode=3 | looking_for=25-10 / BID | threshold=10000000 | raw_line=2026.08.18 / 15:49
2026-08-18 15:50:18 INFO LINE | mode=3 | looking_for=25-10 / BID | threshold=10000000 | raw_line=jhacom02@gmail.com
2026-08-18 15:50:18 INFO LINE | mode=3 | looking_for=25-10 / BID | threshold=10000000 | raw_line=Bond Map
2026-08-18 15:50:18 INFO LINE | mode=3 | looking_for=25-10 / BID | threshold=10000000 | raw_line=K-Bond 메신저의 실시간 메시지를 카테고리별로 탐색합니다.
2026-08-18 15:50:18 INFO LINE | mode=3 | looking_for=25-10 / BID | threshold=10000000 | raw_line=➕
2026-08-18 15:50:18 INFO LINE | mode=3 | looking_for=25-10 / BID | threshold=10000000 | raw_line=Gov(included KTB)
2026-08-18 15:50:18 INFO LINE | mode=3 | looking_for=25-10 / BID | threshold=10000000 | raw_line=×
2026-08-18 15:50:18 INFO LINE | mode=3 | looking_for=25-10 / BID | threshold=10000000 | raw_line=20-9 10+
2026-08-18 15:50:18 INFO LINE | mode=3 | looking_for=25-10 / BID | threshold=10000000 | raw_line=26-6 375-
2026-08-18 15:50:18 INFO LINE | mode=3 | looking_for=25-10 / BID | threshold=10000000 | raw_line=26-5 84-
2026-08-18 15:50:18 INFO LINE | mode=3 | looking_for=25-10 / BID | threshold=10000000 | raw_line=26-2 77 사자 10억
2026-08-18 15:50:18 INFO LINE | mode=3 | looking_for=25-10 / BID | threshold=10000000 | raw_line=26-1 665-
2026-08-18 15:50:18 INFO LINE | mode=3 | looking_for=25-10 / BID | threshold=10000000 | raw_line=26-3 10- 50억
2026-08-18 15:50:18 INFO LINE | mode=3 | looking_for=25-10 / BID | threshold=10000000 | raw_line=26-1
2026-08-18 15:50:18 INFO LINE | mode=3 | looking_for=25-10 / BID | threshold=10000000 | raw_line=26-3 11 115 셋사자 선 60억
2026-08-18 15:50:18 INFO LINE | mode=3 | looking_for=25-10 / BID | threshold=10000000 | raw_line=26-5 85+ 50억
2026-08-18 15:50:18 INFO LINE | mode=3 | looking_for=25-10 / BID | threshold=10000000 | raw_line=26-5 845+
2026-08-18 15:50:18 INFO LINE | mode=3 | looking_for=25-10 / BID | threshold=10000000 | raw_line=26-1 665- 50억
2026-08-18 15:50:18 INFO LINE | mode=3 | looking_for=25-10 / BID | threshold=10000000 | raw_line=26-3 11 + 10
2026-08-18 15:50:18 INFO LINE_OMITTED | +106
2026-08-18 15:50:18 INFO EXCEL_CONNECTED | workbook=sample.xlsm sheet=트레이딩
2026-08-18 15:50:18 INFO LINE | mode=3 | looking_for=25-10 / BID | threshold=10000000 | raw_line=REAL-TIME INTELLIGENCE FOR KOREAN BONDS
2026-08-18 15:50:18 INFO LINE | mode=3 | looking_for=25-10 / BID | threshold=10000000 | raw_line=2026.08.18 / 15:49
2026-08-18 15:50:18 INFO LINE | mode=3 | looking_for=25-10 / BID | threshold=10000000 | raw_line=jhacom02@gmail.com
2026-08-18 15:50:18 INFO LINE | mode=3 | looking_for=25-10 / BID | threshold=10000000 | raw_line=Bond Map
2026-08-18 15:50:18 INFO LINE | mode=3 | looking_for=25-10 / BID | threshold=10000000 | raw_line=K-Bond 메신저의 실시간 메시지를 카테고리별로 탐색합니다.
2026-08-18 15:50:18 INFO LINE | mode=3 | looking_for=25-10 / BID | threshold=10000000 | raw_line=➕
2026-08-18 15:50:18 INFO LINE | mode=3 | looking_for=25-10 / BID | threshold=10000000 | raw_line=Gov(included KTB)
2026-08-18 15:50:18 INFO LINE | mode=3 | looking_for=25-10 / BID | threshold=10000000 | raw_line=×
2026-08-18 15:50:18 INFO LINE | mode=3 | looking_for=25-10 / BID | threshold=10000000 | raw_line=20-9 10+
2026-08-18 15:50:18 INFO LINE | mode=3 | looking_for=25-10 / BID | threshold=10000000 | raw_line=26-6 375-
2026-08-18 15:50:18 INFO LINE | mode=3 | looking_for=25-10 / BID | threshold=10000000 | raw_line=26-5 84-
2026-08-18 15:50:18 INFO LINE | mode=3 | looking_for=25-10 / BID | threshold=10000000 | raw_line=26-2 77 사자 10억
2026-08-18 15:50:18 INFO LINE | mode=3 | looking_for=25-10 / BID | threshold=10000000 | raw_line=26-1 665-
2026-08-18 15:50:18 INFO LINE | mode=3 | looking_for=25-10 / BID | threshold=10000000 | raw_line=26-3 10- 50억
2026-08-18 15:50:18 INFO LINE | mode=3 | looking_for=25-10 / BID | threshold=10000000 | raw_line=26-1
2026-08-18 15:50:18 INFO LINE | mode=3 | looking_for=25-10 / BID | threshold=10000000 | raw_line=26-3 11 115 셋사자 선 60억
2026-08-18 15:50:18 INFO LINE | mode=3 | looking_for=25-10 / BID | threshold=10000000 | raw_line=26-5 85+ 50억
2026-08-18 15:50:18 INFO LINE | mode=3 | looking_for=25-10 / BID | threshold=10000000 | raw_line=26-5 845+
2026-08-18 15:50:18 INFO LINE | mode=3 | looking_for=25-10 / BID | threshold=10000000 | raw_line=26-1 665- 50억
2026-08-18 15:50:18 INFO LINE | mode=3 | looking_for=25-10 / BID | threshold=10000000 | raw_line=26-3 11 + 10
2026-08-18 15:50:18 INFO LINE_OMITTED | +106
2026-08-18 15:50:19 INFO EXCEL_CONNECTED | workbook=sample.xlsm sheet=트레이딩
2026-08-18 15:50:19 INFO LINE | mode=3 | looking_for=25-10 / BID | threshold=10000000 | raw_line=REAL-TIME INTELLIGENCE FOR KOREAN BONDS
2026-08-18 15:50:19 INFO LINE | mode=3 | looking_for=25-10 / BID | threshold=10000000 | raw_line=2026.08.18 / 15:49
2026-08-18 15:50:19 INFO LINE | mode=3 | looking_for=25-10 / BID | threshold=10000000 | raw_line=jhacom02@gmail.com
2026-08-18 15:50:19 INFO LINE | mode=3 | looking_for=25-10 / BID | threshold=10000000 | raw_line=Bond Map
2026-08-18 15:50:19 INFO LINE | mode=3 | looking_for=25-10 / BID | threshold=10000000 | raw_line=K-Bond 메신저의 실시간 메시지를 카테고리별로 탐색합니다.
2026-08-18 15:50:19 INFO LINE | mode=3 | looking_for=25-10 / BID | threshold=10000000 | raw_line=➕
2026-08-18 15:50:19 INFO LINE | mode=3 | looking_for=25-10 / BID | threshold=10000000 | raw_line=Gov(included KTB)
2026-08-18 15:50:19 INFO LINE | mode=3 | looking_for=25-10 / BID | threshold=10000000 | raw_line=×
2026-08-18 15:50:19 INFO LINE | mode=3 | looking_for=25-10 / BID | threshold=10000000 | raw_line=26-5 85+ 50억
2026-08-18 15:50:19 INFO LINE | mode=3 | looking_for=25-10 / BID | threshold=10000000 | raw_line=20-9 10+
2026-08-18 15:50:19 INFO LINE | mode=3 | looking_for=25-10 / BID | threshold=10000000 | raw_line=26-6 375-
2026-08-18 15:50:19 INFO LINE | mode=3 | looking_for=25-10 / BID | threshold=10000000 | raw_line=26-5 84-
2026-08-18 15:50:19 INFO LINE | mode=3 | looking_for=25-10 / BID | threshold=10000000 | raw_line=26-2 77 사자 10억
2026-08-18 15:50:19 INFO LINE | mode=3 | looking_for=25-10 / BID | threshold=10000000 | raw_line=26-1 665-
2026-08-18 15:50:19 INFO LINE | mode=3 | looking_for=25-10 / BID | threshold=10000000 | raw_line=26-3 10- 50억
2026-08-18 15:50:19 INFO LINE | mode=3 | looking_for=25-10 / BID | threshold=10000000 | raw_line=26-1
2026-08-18 15:50:19 INFO LINE | mode=3 | looking_for=25-10 / BID | threshold=10000000 | raw_line=26-3 11 115 셋사자 선 60억
2026-08-18 15:50:19 INFO LINE | mode=3 | looking_for=25-10 / BID | threshold=10000000 | raw_line=26-5 845+
2026-08-18 15:50:19 INFO LINE | mode=3 | looking_for=25-10 / BID | threshold=10000000 | raw_line=26-1 665- 50억
2026-08-18 15:50:19 INFO LINE | mode=3 | looking_for=25-10 / BID | threshold=10000000 | raw_line=26-3 11 + 10
2026-08-18 15:50:19 INFO LINE_OMITTED | +96
2026-08-18 15:50:20 INFO EXCEL_CONNECTED | workbook=sample.xlsm sheet=트레이딩
2026-08-18 15:50:20 INFO LINE | mode=3 | looking_for=25-10 / BID | threshold=10000000 | raw_line=REAL-TIME INTELLIGENCE FOR KOREAN BONDS
2026-08-18 15:50:20 INFO LINE | mode=3 | looking_for=25-10 / BID | threshold=10000000 | raw_line=2026.08.18 / 15:49
2026-08-18 15:50:20 INFO LINE | mode=3 | looking_for=25-10 / BID | threshold=10000000 | raw_line=jhacom02@gmail.com
2026-08-18 15:50:20 INFO LINE | mode=3 | looking_for=25-10 / BID | threshold=10000000 | raw_line=Bond Map
2026-08-18 15:50:20 INFO LINE | mode=3 | looking_for=25-10 / BID | threshold=10000000 | raw_line=K-Bond 메신저의 실시간 메시지를 카테고리별로 탐색합니다.
2026-08-18 15:50:20 INFO LINE | mode=3 | looking_for=25-10 / BID | threshold=10000000 | raw_line=➕
2026-08-18 15:50:20 INFO LINE | mode=3 | looking_for=25-10 / BID | threshold=10000000 | raw_line=Gov(included KTB)
2026-08-18 15:50:20 INFO LINE | mode=3 | looking_for=25-10 / BID | threshold=10000000 | raw_line=×
2026-08-18 15:50:20 INFO LINE | mode=3 | looking_for=25-10 / BID | threshold=10000000 | raw_line=26-5 85+ 50억
2026-08-18 15:50:20 INFO LINE | mode=3 | looking_for=25-10 / BID | threshold=10000000 | raw_line=20-9 10+
2026-08-18 15:50:20 INFO LINE | mode=3 | looking_for=25-10 / BID | threshold=10000000 | raw_line=26-6 375-
2026-08-18 15:50:20 INFO LINE | mode=3 | looking_for=25-10 / BID | threshold=10000000 | raw_line=26-5 84-
2026-08-18 15:50:20 INFO LINE | mode=3 | looking_for=25-10 / BID | threshold=10000000 | raw_line=26-2 77 사자 10억
2026-08-18 15:50:20 INFO LINE | mode=3 | looking_for=25-10 / BID | threshold=10000000 | raw_line=26-1 665-
2026-08-18 15:50:20 INFO LINE | mode=3 | looking_for=25-10 / BID | threshold=10000000 | raw_line=26-3 10- 50억
2026-08-18 15:50:20 INFO LINE | mode=3 | looking_for=25-10 / BID | threshold=10000000 | raw_line=26-1
2026-08-18 15:50:20 INFO LINE | mode=3 | looking_for=25-10 / BID | threshold=10000000 | raw_line=26-3 11 115 셋사자 선 60억
2026-08-18 15:50:20 INFO LINE | mode=3 | looking_for=25-10 / BID | threshold=10000000 | raw_line=26-5 845+
2026-08-18 15:50:20 INFO LINE | mode=3 | looking_for=25-10 / BID | threshold=10000000 | raw_line=26-1 665- 50억
2026-08-18 15:50:20 INFO LINE | mode=3 | looking_for=25-10 / BID | threshold=10000000 | raw_line=26-3 11 + 10
2026-08-18 15:50:20 INFO LINE_OMITTED | +103
2026-08-18 15:50:21 INFO EXCEL_CONNECTED | workbook=sample.xlsm sheet=트레이딩
2026-08-18 15:50:21 INFO LINE | mode=3 | looking_for=25-10 / BID | threshold=10000000 | raw_line=REAL-TIME INTELLIGENCE FOR KOREAN BONDS
2026-08-18 15:50:21 INFO LINE | mode=3 | looking_for=25-10 / BID | threshold=10000000 | raw_line=2026.08.18 / 15:49
2026-08-18 15:50:21 INFO LINE | mode=3 | looking_for=25-10 / BID | threshold=10000000 | raw_line=jhacom02@gmail.com
2026-08-18 15:50:21 INFO LINE | mode=3 | looking_for=25-10 / BID | threshold=10000000 | raw_line=Bond Map
2026-08-18 15:50:21 INFO LINE | mode=3 | looking_for=25-10 / BID | threshold=10000000 | raw_line=K-Bond 메신저의 실시간 메시지를 카테고리별로 탐색합니다.
2026-08-18 15:50:21 INFO LINE | mode=3 | looking_for=25-10 / BID | threshold=10000000 | raw_line=➕
2026-08-18 15:50:21 INFO LINE | mode=3 | looking_for=25-10 / BID | threshold=10000000 | raw_line=Gov(included KTB)
2026-08-18 15:50:21 INFO LINE | mode=3 | looking_for=25-10 / BID | threshold=10000000 | raw_line=×
2026-08-18 15:50:21 INFO LINE | mode=3 | looking_for=25-10 / BID | threshold=10000000 | raw_line=26-5 85+ 50억
2026-08-18 15:50:21 INFO LINE | mode=3 | looking_for=25-10 / BID | threshold=10000000 | raw_line=20-9 10+
2026-08-18 15:50:21 INFO LINE | mode=3 | looking_for=25-10 / BID | threshold=10000000 | raw_line=26-6 375-
2026-08-18 15:50:21 INFO LINE | mode=3 | looking_for=25-10 / BID | threshold=10000000 | raw_line=26-5 84-
2026-08-18 15:50:21 INFO LINE | mode=3 | looking_for=25-10 / BID | threshold=10000000 | raw_line=26-2 77 사자 10억
2026-08-18 15:50:21 INFO LINE | mode=3 | looking_for=25-10 / BID | threshold=10000000 | raw_line=26-1 665-
2026-08-18 15:50:21 INFO LINE | mode=3 | looking_for=25-10 / BID | threshold=10000000 | raw_line=26-3 10- 50억
2026-08-18 15:50:21 INFO LINE | mode=3 | looking_for=25-10 / BID | threshold=10000000 | raw_line=26-1
2026-08-18 15:50:21 INFO LINE | mode=3 | looking_for=25-10 / BID | threshold=10000000 | raw_line=26-3 11 115 셋사자 선 60억
2026-08-18 15:50:21 INFO LINE | mode=3 | looking_for=25-10 / BID | threshold=10000000 | raw_line=26-5 845+
2026-08-18 15:50:21 INFO LINE | mode=3 | looking_for=25-10 / BID | threshold=10000000 | raw_line=26-1 665- 50억
2026-08-18 15:50:21 INFO LINE | mode=3 | looking_for=25-10 / BID | threshold=10000000 | raw_line=26-3 11 + 10
2026-08-18 15:50:21 INFO LINE_OMITTED | +104
2026-08-18 15:50:21 INFO EXCEL_CONNECTED | workbook=sample.xlsm sheet=트레이딩
2026-08-18 15:50:21 INFO LINE | mode=3 | looking_for=25-10 / BID | threshold=10000000 | raw_line=REAL-TIME INTELLIGENCE FOR KOREAN BONDS
2026-08-18 15:50:21 INFO LINE | mode=3 | looking_for=25-10 / BID | threshold=10000000 | raw_line=2026.08.18 / 15:49
2026-08-18 15:50:21 INFO LINE | mode=3 | looking_for=25-10 / BID | threshold=10000000 | raw_line=jhacom02@gmail.com
2026-08-18 15:50:21 INFO LINE | mode=3 | looking_for=25-10 / BID | threshold=10000000 | raw_line=Bond Map
2026-08-18 15:50:21 INFO LINE | mode=3 | looking_for=25-10 / BID | threshold=10000000 | raw_line=K-Bond 메신저의 실시간 메시지를 카테고리별로 탐색합니다.
2026-08-18 15:50:21 INFO LINE | mode=3 | looking_for=25-10 / BID | threshold=10000000 | raw_line=➕
2026-08-18 15:50:21 INFO LINE | mode=3 | looking_for=25-10 / BID | threshold=10000000 | raw_line=Gov(included KTB)
2026-08-18 15:50:21 INFO LINE | mode=3 | looking_for=25-10 / BID | threshold=10000000 | raw_line=×
2026-08-18 15:50:21 INFO LINE | mode=3 | looking_for=25-10 / BID | threshold=10000000 | raw_line=25-9 매도 있나요?
2026-08-18 15:50:21 INFO LINE | mode=3 | looking_for=25-10 / BID | threshold=10000000 | raw_line=26-5 845+ 10억
2026-08-18 15:50:21 INFO LINE | mode=3 | looking_for=25-10 / BID | threshold=10000000 | raw_line=26-5 85+ 50억
2026-08-18 15:50:21 INFO LINE | mode=3 | looking_for=25-10 / BID | threshold=10000000 | raw_line=20-9 10+
2026-08-18 15:50:21 INFO LINE | mode=3 | looking_for=25-10 / BID | threshold=10000000 | raw_line=26-6 375-
2026-08-18 15:50:21 INFO LINE | mode=3 | looking_for=25-10 / BID | threshold=10000000 | raw_line=26-5 84-
2026-08-18 15:50:21 INFO LINE | mode=3 | looking_for=25-10 / BID | threshold=10000000 | raw_line=26-2 77 사자 10억
2026-08-18 15:50:21 INFO LINE | mode=3 | looking_for=25-10 / BID | threshold=10000000 | raw_line=26-1 665-
2026-08-18 15:50:21 INFO LINE | mode=3 | looking_for=25-10 / BID | threshold=10000000 | raw_line=26-3 10- 50억
2026-08-18 15:50:21 INFO LINE | mode=3 | looking_for=25-10 / BID | threshold=10000000 | raw_line=26-1
2026-08-18 15:50:21 INFO LINE | mode=3 | looking_for=25-10 / BID | threshold=10000000 | raw_line=26-3 11 115 셋사자 선 60억
2026-08-18 15:50:21 INFO LINE | mode=3 | looking_for=25-10 / BID | threshold=10000000 | raw_line=26-5 845+
2026-08-18 15:50:21 INFO LINE_OMITTED | +96
2026-08-18 15:50:22 INFO EXCEL_CONNECTED | workbook=sample.xlsm sheet=트레이딩
2026-08-18 15:50:22 INFO LINE | mode=3 | looking_for=25-10 / BID | threshold=10000000 | raw_line=REAL-TIME INTELLIGENCE FOR KOREAN BONDS
2026-08-18 15:50:22 INFO LINE | mode=3 | looking_for=25-10 / BID | threshold=10000000 | raw_line=2026.08.18 / 15:49
2026-08-18 15:50:22 INFO LINE | mode=3 | looking_for=25-10 / BID | threshold=10000000 | raw_line=jhacom02@gmail.com
2026-08-18 15:50:22 INFO LINE | mode=3 | looking_for=25-10 / BID | threshold=10000000 | raw_line=Bond Map
2026-08-18 15:50:22 INFO LINE | mode=3 | looking_for=25-10 / BID | threshold=10000000 | raw_line=K-Bond 메신저의 실시간 메시지를 카테고리별로 탐색합니다.
2026-08-18 15:50:22 INFO LINE | mode=3 | looking_for=25-10 / BID | threshold=10000000 | raw_line=➕
2026-08-18 15:50:22 INFO LINE | mode=3 | looking_for=25-10 / BID | threshold=10000000 | raw_line=Gov(included KTB)
2026-08-18 15:50:22 INFO LINE | mode=3 | looking_for=25-10 / BID | threshold=10000000 | raw_line=×
2026-08-18 15:50:22 INFO LINE | mode=3 | looking_for=25-10 / BID | threshold=10000000 | raw_line=26-5 0.75 당팔선사 60억
2026-08-18 15:50:22 INFO LINE | mode=3 | looking_for=25-10 / BID | threshold=10000000 | raw_line=25-9 매도 있나요?
2026-08-18 15:50:22 INFO LINE | mode=3 | looking_for=25-10 / BID | threshold=10000000 | raw_line=26-5 845+ 10억
2026-08-18 15:50:22 INFO LINE | mode=3 | looking_for=25-10 / BID | threshold=10000000 | raw_line=26-5 85+ 50억
2026-08-18 15:50:22 INFO LINE | mode=3 | looking_for=25-10 / BID | threshold=10000000 | raw_line=20-9 10+
2026-08-18 15:50:22 INFO LINE | mode=3 | looking_for=25-10 / BID | threshold=10000000 | raw_line=26-6 375-
2026-08-18 15:50:22 INFO LINE | mode=3 | looking_for=25-10 / BID | threshold=10000000 | raw_line=26-5 84-
2026-08-18 15:50:22 INFO LINE | mode=3 | looking_for=25-10 / BID | threshold=10000000 | raw_line=26-2 77 사자 10억
2026-08-18 15:50:22 INFO LINE | mode=3 | looking_for=25-10 / BID | threshold=10000000 | raw_line=26-1 665-
2026-08-18 15:50:22 INFO LINE | mode=3 | looking_for=25-10 / BID | threshold=10000000 | raw_line=26-3 10- 50억
2026-08-18 15:50:22 INFO LINE | mode=3 | looking_for=25-10 / BID | threshold=10000000 | raw_line=26-1
2026-08-18 15:50:22 INFO LINE | mode=3 | looking_for=25-10 / BID | threshold=10000000 | raw_line=26-3 11 115 셋사자 선 60억
2026-08-18 15:50:22 INFO LINE_OMITTED | +98
2026-08-18 15:50:23 INFO EXCEL_CONNECTED | workbook=sample.xlsm sheet=트레이딩
2026-08-18 15:50:23 INFO LINE | mode=3 | looking_for=25-10 / BID | threshold=10000000 | raw_line=REAL-TIME INTELLIGENCE FOR KOREAN BONDS
2026-08-18 15:50:23 INFO LINE | mode=3 | looking_for=25-10 / BID | threshold=10000000 | raw_line=2026.08.18 / 15:49
2026-08-18 15:50:23 INFO LINE | mode=3 | looking_for=25-10 / BID | threshold=10000000 | raw_line=jhacom02@gmail.com
2026-08-18 15:50:23 INFO LINE | mode=3 | looking_for=25-10 / BID | threshold=10000000 | raw_line=Bond Map
2026-08-18 15:50:23 INFO LINE | mode=3 | looking_for=25-10 / BID | threshold=10000000 | raw_line=K-Bond 메신저의 실시간 메시지를 카테고리별로 탐색합니다.
2026-08-18 15:50:23 INFO LINE | mode=3 | looking_for=25-10 / BID | threshold=10000000 | raw_line=➕
2026-08-18 15:50:23 INFO LINE | mode=3 | looking_for=25-10 / BID | threshold=10000000 | raw_line=Gov(included KTB)
2026-08-18 15:50:23 INFO LINE | mode=3 | looking_for=25-10 / BID | threshold=10000000 | raw_line=×
2026-08-18 15:50:23 INFO LINE | mode=3 | looking_for=25-10 / BID | threshold=10000000 | raw_line=26-5 0.75 당팔선사 60억
2026-08-18 15:50:23 INFO LINE | mode=3 | looking_for=25-10 / BID | threshold=10000000 | raw_line=25-9 매도 있나요?
2026-08-18 15:50:23 INFO LINE | mode=3 | looking_for=25-10 / BID | threshold=10000000 | raw_line=26-5 845+ 10억
2026-08-18 15:50:23 INFO LINE | mode=3 | looking_for=25-10 / BID | threshold=10000000 | raw_line=26-5 85+ 50억
2026-08-18 15:50:23 INFO LINE | mode=3 | looking_for=25-10 / BID | threshold=10000000 | raw_line=20-9 10+
2026-08-18 15:50:23 INFO LINE | mode=3 | looking_for=25-10 / BID | threshold=10000000 | raw_line=26-6 375-
2026-08-18 15:50:23 INFO LINE | mode=3 | looking_for=25-10 / BID | threshold=10000000 | raw_line=26-5 84-
2026-08-18 15:50:23 INFO LINE | mode=3 | looking_for=25-10 / BID | threshold=10000000 | raw_line=26-2 77 사자 10억
2026-08-18 15:50:23 INFO LINE | mode=3 | looking_for=25-10 / BID | threshold=10000000 | raw_line=26-1 665-
2026-08-18 15:50:23 INFO LINE | mode=3 | looking_for=25-10 / BID | threshold=10000000 | raw_line=26-3 10- 50억
2026-08-18 15:50:23 INFO LINE | mode=3 | looking_for=25-10 / BID | threshold=10000000 | raw_line=26-1
2026-08-18 15:50:23 INFO LINE | mode=3 | looking_for=25-10 / BID | threshold=10000000 | raw_line=26-3 11 115 셋사자 선 60억
2026-08-18 15:50:23 INFO LINE_OMITTED | +104
2026-08-18 15:50:23 INFO EXCEL_CONNECTED | workbook=sample.xlsm sheet=트레이딩
2026-08-18 15:50:23 INFO LINE | mode=3 | looking_for=25-10 / BID | threshold=10000000 | raw_line=REAL-TIME INTELLIGENCE FOR KOREAN BONDS
2026-08-18 15:50:23 INFO LINE | mode=3 | looking_for=25-10 / BID | threshold=10000000 | raw_line=2026.08.18 / 15:49
2026-08-18 15:50:23 INFO LINE | mode=3 | looking_for=25-10 / BID | threshold=10000000 | raw_line=jhacom02@gmail.com
2026-08-18 15:50:23 INFO LINE | mode=3 | looking_for=25-10 / BID | threshold=10000000 | raw_line=Bond Map
2026-08-18 15:50:23 INFO LINE | mode=3 | looking_for=25-10 / BID | threshold=10000000 | raw_line=K-Bond 메신저의 실시간 메시지를 카테고리별로 탐색합니다.
2026-08-18 15:50:23 INFO LINE | mode=3 | looking_for=25-10 / BID | threshold=10000000 | raw_line=➕
2026-08-18 15:50:23 INFO LINE | mode=3 | looking_for=25-10 / BID | threshold=10000000 | raw_line=Gov(included KTB)
2026-08-18 15:50:23 INFO LINE | mode=3 | looking_for=25-10 / BID | threshold=10000000 | raw_line=×
2026-08-18 15:50:23 INFO LINE | mode=3 | looking_for=25-10 / BID | threshold=10000000 | raw_line=26-5 0.75 당팔선사 60억
2026-08-18 15:50:23 INFO LINE | mode=3 | looking_for=25-10 / BID | threshold=10000000 | raw_line=25-9 매도 있나요?
2026-08-18 15:50:23 INFO LINE | mode=3 | looking_for=25-10 / BID | threshold=10000000 | raw_line=26-5 845+ 10억
2026-08-18 15:50:23 INFO LINE | mode=3 | looking_for=25-10 / BID | threshold=10000000 | raw_line=26-5 85+ 50억
2026-08-18 15:50:23 INFO LINE | mode=3 | looking_for=25-10 / BID | threshold=10000000 | raw_line=20-9 10+
2026-08-18 15:50:23 INFO LINE | mode=3 | looking_for=25-10 / BID | threshold=10000000 | raw_line=26-6 375-
2026-08-18 15:50:23 INFO LINE | mode=3 | looking_for=25-10 / BID | threshold=10000000 | raw_line=26-5 84-
2026-08-18 15:50:23 INFO LINE | mode=3 | looking_for=25-10 / BID | threshold=10000000 | raw_line=26-2 77 사자 10억
2026-08-18 15:50:23 INFO LINE | mode=3 | looking_for=25-10 / BID | threshold=10000000 | raw_line=26-1 665-
2026-08-18 15:50:23 INFO LINE | mode=3 | looking_for=25-10 / BID | threshold=10000000 | raw_line=26-3 10- 50억
2026-08-18 15:50:23 INFO LINE | mode=3 | looking_for=25-10 / BID | threshold=10000000 | raw_line=26-1
2026-08-18 15:50:23 INFO LINE | mode=3 | looking_for=25-10 / BID | threshold=10000000 | raw_line=26-3 11 115 셋사자 선 60억
2026-08-18 15:50:23 INFO LINE_OMITTED | +105
2026-08-18 15:50:24 INFO EXCEL_CONNECTED | workbook=sample.xlsm sheet=트레이딩
2026-08-18 15:50:24 INFO LINE | mode=3 | looking_for=25-10 / BID | threshold=10000000 | raw_line=REAL-TIME INTELLIGENCE FOR KOREAN BONDS
2026-08-18 15:50:24 INFO LINE | mode=3 | looking_for=25-10 / BID | threshold=10000000 | raw_line=2026.08.18 / 15:50
2026-08-18 15:50:24 INFO LINE | mode=3 | looking_for=25-10 / BID | threshold=10000000 | raw_line=jhacom02@gmail.com
2026-08-18 15:50:24 INFO LINE | mode=3 | looking_for=25-10 / BID | threshold=10000000 | raw_line=Bond Map
2026-08-18 15:50:24 INFO LINE | mode=3 | looking_for=25-10 / BID | threshold=10000000 | raw_line=K-Bond 메신저의 실시간 메시지를 카테고리별로 탐색합니다.
2026-08-18 15:50:24 INFO LINE | mode=3 | looking_for=25-10 / BID | threshold=10000000 | raw_line=➕
2026-08-18 15:50:24 INFO LINE | mode=3 | looking_for=25-10 / BID | threshold=10000000 | raw_line=Gov(included KTB)
2026-08-18 15:50:24 INFO LINE | mode=3 | looking_for=25-10 / BID | threshold=10000000 | raw_line=×
2026-08-18 15:50:24 INFO LINE | mode=3 | looking_for=25-10 / BID | threshold=10000000 | raw_line=26-1 665-
2026-08-18 15:50:24 INFO LINE | mode=3 | looking_for=25-10 / BID | threshold=10000000 | raw_line=26-5 0.75 당팔선사 60억
2026-08-18 15:50:24 INFO LINE | mode=3 | looking_for=25-10 / BID | threshold=10000000 | raw_line=25-9 매도 있나요?
2026-08-18 15:50:24 INFO LINE | mode=3 | looking_for=25-10 / BID | threshold=10000000 | raw_line=26-5 845+ 10억
2026-08-18 15:50:24 INFO LINE | mode=3 | looking_for=25-10 / BID | threshold=10000000 | raw_line=26-5 85+ 50억
2026-08-18 15:50:24 INFO LINE | mode=3 | looking_for=25-10 / BID | threshold=10000000 | raw_line=20-9 10+
2026-08-18 15:50:24 INFO LINE | mode=3 | looking_for=25-10 / BID | threshold=10000000 | raw_line=26-6 375-
2026-08-18 15:50:24 INFO LINE | mode=3 | looking_for=25-10 / BID | threshold=10000000 | raw_line=26-5 84-
2026-08-18 15:50:24 INFO LINE | mode=3 | looking_for=25-10 / BID | threshold=10000000 | raw_line=26-2 77 사자 10억
2026-08-18 15:50:24 INFO LINE | mode=3 | looking_for=25-10 / BID | threshold=10000000 | raw_line=26-3 10- 50억
2026-08-18 15:50:24 INFO LINE | mode=3 | looking_for=25-10 / BID | threshold=10000000 | raw_line=26-1
2026-08-18 15:50:24 INFO LINE | mode=3 | looking_for=25-10 / BID | threshold=10000000 | raw_line=26-3 11 115 셋사자 선 60억
2026-08-18 15:50:24 INFO LINE_OMITTED | +99
2026-08-18 15:50:25 INFO EXCEL_CONNECTED | workbook=sample.xlsm sheet=트레이딩
2026-08-18 15:50:25 INFO LINE | mode=3 | looking_for=25-10 / BID | threshold=10000000 | raw_line=REAL-TIME INTELLIGENCE FOR KOREAN BONDS
2026-08-18 15:50:25 INFO LINE | mode=3 | looking_for=25-10 / BID | threshold=10000000 | raw_line=2026.08.18 / 15:50
2026-08-18 15:50:25 INFO LINE | mode=3 | looking_for=25-10 / BID | threshold=10000000 | raw_line=jhacom02@gmail.com
2026-08-18 15:50:25 INFO LINE | mode=3 | looking_for=25-10 / BID | threshold=10000000 | raw_line=Bond Map
2026-08-18 15:50:25 INFO LINE | mode=3 | looking_for=25-10 / BID | threshold=10000000 | raw_line=K-Bond 메신저의 실시간 메시지를 카테고리별로 탐색합니다.
2026-08-18 15:50:25 INFO LINE | mode=3 | looking_for=25-10 / BID | threshold=10000000 | raw_line=➕
2026-08-18 15:50:25 INFO LINE | mode=3 | looking_for=25-10 / BID | threshold=10000000 | raw_line=Gov(included KTB)
2026-08-18 15:50:25 INFO LINE | mode=3 | looking_for=25-10 / BID | threshold=10000000 | raw_line=×
2026-08-18 15:50:25 INFO LINE | mode=3 | looking_for=25-10 / BID | threshold=10000000 | raw_line=26-1 665-
2026-08-18 15:50:25 INFO LINE | mode=3 | looking_for=25-10 / BID | threshold=10000000 | raw_line=26-5 0.75 당팔선사 60억
2026-08-18 15:50:25 INFO LINE | mode=3 | looking_for=25-10 / BID | threshold=10000000 | raw_line=25-9 매도 있나요?
2026-08-18 15:50:25 INFO LINE | mode=3 | looking_for=25-10 / BID | threshold=10000000 | raw_line=26-5 845+ 10억
2026-08-18 15:50:25 INFO LINE | mode=3 | looking_for=25-10 / BID | threshold=10000000 | raw_line=26-5 85+ 50억
2026-08-18 15:50:25 INFO LINE | mode=3 | looking_for=25-10 / BID | threshold=10000000 | raw_line=20-9 10+
2026-08-18 15:50:25 INFO LINE | mode=3 | looking_for=25-10 / BID | threshold=10000000 | raw_line=26-6 375-
2026-08-18 15:50:25 INFO LINE | mode=3 | looking_for=25-10 / BID | threshold=10000000 | raw_line=26-5 84-
2026-08-18 15:50:25 INFO LINE | mode=3 | looking_for=25-10 / BID | threshold=10000000 | raw_line=26-2 77 사자 10억
2026-08-18 15:50:25 INFO LINE | mode=3 | looking_for=25-10 / BID | threshold=10000000 | raw_line=26-3 10- 50억
2026-08-18 15:50:25 INFO LINE | mode=3 | looking_for=25-10 / BID | threshold=10000000 | raw_line=26-1
2026-08-18 15:50:25 INFO LINE | mode=3 | looking_for=25-10 / BID | threshold=10000000 | raw_line=26-3 11 115 셋사자 선 60억
2026-08-18 15:50:25 INFO LINE_OMITTED | +105
2026-08-18 15:50:25 INFO EXCEL_CONNECTED | workbook=sample.xlsm sheet=트레이딩
2026-08-18 15:50:26 INFO LINE | mode=3 | looking_for=25-10 / BID | threshold=10000000 | raw_line=REAL-TIME INTELLIGENCE FOR KOREAN BONDS
2026-08-18 15:50:26 INFO LINE | mode=3 | looking_for=25-10 / BID | threshold=10000000 | raw_line=2026.08.18 / 15:50
2026-08-18 15:50:26 INFO LINE | mode=3 | looking_for=25-10 / BID | threshold=10000000 | raw_line=jhacom02@gmail.com
2026-08-18 15:50:26 INFO LINE | mode=3 | looking_for=25-10 / BID | threshold=10000000 | raw_line=Bond Map
2026-08-18 15:50:26 INFO LINE | mode=3 | looking_for=25-10 / BID | threshold=10000000 | raw_line=K-Bond 메신저의 실시간 메시지를 카테고리별로 탐색합니다.
2026-08-18 15:50:26 INFO LINE | mode=3 | looking_for=25-10 / BID | threshold=10000000 | raw_line=➕
2026-08-18 15:50:26 INFO LINE | mode=3 | looking_for=25-10 / BID | threshold=10000000 | raw_line=Gov(included KTB)
2026-08-18 15:50:26 INFO LINE | mode=3 | looking_for=25-10 / BID | threshold=10000000 | raw_line=×
2026-08-18 15:50:26 INFO LINE | mode=3 | looking_for=25-10 / BID | threshold=10000000 | raw_line=21-11   팔자
2026-08-18 15:50:26 INFO LINE | mode=3 | looking_for=25-10 / BID | threshold=10000000 | raw_line=26-1 665-
2026-08-18 15:50:26 INFO LINE | mode=3 | looking_for=25-10 / BID | threshold=10000000 | raw_line=26-5 0.75 당팔선사 60억
2026-08-18 15:50:26 INFO LINE | mode=3 | looking_for=25-10 / BID | threshold=10000000 | raw_line=25-9 매도 있나요?
2026-08-18 15:50:26 INFO LINE | mode=3 | looking_for=25-10 / BID | threshold=10000000 | raw_line=26-5 845+ 10억
2026-08-18 15:50:26 INFO LINE | mode=3 | looking_for=25-10 / BID | threshold=10000000 | raw_line=26-5 85+ 50억
2026-08-18 15:50:26 INFO LINE | mode=3 | looking_for=25-10 / BID | threshold=10000000 | raw_line=20-9 10+
2026-08-18 15:50:26 INFO LINE | mode=3 | looking_for=25-10 / BID | threshold=10000000 | raw_line=26-6 375-
2026-08-18 15:50:26 INFO LINE | mode=3 | looking_for=25-10 / BID | threshold=10000000 | raw_line=26-5 84-
2026-08-18 15:50:26 INFO LINE | mode=3 | looking_for=25-10 / BID | threshold=10000000 | raw_line=26-2 77 사자 10억
2026-08-18 15:50:26 INFO LINE | mode=3 | looking_for=25-10 / BID | threshold=10000000 | raw_line=26-3 10- 50억
2026-08-18 15:50:26 INFO LINE | mode=3 | looking_for=25-10 / BID | threshold=10000000 | raw_line=26-1
2026-08-18 15:50:26 INFO LINE_OMITTED | +106
2026-08-18 15:50:26 INFO EXCEL_CONNECTED | workbook=sample.xlsm sheet=트레이딩
2026-08-18 15:50:26 INFO LINE | mode=3 | looking_for=25-10 / BID | threshold=10000000 | raw_line=REAL-TIME INTELLIGENCE FOR KOREAN BONDS
2026-08-18 15:50:26 INFO LINE | mode=3 | looking_for=25-10 / BID | threshold=10000000 | raw_line=2026.08.18 / 15:50
2026-08-18 15:50:26 INFO LINE | mode=3 | looking_for=25-10 / BID | threshold=10000000 | raw_line=jhacom02@gmail.com
2026-08-18 15:50:26 INFO LINE | mode=3 | looking_for=25-10 / BID | threshold=10000000 | raw_line=Bond Map
2026-08-18 15:50:26 INFO LINE | mode=3 | looking_for=25-10 / BID | threshold=10000000 | raw_line=K-Bond 메신저의 실시간 메시지를 카테고리별로 탐색합니다.
2026-08-18 15:50:26 INFO LINE | mode=3 | looking_for=25-10 / BID | threshold=10000000 | raw_line=➕
2026-08-18 15:50:26 INFO LINE | mode=3 | looking_for=25-10 / BID | threshold=10000000 | raw_line=Gov(included KTB)
2026-08-18 15:50:26 INFO LINE | mode=3 | looking_for=25-10 / BID | threshold=10000000 | raw_line=×
2026-08-18 15:50:26 INFO LINE | mode=3 | looking_for=25-10 / BID | threshold=10000000 | raw_line=21-11   팔자
2026-08-18 15:50:26 INFO LINE | mode=3 | looking_for=25-10 / BID | threshold=10000000 | raw_line=26-1 665-
2026-08-18 15:50:26 INFO LINE | mode=3 | looking_for=25-10 / BID | threshold=10000000 | raw_line=26-5 0.75 당팔선사 60억
2026-08-18 15:50:26 INFO LINE | mode=3 | looking_for=25-10 / BID | threshold=10000000 | raw_line=25-9 매도 있나요?
2026-08-18 15:50:26 INFO LINE | mode=3 | looking_for=25-10 / BID | threshold=10000000 | raw_line=26-5 845+ 10억
2026-08-18 15:50:26 INFO LINE | mode=3 | looking_for=25-10 / BID | threshold=10000000 | raw_line=26-5 85+ 50억
2026-08-18 15:50:26 INFO LINE | mode=3 | looking_for=25-10 / BID | threshold=10000000 | raw_line=20-9 10+
2026-08-18 15:50:26 INFO LINE | mode=3 | looking_for=25-10 / BID | threshold=10000000 | raw_line=26-6 375-
2026-08-18 15:50:26 INFO LINE | mode=3 | looking_for=25-10 / BID | threshold=10000000 | raw_line=26-5 84-
2026-08-18 15:50:26 INFO LINE | mode=3 | looking_for=25-10 / BID | threshold=10000000 | raw_line=26-2 77 사자 10억
2026-08-18 15:50:26 INFO LINE | mode=3 | looking_for=25-10 / BID | threshold=10000000 | raw_line=26-3 10- 50억
2026-08-18 15:50:26 INFO LINE | mode=3 | looking_for=25-10 / BID | threshold=10000000 | raw_line=26-1
2026-08-18 15:50:26 INFO LINE_OMITTED | +103
2026-08-18 15:50:27 INFO EXCEL_CONNECTED | workbook=sample.xlsm sheet=트레이딩
2026-08-18 15:50:27 INFO LINE | mode=3 | looking_for=25-10 / BID | threshold=10000000 | raw_line=REAL-TIME INTELLIGENCE FOR KOREAN BONDS
2026-08-18 15:50:27 INFO LINE | mode=3 | looking_for=25-10 / BID | threshold=10000000 | raw_line=2026.08.18 / 15:50
2026-08-18 15:50:27 INFO LINE | mode=3 | looking_for=25-10 / BID | threshold=10000000 | raw_line=jhacom02@gmail.com
2026-08-18 15:50:27 INFO LINE | mode=3 | looking_for=25-10 / BID | threshold=10000000 | raw_line=Bond Map
2026-08-18 15:50:27 INFO LINE | mode=3 | looking_for=25-10 / BID | threshold=10000000 | raw_line=K-Bond 메신저의 실시간 메시지를 카테고리별로 탐색합니다.
2026-08-18 15:50:27 INFO LINE | mode=3 | looking_for=25-10 / BID | threshold=10000000 | raw_line=➕
2026-08-18 15:50:27 INFO LINE | mode=3 | looking_for=25-10 / BID | threshold=10000000 | raw_line=Gov(included KTB)
2026-08-18 15:50:27 INFO LINE | mode=3 | looking_for=25-10 / BID | threshold=10000000 | raw_line=×
2026-08-18 15:50:27 INFO LINE | mode=3 | looking_for=25-10 / BID | threshold=10000000 | raw_line=21-11   팔자
2026-08-18 15:50:27 INFO LINE | mode=3 | looking_for=25-10 / BID | threshold=10000000 | raw_line=26-1 665-
2026-08-18 15:50:27 INFO LINE | mode=3 | looking_for=25-10 / BID | threshold=10000000 | raw_line=26-5 0.75 당팔선사 60억
2026-08-18 15:50:27 INFO LINE | mode=3 | looking_for=25-10 / BID | threshold=10000000 | raw_line=25-9 매도 있나요?
2026-08-18 15:50:27 INFO LINE | mode=3 | looking_for=25-10 / BID | threshold=10000000 | raw_line=26-5 845+ 10억
2026-08-18 15:50:27 INFO LINE | mode=3 | looking_for=25-10 / BID | threshold=10000000 | raw_line=26-5 85+ 50억
2026-08-18 15:50:27 INFO LINE | mode=3 | looking_for=25-10 / BID | threshold=10000000 | raw_line=20-9 10+
2026-08-18 15:50:27 INFO LINE | mode=3 | looking_for=25-10 / BID | threshold=10000000 | raw_line=26-6 375-
2026-08-18 15:50:27 INFO LINE | mode=3 | looking_for=25-10 / BID | threshold=10000000 | raw_line=26-5 84-
2026-08-18 15:50:27 INFO LINE | mode=3 | looking_for=25-10 / BID | threshold=10000000 | raw_line=26-2 77 사자 10억
2026-08-18 15:50:27 INFO LINE | mode=3 | looking_for=25-10 / BID | threshold=10000000 | raw_line=26-3 10- 50억
2026-08-18 15:50:27 INFO LINE | mode=3 | looking_for=25-10 / BID | threshold=10000000 | raw_line=26-1
2026-08-18 15:50:27 INFO LINE_OMITTED | +106
2026-08-18 15:50:28 INFO EXCEL_CONNECTED | workbook=sample.xlsm sheet=트레이딩
2026-08-18 15:50:28 INFO LINE | mode=3 | looking_for=25-10 / BID | threshold=10000000 | raw_line=REAL-TIME INTELLIGENCE FOR KOREAN BONDS
2026-08-18 15:50:28 INFO LINE | mode=3 | looking_for=25-10 / BID | threshold=10000000 | raw_line=2026.08.18 / 15:50
2026-08-18 15:50:28 INFO LINE | mode=3 | looking_for=25-10 / BID | threshold=10000000 | raw_line=jhacom02@gmail.com
2026-08-18 15:50:28 INFO LINE | mode=3 | looking_for=25-10 / BID | threshold=10000000 | raw_line=Bond Map
2026-08-18 15:50:28 INFO LINE | mode=3 | looking_for=25-10 / BID | threshold=10000000 | raw_line=K-Bond 메신저의 실시간 메시지를 카테고리별로 탐색합니다.
2026-08-18 15:50:28 INFO LINE | mode=3 | looking_for=25-10 / BID | threshold=10000000 | raw_line=➕
2026-08-18 15:50:28 INFO LINE | mode=3 | looking_for=25-10 / BID | threshold=10000000 | raw_line=Gov(included KTB)
2026-08-18 15:50:28 INFO LINE | mode=3 | looking_for=25-10 / BID | threshold=10000000 | raw_line=×
2026-08-18 15:50:28 INFO LINE | mode=3 | looking_for=25-10 / BID | threshold=10000000 | raw_line=26-5 84- 10억
2026-08-18 15:50:28 INFO LINE | mode=3 | looking_for=25-10 / BID | threshold=10000000 | raw_line=21-11   팔자
2026-08-18 15:50:28 INFO LINE | mode=3 | looking_for=25-10 / BID | threshold=10000000 | raw_line=26-1 665-
2026-08-18 15:50:28 INFO LINE | mode=3 | looking_for=25-10 / BID | threshold=10000000 | raw_line=26-5 0.75 당팔선사 60억
2026-08-18 15:50:28 INFO LINE | mode=3 | looking_for=25-10 / BID | threshold=10000000 | raw_line=25-9 매도 있나요?
2026-08-18 15:50:28 INFO LINE | mode=3 | looking_for=25-10 / BID | threshold=10000000 | raw_line=26-5 845+ 10억
2026-08-18 15:50:28 INFO LINE | mode=3 | looking_for=25-10 / BID | threshold=10000000 | raw_line=26-5 85+ 50억
2026-08-18 15:50:28 INFO LINE | mode=3 | looking_for=25-10 / BID | threshold=10000000 | raw_line=20-9 10+
2026-08-18 15:50:28 INFO LINE | mode=3 | looking_for=25-10 / BID | threshold=10000000 | raw_line=26-6 375-
2026-08-18 15:50:28 INFO LINE | mode=3 | looking_for=25-10 / BID | threshold=10000000 | raw_line=26-5 84-
2026-08-18 15:50:28 INFO LINE | mode=3 | looking_for=25-10 / BID | threshold=10000000 | raw_line=26-2 77 사자 10억
2026-08-18 15:50:28 INFO LINE | mode=3 | looking_for=25-10 / BID | threshold=10000000 | raw_line=26-3 10- 50억
2026-08-18 15:50:28 INFO LINE_OMITTED | +107
2026-08-18 15:50:28 INFO EXCEL_CONNECTED | workbook=sample.xlsm sheet=트레이딩
2026-08-18 15:50:28 INFO LINE | mode=3 | looking_for=25-10 / BID | threshold=10000000 | raw_line=REAL-TIME INTELLIGENCE FOR KOREAN BONDS
2026-08-18 15:50:28 INFO LINE | mode=3 | looking_for=25-10 / BID | threshold=10000000 | raw_line=2026.08.18 / 15:50
2026-08-18 15:50:28 INFO LINE | mode=3 | looking_for=25-10 / BID | threshold=10000000 | raw_line=jhacom02@gmail.com
2026-08-18 15:50:28 INFO LINE | mode=3 | looking_for=25-10 / BID | threshold=10000000 | raw_line=Bond Map
2026-08-18 15:50:28 INFO LINE | mode=3 | looking_for=25-10 / BID | threshold=10000000 | raw_line=K-Bond 메신저의 실시간 메시지를 카테고리별로 탐색합니다.
2026-08-18 15:50:28 INFO LINE | mode=3 | looking_for=25-10 / BID | threshold=10000000 | raw_line=➕
2026-08-18 15:50:28 INFO LINE | mode=3 | looking_for=25-10 / BID | threshold=10000000 | raw_line=Gov(included KTB)
2026-08-18 15:50:28 INFO LINE | mode=3 | looking_for=25-10 / BID | threshold=10000000 | raw_line=×
2026-08-18 15:50:28 INFO LINE | mode=3 | looking_for=25-10 / BID | threshold=10000000 | raw_line=26-5 84- 10억
2026-08-18 15:50:28 INFO LINE | mode=3 | looking_for=25-10 / BID | threshold=10000000 | raw_line=21-11   팔자
2026-08-18 15:50:28 INFO LINE | mode=3 | looking_for=25-10 / BID | threshold=10000000 | raw_line=26-1 665-
2026-08-18 15:50:28 INFO LINE | mode=3 | looking_for=25-10 / BID | threshold=10000000 | raw_line=26-5 0.75 당팔선사 60억
2026-08-18 15:50:28 INFO LINE | mode=3 | looking_for=25-10 / BID | threshold=10000000 | raw_line=25-9 매도 있나요?
2026-08-18 15:50:28 INFO LINE | mode=3 | looking_for=25-10 / BID | threshold=10000000 | raw_line=26-5 845+ 10억
2026-08-18 15:50:28 INFO LINE | mode=3 | looking_for=25-10 / BID | threshold=10000000 | raw_line=26-5 85+ 50억
2026-08-18 15:50:28 INFO LINE | mode=3 | looking_for=25-10 / BID | threshold=10000000 | raw_line=20-9 10+
2026-08-18 15:50:28 INFO LINE | mode=3 | looking_for=25-10 / BID | threshold=10000000 | raw_line=26-6 375-
2026-08-18 15:50:28 INFO LINE | mode=3 | looking_for=25-10 / BID | threshold=10000000 | raw_line=26-5 84-
2026-08-18 15:50:28 INFO LINE | mode=3 | looking_for=25-10 / BID | threshold=10000000 | raw_line=26-2 77 사자 10억
2026-08-18 15:50:28 INFO LINE | mode=3 | looking_for=25-10 / BID | threshold=10000000 | raw_line=26-3 10- 50억
2026-08-18 15:50:28 INFO LINE_OMITTED | +105
2026-08-18 15:50:29 INFO EXCEL_CONNECTED | workbook=sample.xlsm sheet=트레이딩
2026-08-18 15:50:29 INFO LINE | mode=3 | looking_for=25-10 / BID | threshold=10000000 | raw_line=REAL-TIME INTELLIGENCE FOR KOREAN BONDS
2026-08-18 15:50:29 INFO LINE | mode=3 | looking_for=25-10 / BID | threshold=10000000 | raw_line=2026.08.18 / 15:50
2026-08-18 15:50:29 INFO LINE | mode=3 | looking_for=25-10 / BID | threshold=10000000 | raw_line=jhacom02@gmail.com
2026-08-18 15:50:29 INFO LINE | mode=3 | looking_for=25-10 / BID | threshold=10000000 | raw_line=Bond Map
2026-08-18 15:50:29 INFO LINE | mode=3 | looking_for=25-10 / BID | threshold=10000000 | raw_line=K-Bond 메신저의 실시간 메시지를 카테고리별로 탐색합니다.
2026-08-18 15:50:29 INFO LINE | mode=3 | looking_for=25-10 / BID | threshold=10000000 | raw_line=➕
2026-08-18 15:50:29 INFO LINE | mode=3 | looking_for=25-10 / BID | threshold=10000000 | raw_line=Gov(included KTB)
2026-08-18 15:50:29 INFO LINE | mode=3 | looking_for=25-10 / BID | threshold=10000000 | raw_line=×
2026-08-18 15:50:29 INFO LINE | mode=3 | looking_for=25-10 / BID | threshold=10000000 | raw_line=26-5 84- 10억
2026-08-18 15:50:29 INFO LINE | mode=3 | looking_for=25-10 / BID | threshold=10000000 | raw_line=21-11   팔자
2026-08-18 15:50:29 INFO LINE | mode=3 | looking_for=25-10 / BID | threshold=10000000 | raw_line=26-1 665-
2026-08-18 15:50:29 INFO LINE | mode=3 | looking_for=25-10 / BID | threshold=10000000 | raw_line=26-5 0.75 당팔선사 60억
2026-08-18 15:50:29 INFO LINE | mode=3 | looking_for=25-10 / BID | threshold=10000000 | raw_line=25-9 매도 있나요?
2026-08-18 15:50:29 INFO LINE | mode=3 | looking_for=25-10 / BID | threshold=10000000 | raw_line=26-5 845+ 10억
2026-08-18 15:50:29 INFO LINE | mode=3 | looking_for=25-10 / BID | threshold=10000000 | raw_line=26-5 85+ 50억
2026-08-18 15:50:29 INFO LINE | mode=3 | looking_for=25-10 / BID | threshold=10000000 | raw_line=20-9 10+
2026-08-18 15:50:29 INFO LINE | mode=3 | looking_for=25-10 / BID | threshold=10000000 | raw_line=26-6 375-
2026-08-18 15:50:29 INFO LINE | mode=3 | looking_for=25-10 / BID | threshold=10000000 | raw_line=26-5 84-
2026-08-18 15:50:29 INFO LINE | mode=3 | looking_for=25-10 / BID | threshold=10000000 | raw_line=26-2 77 사자 10억
2026-08-18 15:50:29 INFO LINE | mode=3 | looking_for=25-10 / BID | threshold=10000000 | raw_line=26-3 10- 50억
2026-08-18 15:50:29 INFO LINE_OMITTED | +106
2026-08-18 15:50:30 INFO EXCEL_CONNECTED | workbook=sample.xlsm sheet=트레이딩
2026-08-18 15:50:30 INFO LINE | mode=3 | looking_for=25-10 / BID | threshold=10000000 | raw_line=REAL-TIME INTELLIGENCE FOR KOREAN BONDS
2026-08-18 15:50:30 INFO LINE | mode=3 | looking_for=25-10 / BID | threshold=10000000 | raw_line=2026.08.18 / 15:50
2026-08-18 15:50:30 INFO LINE | mode=3 | looking_for=25-10 / BID | threshold=10000000 | raw_line=jhacom02@gmail.com
2026-08-18 15:50:30 INFO LINE | mode=3 | looking_for=25-10 / BID | threshold=10000000 | raw_line=Bond Map
2026-08-18 15:50:30 INFO LINE | mode=3 | looking_for=25-10 / BID | threshold=10000000 | raw_line=K-Bond 메신저의 실시간 메시지를 카테고리별로 탐색합니다.
2026-08-18 15:50:30 INFO LINE | mode=3 | looking_for=25-10 / BID | threshold=10000000 | raw_line=➕
2026-08-18 15:50:30 INFO LINE | mode=3 | looking_for=25-10 / BID | threshold=10000000 | raw_line=Gov(included KTB)
2026-08-18 15:50:30 INFO LINE | mode=3 | looking_for=25-10 / BID | threshold=10000000 | raw_line=×
2026-08-18 15:50:30 INFO LINE | mode=3 | looking_for=25-10 / BID | threshold=10000000 | raw_line=26-5 84- 10억
2026-08-18 15:50:30 INFO LINE | mode=3 | looking_for=25-10 / BID | threshold=10000000 | raw_line=21-11   팔자
2026-08-18 15:50:30 INFO LINE | mode=3 | looking_for=25-10 / BID | threshold=10000000 | raw_line=26-1 665-
2026-08-18 15:50:30 INFO LINE | mode=3 | looking_for=25-10 / BID | threshold=10000000 | raw_line=26-5 0.75 당팔선사 60억
2026-08-18 15:50:30 INFO LINE | mode=3 | looking_for=25-10 / BID | threshold=10000000 | raw_line=25-9 매도 있나요?
2026-08-18 15:50:30 INFO LINE | mode=3 | looking_for=25-10 / BID | threshold=10000000 | raw_line=26-5 845+ 10억
2026-08-18 15:50:30 INFO LINE | mode=3 | looking_for=25-10 / BID | threshold=10000000 | raw_line=26-5 85+ 50억
2026-08-18 15:50:30 INFO LINE | mode=3 | looking_for=25-10 / BID | threshold=10000000 | raw_line=20-9 10+
2026-08-18 15:50:30 INFO LINE | mode=3 | looking_for=25-10 / BID | threshold=10000000 | raw_line=26-6 375-
2026-08-18 15:50:30 INFO LINE | mode=3 | looking_for=25-10 / BID | threshold=10000000 | raw_line=26-5 84-
2026-08-18 15:50:30 INFO LINE | mode=3 | looking_for=25-10 / BID | threshold=10000000 | raw_line=26-2 77 사자 10억
2026-08-18 15:50:30 INFO LINE | mode=3 | looking_for=25-10 / BID | threshold=10000000 | raw_line=26-3 10- 50억
2026-08-18 15:50:30 INFO LINE_OMITTED | +107
2026-08-18 15:50:30 INFO EXCEL_CONNECTED | workbook=sample.xlsm sheet=트레이딩
2026-08-18 15:50:30 INFO LINE | mode=3 | looking_for=25-10 / BID | threshold=10000000 | raw_line=REAL-TIME INTELLIGENCE FOR KOREAN BONDS
2026-08-18 15:50:30 INFO LINE | mode=3 | looking_for=25-10 / BID | threshold=10000000 | raw_line=2026.08.18 / 15:50
2026-08-18 15:50:30 INFO LINE | mode=3 | looking_for=25-10 / BID | threshold=10000000 | raw_line=jhacom02@gmail.com
2026-08-18 15:50:30 INFO LINE | mode=3 | looking_for=25-10 / BID | threshold=10000000 | raw_line=Bond Map
2026-08-18 15:50:30 INFO LINE | mode=3 | looking_for=25-10 / BID | threshold=10000000 | raw_line=K-Bond 메신저의 실시간 메시지를 카테고리별로 탐색합니다.
2026-08-18 15:50:30 INFO LINE | mode=3 | looking_for=25-10 / BID | threshold=10000000 | raw_line=➕
2026-08-18 15:50:30 INFO LINE | mode=3 | looking_for=25-10 / BID | threshold=10000000 | raw_line=Gov(included KTB)
2026-08-18 15:50:30 INFO LINE | mode=3 | looking_for=25-10 / BID | threshold=10000000 | raw_line=×
2026-08-18 15:50:30 INFO LINE | mode=3 | looking_for=25-10 / BID | threshold=10000000 | raw_line=26-5 84- 10억
2026-08-18 15:50:30 INFO LINE | mode=3 | looking_for=25-10 / BID | threshold=10000000 | raw_line=21-11   팔자
2026-08-18 15:50:30 INFO LINE | mode=3 | looking_for=25-10 / BID | threshold=10000000 | raw_line=26-1 665-
2026-08-18 15:50:30 INFO LINE | mode=3 | looking_for=25-10 / BID | threshold=10000000 | raw_line=26-5 0.75 당팔선사 60억
2026-08-18 15:50:30 INFO LINE | mode=3 | looking_for=25-10 / BID | threshold=10000000 | raw_line=25-9 매도 있나요?
2026-08-18 15:50:30 INFO LINE | mode=3 | looking_for=25-10 / BID | threshold=10000000 | raw_line=26-5 845+ 10억
2026-08-18 15:50:30 INFO LINE | mode=3 | looking_for=25-10 / BID | threshold=10000000 | raw_line=26-5 85+ 50억
2026-08-18 15:50:30 INFO LINE | mode=3 | looking_for=25-10 / BID | threshold=10000000 | raw_line=20-9 10+
2026-08-18 15:50:30 INFO LINE | mode=3 | looking_for=25-10 / BID | threshold=10000000 | raw_line=26-6 375-
2026-08-18 15:50:30 INFO LINE | mode=3 | looking_for=25-10 / BID | threshold=10000000 | raw_line=26-5 84-
2026-08-18 15:50:30 INFO LINE | mode=3 | looking_for=25-10 / BID | threshold=10000000 | raw_line=26-2 77 사자 10억
2026-08-18 15:50:30 INFO LINE | mode=3 | looking_for=25-10 / BID | threshold=10000000 | raw_line=26-3 10- 50억
2026-08-18 15:50:30 INFO LINE_OMITTED | +106
2026-08-18 15:50:31 INFO EXCEL_CONNECTED | workbook=sample.xlsm sheet=트레이딩
2026-08-18 15:50:31 INFO LINE | mode=3 | looking_for=25-10 / BID | threshold=10000000 | raw_line=REAL-TIME INTELLIGENCE FOR KOREAN BONDS
2026-08-18 15:50:31 INFO LINE | mode=3 | looking_for=25-10 / BID | threshold=10000000 | raw_line=2026.08.18 / 15:50
2026-08-18 15:50:31 INFO LINE | mode=3 | looking_for=25-10 / BID | threshold=10000000 | raw_line=jhacom02@gmail.com
2026-08-18 15:50:31 INFO LINE | mode=3 | looking_for=25-10 / BID | threshold=10000000 | raw_line=Bond Map
2026-08-18 15:50:31 INFO LINE | mode=3 | looking_for=25-10 / BID | threshold=10000000 | raw_line=K-Bond 메신저의 실시간 메시지를 카테고리별로 탐색합니다.
2026-08-18 15:50:31 INFO LINE | mode=3 | looking_for=25-10 / BID | threshold=10000000 | raw_line=➕
2026-08-18 15:50:31 INFO LINE | mode=3 | looking_for=25-10 / BID | threshold=10000000 | raw_line=Gov(included KTB)
2026-08-18 15:50:31 INFO LINE | mode=3 | looking_for=25-10 / BID | threshold=10000000 | raw_line=×
2026-08-18 15:50:31 INFO LINE | mode=3 | looking_for=25-10 / BID | threshold=10000000 | raw_line=26-5 0.75 당팔
2026-08-18 15:50:31 INFO LINE | mode=3 | looking_for=25-10 / BID | threshold=10000000 | raw_line=26-5 84- 10억
2026-08-18 15:50:31 INFO LINE | mode=3 | looking_for=25-10 / BID | threshold=10000000 | raw_line=21-11   팔자
2026-08-18 15:50:31 INFO LINE | mode=3 | looking_for=25-10 / BID | threshold=10000000 | raw_line=26-1 665-
2026-08-18 15:50:31 INFO LINE | mode=3 | looking_for=25-10 / BID | threshold=10000000 | raw_line=26-5 0.75 당팔선사 60억
2026-08-18 15:50:31 INFO LINE | mode=3 | looking_for=25-10 / BID | threshold=10000000 | raw_line=25-9 매도 있나요?
2026-08-18 15:50:31 INFO LINE | mode=3 | looking_for=25-10 / BID | threshold=10000000 | raw_line=26-5 845+ 10억
2026-08-18 15:50:31 INFO LINE | mode=3 | looking_for=25-10 / BID | threshold=10000000 | raw_line=26-5 85+ 50억
2026-08-18 15:50:31 INFO LINE | mode=3 | looking_for=25-10 / BID | threshold=10000000 | raw_line=20-9 10+
2026-08-18 15:50:31 INFO LINE | mode=3 | looking_for=25-10 / BID | threshold=10000000 | raw_line=26-6 375-
2026-08-18 15:50:31 INFO LINE | mode=3 | looking_for=25-10 / BID | threshold=10000000 | raw_line=26-5 84-
2026-08-18 15:50:31 INFO LINE | mode=3 | looking_for=25-10 / BID | threshold=10000000 | raw_line=26-2 77 사자 10억
2026-08-18 15:50:31 INFO LINE_OMITTED | +102
2026-08-18 15:50:32 INFO EXCEL_CONNECTED | workbook=sample.xlsm sheet=트레이딩
2026-08-18 15:50:32 INFO LINE | mode=3 | looking_for=25-10 / BID | threshold=10000000 | raw_line=REAL-TIME INTELLIGENCE FOR KOREAN BONDS
2026-08-18 15:50:32 INFO LINE | mode=3 | looking_for=25-10 / BID | threshold=10000000 | raw_line=2026.08.18 / 15:50
2026-08-18 15:50:32 INFO LINE | mode=3 | looking_for=25-10 / BID | threshold=10000000 | raw_line=jhacom02@gmail.com
2026-08-18 15:50:32 INFO LINE | mode=3 | looking_for=25-10 / BID | threshold=10000000 | raw_line=Bond Map
2026-08-18 15:50:32 INFO LINE | mode=3 | looking_for=25-10 / BID | threshold=10000000 | raw_line=K-Bond 메신저의 실시간 메시지를 카테고리별로 탐색합니다.
2026-08-18 15:50:32 INFO LINE | mode=3 | looking_for=25-10 / BID | threshold=10000000 | raw_line=➕
2026-08-18 15:50:32 INFO LINE | mode=3 | looking_for=25-10 / BID | threshold=10000000 | raw_line=Gov(included KTB)
2026-08-18 15:50:32 INFO LINE | mode=3 | looking_for=25-10 / BID | threshold=10000000 | raw_line=×
2026-08-18 15:50:32 INFO LINE | mode=3 | looking_for=25-10 / BID | threshold=10000000 | raw_line=26-5 0.75 당팔
2026-08-18 15:50:32 INFO LINE | mode=3 | looking_for=25-10 / BID | threshold=10000000 | raw_line=26-5 84- 10억
2026-08-18 15:50:32 INFO LINE | mode=3 | looking_for=25-10 / BID | threshold=10000000 | raw_line=21-11   팔자
2026-08-18 15:50:32 INFO LINE | mode=3 | looking_for=25-10 / BID | threshold=10000000 | raw_line=26-1 665-
2026-08-18 15:50:32 INFO LINE | mode=3 | looking_for=25-10 / BID | threshold=10000000 | raw_line=26-5 0.75 당팔선사 60억
2026-08-18 15:50:32 INFO LINE | mode=3 | looking_for=25-10 / BID | threshold=10000000 | raw_line=25-9 매도 있나요?
2026-08-18 15:50:32 INFO LINE | mode=3 | looking_for=25-10 / BID | threshold=10000000 | raw_line=26-5 845+ 10억
2026-08-18 15:50:32 INFO LINE | mode=3 | looking_for=25-10 / BID | threshold=10000000 | raw_line=26-5 85+ 50억
2026-08-18 15:50:32 INFO LINE | mode=3 | looking_for=25-10 / BID | threshold=10000000 | raw_line=20-9 10+
2026-08-18 15:50:32 INFO LINE | mode=3 | looking_for=25-10 / BID | threshold=10000000 | raw_line=26-6 375-
2026-08-18 15:50:32 INFO LINE | mode=3 | looking_for=25-10 / BID | threshold=10000000 | raw_line=26-5 84-
2026-08-18 15:50:32 INFO LINE | mode=3 | looking_for=25-10 / BID | threshold=10000000 | raw_line=26-2 77 사자 10억
2026-08-18 15:50:32 INFO LINE_OMITTED | +107
2026-08-18 15:50:32 INFO EXCEL_CONNECTED | workbook=sample.xlsm sheet=트레이딩
2026-08-18 15:50:33 INFO LINE | mode=3 | looking_for=25-10 / BID | threshold=10000000 | raw_line=REAL-TIME INTELLIGENCE FOR KOREAN BONDS
2026-08-18 15:50:33 INFO LINE | mode=3 | looking_for=25-10 / BID | threshold=10000000 | raw_line=2026.08.18 / 15:50
2026-08-18 15:50:33 INFO LINE | mode=3 | looking_for=25-10 / BID | threshold=10000000 | raw_line=jhacom02@gmail.com
2026-08-18 15:50:33 INFO LINE | mode=3 | looking_for=25-10 / BID | threshold=10000000 | raw_line=Bond Map
2026-08-18 15:50:33 INFO LINE | mode=3 | looking_for=25-10 / BID | threshold=10000000 | raw_line=K-Bond 메신저의 실시간 메시지를 카테고리별로 탐색합니다.
2026-08-18 15:50:33 INFO LINE | mode=3 | looking_for=25-10 / BID | threshold=10000000 | raw_line=➕
2026-08-18 15:50:33 INFO LINE | mode=3 | looking_for=25-10 / BID | threshold=10000000 | raw_line=Gov(included KTB)
2026-08-18 15:50:33 INFO LINE | mode=3 | looking_for=25-10 / BID | threshold=10000000 | raw_line=×
2026-08-18 15:50:33 INFO LINE | mode=3 | looking_for=25-10 / BID | threshold=10000000 | raw_line=26-5 0.75 당팔
2026-08-18 15:50:33 INFO LINE | mode=3 | looking_for=25-10 / BID | threshold=10000000 | raw_line=26-5 84- 10억
2026-08-18 15:50:33 INFO LINE | mode=3 | looking_for=25-10 / BID | threshold=10000000 | raw_line=21-11   팔자
2026-08-18 15:50:33 INFO LINE | mode=3 | looking_for=25-10 / BID | threshold=10000000 | raw_line=26-1 665-
2026-08-18 15:50:33 INFO LINE | mode=3 | looking_for=25-10 / BID | threshold=10000000 | raw_line=26-5 0.75 당팔선사 60억
2026-08-18 15:50:33 INFO LINE | mode=3 | looking_for=25-10 / BID | threshold=10000000 | raw_line=25-9 매도 있나요?
2026-08-18 15:50:33 INFO LINE | mode=3 | looking_for=25-10 / BID | threshold=10000000 | raw_line=26-5 845+ 10억
2026-08-18 15:50:33 INFO LINE | mode=3 | looking_for=25-10 / BID | threshold=10000000 | raw_line=26-5 85+ 50억
2026-08-18 15:50:33 INFO LINE | mode=3 | looking_for=25-10 / BID | threshold=10000000 | raw_line=20-9 10+
2026-08-18 15:50:33 INFO LINE | mode=3 | looking_for=25-10 / BID | threshold=10000000 | raw_line=26-6 375-
2026-08-18 15:50:33 INFO LINE | mode=3 | looking_for=25-10 / BID | threshold=10000000 | raw_line=26-5 84-
2026-08-18 15:50:33 INFO LINE | mode=3 | looking_for=25-10 / BID | threshold=10000000 | raw_line=26-2 77 사자 10억
2026-08-18 15:50:33 INFO LINE_OMITTED | +107
2026-08-18 15:50:33 INFO EXCEL_CONNECTED | workbook=sample.xlsm sheet=트레이딩
2026-08-18 15:50:33 INFO LINE | mode=3 | looking_for=25-10 / BID | threshold=10000000 | raw_line=REAL-TIME INTELLIGENCE FOR KOREAN BONDS
2026-08-18 15:50:33 INFO LINE | mode=3 | looking_for=25-10 / BID | threshold=10000000 | raw_line=2026.08.18 / 15:50
2026-08-18 15:50:33 INFO LINE | mode=3 | looking_for=25-10 / BID | threshold=10000000 | raw_line=jhacom02@gmail.com
2026-08-18 15:50:33 INFO LINE | mode=3 | looking_for=25-10 / BID | threshold=10000000 | raw_line=Bond Map
2026-08-18 15:50:33 INFO LINE | mode=3 | looking_for=25-10 / BID | threshold=10000000 | raw_line=K-Bond 메신저의 실시간 메시지를 카테고리별로 탐색합니다.
2026-08-18 15:50:33 INFO LINE | mode=3 | looking_for=25-10 / BID | threshold=10000000 | raw_line=➕
2026-08-18 15:50:33 INFO LINE | mode=3 | looking_for=25-10 / BID | threshold=10000000 | raw_line=Gov(included KTB)
2026-08-18 15:50:33 INFO LINE | mode=3 | looking_for=25-10 / BID | threshold=10000000 | raw_line=×
2026-08-18 15:50:33 INFO LINE | mode=3 | looking_for=25-10 / BID | threshold=10000000 | raw_line=25-10 75 755-
2026-08-18 15:50:33 INFO LINE | mode=3 | looking_for=25-10 / BID | threshold=10000000 | raw_line=26-5 0.75 당팔
2026-08-18 15:50:33 INFO LINE | mode=3 | looking_for=25-10 / BID | threshold=10000000 | raw_line=26-5 84- 10억
2026-08-18 15:50:33 INFO LINE | mode=3 | looking_for=25-10 / BID | threshold=10000000 | raw_line=21-11   팔자
2026-08-18 15:50:33 INFO LINE | mode=3 | looking_for=25-10 / BID | threshold=10000000 | raw_line=26-1 665-
2026-08-18 15:50:33 INFO LINE | mode=3 | looking_for=25-10 / BID | threshold=10000000 | raw_line=26-5 0.75 당팔선사 60억
2026-08-18 15:50:33 INFO LINE | mode=3 | looking_for=25-10 / BID | threshold=10000000 | raw_line=25-9 매도 있나요?
2026-08-18 15:50:33 INFO LINE | mode=3 | looking_for=25-10 / BID | threshold=10000000 | raw_line=26-5 845+ 10억
2026-08-18 15:50:33 INFO LINE | mode=3 | looking_for=25-10 / BID | threshold=10000000 | raw_line=26-5 85+ 50억
2026-08-18 15:50:33 INFO LINE | mode=3 | looking_for=25-10 / BID | threshold=10000000 | raw_line=20-9 10+
2026-08-18 15:50:33 INFO LINE | mode=3 | looking_for=25-10 / BID | threshold=10000000 | raw_line=26-6 375-
2026-08-18 15:50:33 INFO LINE | mode=3 | looking_for=25-10 / BID | threshold=10000000 | raw_line=26-5 84-
2026-08-18 15:50:33 INFO LINE_OMITTED | +102
2026-08-18 15:50:34 INFO EXCEL_CONNECTED | workbook=sample.xlsm sheet=트레이딩
2026-08-18 15:50:34 INFO LINE | mode=3 | looking_for=25-10 / BID | threshold=10000000 | raw_line=REAL-TIME INTELLIGENCE FOR KOREAN BONDS
2026-08-18 15:50:34 INFO LINE | mode=3 | looking_for=25-10 / BID | threshold=10000000 | raw_line=2026.08.18 / 15:50
2026-08-18 15:50:34 INFO LINE | mode=3 | looking_for=25-10 / BID | threshold=10000000 | raw_line=jhacom02@gmail.com
2026-08-18 15:50:34 INFO LINE | mode=3 | looking_for=25-10 / BID | threshold=10000000 | raw_line=Bond Map
2026-08-18 15:50:34 INFO LINE | mode=3 | looking_for=25-10 / BID | threshold=10000000 | raw_line=K-Bond 메신저의 실시간 메시지를 카테고리별로 탐색합니다.
2026-08-18 15:50:34 INFO LINE | mode=3 | looking_for=25-10 / BID | threshold=10000000 | raw_line=➕
2026-08-18 15:50:34 INFO LINE | mode=3 | looking_for=25-10 / BID | threshold=10000000 | raw_line=Gov(included KTB)
2026-08-18 15:50:34 INFO LINE | mode=3 | looking_for=25-10 / BID | threshold=10000000 | raw_line=×
2026-08-18 15:50:34 INFO LINE | mode=3 | looking_for=25-10 / BID | threshold=10000000 | raw_line=25-10 75 755-
2026-08-18 15:50:34 INFO LINE | mode=3 | looking_for=25-10 / BID | threshold=10000000 | raw_line=26-5 0.75 당팔
2026-08-18 15:50:34 INFO LINE | mode=3 | looking_for=25-10 / BID | threshold=10000000 | raw_line=26-5 84- 10억
2026-08-18 15:50:34 INFO LINE | mode=3 | looking_for=25-10 / BID | threshold=10000000 | raw_line=21-11   팔자
2026-08-18 15:50:34 INFO LINE | mode=3 | looking_for=25-10 / BID | threshold=10000000 | raw_line=26-1 665-
2026-08-18 15:50:34 INFO LINE | mode=3 | looking_for=25-10 / BID | threshold=10000000 | raw_line=26-5 0.75 당팔선사 60억
2026-08-18 15:50:34 INFO LINE | mode=3 | looking_for=25-10 / BID | threshold=10000000 | raw_line=25-9 매도 있나요?
2026-08-18 15:50:34 INFO LINE | mode=3 | looking_for=25-10 / BID | threshold=10000000 | raw_line=26-5 845+ 10억
2026-08-18 15:50:34 INFO LINE | mode=3 | looking_for=25-10 / BID | threshold=10000000 | raw_line=26-5 85+ 50억
2026-08-18 15:50:34 INFO LINE | mode=3 | looking_for=25-10 / BID | threshold=10000000 | raw_line=20-9 10+
2026-08-18 15:50:34 INFO LINE | mode=3 | looking_for=25-10 / BID | threshold=10000000 | raw_line=26-6 375-
2026-08-18 15:50:34 INFO LINE | mode=3 | looking_for=25-10 / BID | threshold=10000000 | raw_line=26-5 84-
2026-08-18 15:50:34 INFO LINE_OMITTED | +107
2026-08-18 15:50:35 INFO EXCEL_CONNECTED | workbook=sample.xlsm sheet=트레이딩
2026-08-18 15:50:35 INFO LINE | mode=3 | looking_for=25-10 / BID | threshold=10000000 | raw_line=REAL-TIME INTELLIGENCE FOR KOREAN BONDS
2026-08-18 15:50:35 INFO LINE | mode=3 | looking_for=25-10 / BID | threshold=10000000 | raw_line=2026.08.18 / 15:50
2026-08-18 15:50:35 INFO LINE | mode=3 | looking_for=25-10 / BID | threshold=10000000 | raw_line=jhacom02@gmail.com
2026-08-18 15:50:35 INFO LINE | mode=3 | looking_for=25-10 / BID | threshold=10000000 | raw_line=Bond Map
2026-08-18 15:50:35 INFO LINE | mode=3 | looking_for=25-10 / BID | threshold=10000000 | raw_line=K-Bond 메신저의 실시간 메시지를 카테고리별로 탐색합니다.
2026-08-18 15:50:35 INFO LINE | mode=3 | looking_for=25-10 / BID | threshold=10000000 | raw_line=➕
2026-08-18 15:50:35 INFO LINE | mode=3 | looking_for=25-10 / BID | threshold=10000000 | raw_line=Gov(included KTB)
2026-08-18 15:50:35 INFO LINE | mode=3 | looking_for=25-10 / BID | threshold=10000000 | raw_line=×
2026-08-18 15:50:35 INFO LINE | mode=3 | looking_for=25-10 / BID | threshold=10000000 | raw_line=26-2 매도 있나요?
2026-08-18 15:50:35 INFO LINE | mode=3 | looking_for=25-10 / BID | threshold=10000000 | raw_line=25-10 75 755-
2026-08-18 15:50:35 INFO LINE | mode=3 | looking_for=25-10 / BID | threshold=10000000 | raw_line=26-5 0.75 당팔
2026-08-18 15:50:35 INFO LINE | mode=3 | looking_for=25-10 / BID | threshold=10000000 | raw_line=26-5 84- 10억
2026-08-18 15:50:35 INFO LINE | mode=3 | looking_for=25-10 / BID | threshold=10000000 | raw_line=21-11   팔자
2026-08-18 15:50:35 INFO LINE | mode=3 | looking_for=25-10 / BID | threshold=10000000 | raw_line=26-1 665-
2026-08-18 15:50:35 INFO LINE | mode=3 | looking_for=25-10 / BID | threshold=10000000 | raw_line=26-5 0.75 당팔선사 60억
2026-08-18 15:50:35 INFO LINE | mode=3 | looking_for=25-10 / BID | threshold=10000000 | raw_line=25-9 매도 있나요?
2026-08-18 15:50:35 INFO LINE | mode=3 | looking_for=25-10 / BID | threshold=10000000 | raw_line=26-5 845+ 10억
2026-08-18 15:50:35 INFO LINE | mode=3 | looking_for=25-10 / BID | threshold=10000000 | raw_line=26-5 85+ 50억
2026-08-18 15:50:35 INFO LINE | mode=3 | looking_for=25-10 / BID | threshold=10000000 | raw_line=20-9 10+
2026-08-18 15:50:35 INFO LINE | mode=3 | looking_for=25-10 / BID | threshold=10000000 | raw_line=26-6 375-
2026-08-18 15:50:35 INFO LINE_OMITTED | +106
2026-08-18 15:50:35 INFO EXCEL_CONNECTED | workbook=sample.xlsm sheet=트레이딩
2026-08-18 15:50:35 INFO LINE | mode=3 | looking_for=25-10 / BID | threshold=10000000 | raw_line=REAL-TIME INTELLIGENCE FOR KOREAN BONDS
2026-08-18 15:50:35 INFO LINE | mode=3 | looking_for=25-10 / BID | threshold=10000000 | raw_line=2026.08.18 / 15:50
2026-08-18 15:50:35 INFO LINE | mode=3 | looking_for=25-10 / BID | threshold=10000000 | raw_line=jhacom02@gmail.com
2026-08-18 15:50:35 INFO LINE | mode=3 | looking_for=25-10 / BID | threshold=10000000 | raw_line=Bond Map
2026-08-18 15:50:35 INFO LINE | mode=3 | looking_for=25-10 / BID | threshold=10000000 | raw_line=K-Bond 메신저의 실시간 메시지를 카테고리별로 탐색합니다.
2026-08-18 15:50:35 INFO LINE | mode=3 | looking_for=25-10 / BID | threshold=10000000 | raw_line=➕
2026-08-18 15:50:35 INFO LINE | mode=3 | looking_for=25-10 / BID | threshold=10000000 | raw_line=Gov(included KTB)
2026-08-18 15:50:35 INFO LINE | mode=3 | looking_for=25-10 / BID | threshold=10000000 | raw_line=×
2026-08-18 15:50:35 INFO LINE | mode=3 | looking_for=25-10 / BID | threshold=10000000 | raw_line=26-5 +0.75원 당팔
2026-08-18 15:50:35 INFO LINE | mode=3 | looking_for=25-10 / BID | threshold=10000000 | raw_line=26-2 매도 있나요?
2026-08-18 15:50:35 INFO LINE | mode=3 | looking_for=25-10 / BID | threshold=10000000 | raw_line=25-10 75 755-
2026-08-18 15:50:35 INFO LINE | mode=3 | looking_for=25-10 / BID | threshold=10000000 | raw_line=26-5 0.75 당팔
2026-08-18 15:50:35 INFO LINE | mode=3 | looking_for=25-10 / BID | threshold=10000000 | raw_line=26-5 84- 10억
2026-08-18 15:50:35 INFO LINE | mode=3 | looking_for=25-10 / BID | threshold=10000000 | raw_line=21-11   팔자
2026-08-18 15:50:35 INFO LINE | mode=3 | looking_for=25-10 / BID | threshold=10000000 | raw_line=26-1 665-
2026-08-18 15:50:35 INFO LINE | mode=3 | looking_for=25-10 / BID | threshold=10000000 | raw_line=26-5 0.75 당팔선사 60억
2026-08-18 15:50:35 INFO LINE | mode=3 | looking_for=25-10 / BID | threshold=10000000 | raw_line=25-9 매도 있나요?
2026-08-18 15:50:35 INFO LINE | mode=3 | looking_for=25-10 / BID | threshold=10000000 | raw_line=26-5 845+ 10억
2026-08-18 15:50:35 INFO LINE | mode=3 | looking_for=25-10 / BID | threshold=10000000 | raw_line=26-5 85+ 50억
2026-08-18 15:50:35 INFO LINE | mode=3 | looking_for=25-10 / BID | threshold=10000000 | raw_line=20-9 10+
2026-08-18 15:50:35 INFO LINE_OMITTED | +102
2026-08-18 15:50:36 INFO EXCEL_CONNECTED | workbook=sample.xlsm sheet=트레이딩
2026-08-18 15:50:36 INFO LINE | mode=3 | looking_for=25-10 / BID | threshold=10000000 | raw_line=REAL-TIME INTELLIGENCE FOR KOREAN BONDS
2026-08-18 15:50:36 INFO LINE | mode=3 | looking_for=25-10 / BID | threshold=10000000 | raw_line=2026.08.18 / 15:50
2026-08-18 15:50:36 INFO LINE | mode=3 | looking_for=25-10 / BID | threshold=10000000 | raw_line=jhacom02@gmail.com
2026-08-18 15:50:36 INFO LINE | mode=3 | looking_for=25-10 / BID | threshold=10000000 | raw_line=Bond Map
2026-08-18 15:50:36 INFO LINE | mode=3 | looking_for=25-10 / BID | threshold=10000000 | raw_line=K-Bond 메신저의 실시간 메시지를 카테고리별로 탐색합니다.
2026-08-18 15:50:36 INFO LINE | mode=3 | looking_for=25-10 / BID | threshold=10000000 | raw_line=➕
2026-08-18 15:50:36 INFO LINE | mode=3 | looking_for=25-10 / BID | threshold=10000000 | raw_line=Gov(included KTB)
2026-08-18 15:50:36 INFO LINE | mode=3 | looking_for=25-10 / BID | threshold=10000000 | raw_line=×
2026-08-18 15:50:36 INFO LINE | mode=3 | looking_for=25-10 / BID | threshold=10000000 | raw_line=26-5 +0.75원 당팔
2026-08-18 15:50:36 INFO LINE | mode=3 | looking_for=25-10 / BID | threshold=10000000 | raw_line=26-2 매도 있나요?
2026-08-18 15:50:36 INFO LINE | mode=3 | looking_for=25-10 / BID | threshold=10000000 | raw_line=25-10 75 755-
2026-08-18 15:50:36 INFO LINE | mode=3 | looking_for=25-10 / BID | threshold=10000000 | raw_line=26-5 0.75 당팔
2026-08-18 15:50:36 INFO LINE | mode=3 | looking_for=25-10 / BID | threshold=10000000 | raw_line=26-5 84- 10억
2026-08-18 15:50:36 INFO LINE | mode=3 | looking_for=25-10 / BID | threshold=10000000 | raw_line=21-11   팔자
2026-08-18 15:50:36 INFO LINE | mode=3 | looking_for=25-10 / BID | threshold=10000000 | raw_line=26-1 665-
2026-08-18 15:50:36 INFO LINE | mode=3 | looking_for=25-10 / BID | threshold=10000000 | raw_line=26-5 0.75 당팔선사 60억
2026-08-18 15:50:36 INFO LINE | mode=3 | looking_for=25-10 / BID | threshold=10000000 | raw_line=25-9 매도 있나요?
2026-08-18 15:50:36 INFO LINE | mode=3 | looking_for=25-10 / BID | threshold=10000000 | raw_line=26-5 845+ 10억
2026-08-18 15:50:36 INFO LINE | mode=3 | looking_for=25-10 / BID | threshold=10000000 | raw_line=26-5 85+ 50억
2026-08-18 15:50:36 INFO LINE | mode=3 | looking_for=25-10 / BID | threshold=10000000 | raw_line=20-9 10+
2026-08-18 15:50:36 INFO LINE_OMITTED | +108
2026-08-18 15:50:37 INFO EXCEL_CONNECTED | workbook=sample.xlsm sheet=트레이딩
2026-08-18 15:50:37 INFO LINE | mode=3 | looking_for=25-10 / BID | threshold=10000000 | raw_line=REAL-TIME INTELLIGENCE FOR KOREAN BONDS
2026-08-18 15:50:37 INFO LINE | mode=3 | looking_for=25-10 / BID | threshold=10000000 | raw_line=2026.08.18 / 15:50
2026-08-18 15:50:37 INFO LINE | mode=3 | looking_for=25-10 / BID | threshold=10000000 | raw_line=jhacom02@gmail.com
2026-08-18 15:50:37 INFO LINE | mode=3 | looking_for=25-10 / BID | threshold=10000000 | raw_line=Bond Map
2026-08-18 15:50:37 INFO LINE | mode=3 | looking_for=25-10 / BID | threshold=10000000 | raw_line=K-Bond 메신저의 실시간 메시지를 카테고리별로 탐색합니다.
2026-08-18 15:50:37 INFO LINE | mode=3 | looking_for=25-10 / BID | threshold=10000000 | raw_line=➕
2026-08-18 15:50:37 INFO LINE | mode=3 | looking_for=25-10 / BID | threshold=10000000 | raw_line=Gov(included KTB)
2026-08-18 15:50:37 INFO LINE | mode=3 | looking_for=25-10 / BID | threshold=10000000 | raw_line=×
2026-08-18 15:50:37 INFO LINE | mode=3 | looking_for=25-10 / BID | threshold=10000000 | raw_line=26-5 +0.75원 당팔
2026-08-18 15:50:37 INFO LINE | mode=3 | looking_for=25-10 / BID | threshold=10000000 | raw_line=26-2 매도 있나요?
2026-08-18 15:50:37 INFO LINE | mode=3 | looking_for=25-10 / BID | threshold=10000000 | raw_line=25-10 75 755-
2026-08-18 15:50:37 INFO LINE | mode=3 | looking_for=25-10 / BID | threshold=10000000 | raw_line=26-5 0.75 당팔
2026-08-18 15:50:37 INFO LINE | mode=3 | looking_for=25-10 / BID | threshold=10000000 | raw_line=26-5 84- 10억
2026-08-18 15:50:37 INFO LINE | mode=3 | looking_for=25-10 / BID | threshold=10000000 | raw_line=21-11   팔자
2026-08-18 15:50:37 INFO LINE | mode=3 | looking_for=25-10 / BID | threshold=10000000 | raw_line=26-1 665-
2026-08-18 15:50:37 INFO LINE | mode=3 | looking_for=25-10 / BID | threshold=10000000 | raw_line=26-5 0.75 당팔선사 60억
2026-08-18 15:50:37 INFO LINE | mode=3 | looking_for=25-10 / BID | threshold=10000000 | raw_line=25-9 매도 있나요?
2026-08-18 15:50:37 INFO LINE | mode=3 | looking_for=25-10 / BID | threshold=10000000 | raw_line=26-5 845+ 10억
2026-08-18 15:50:37 INFO LINE | mode=3 | looking_for=25-10 / BID | threshold=10000000 | raw_line=26-5 85+ 50억
2026-08-18 15:50:37 INFO LINE | mode=3 | looking_for=25-10 / BID | threshold=10000000 | raw_line=20-9 10+
2026-08-18 15:50:37 INFO LINE_OMITTED | +108
2026-08-18 15:50:37 INFO EXCEL_CONNECTED | workbook=sample.xlsm sheet=트레이딩
2026-08-18 15:50:37 INFO LINE | mode=3 | looking_for=25-10 / BID | threshold=10000000 | raw_line=REAL-TIME INTELLIGENCE FOR KOREAN BONDS
2026-08-18 15:50:37 INFO LINE | mode=3 | looking_for=25-10 / BID | threshold=10000000 | raw_line=2026.08.18 / 15:50
2026-08-18 15:50:37 INFO LINE | mode=3 | looking_for=25-10 / BID | threshold=10000000 | raw_line=jhacom02@gmail.com
2026-08-18 15:50:37 INFO LINE | mode=3 | looking_for=25-10 / BID | threshold=10000000 | raw_line=Bond Map
2026-08-18 15:50:37 INFO LINE | mode=3 | looking_for=25-10 / BID | threshold=10000000 | raw_line=K-Bond 메신저의 실시간 메시지를 카테고리별로 탐색합니다.
2026-08-18 15:50:37 INFO LINE | mode=3 | looking_for=25-10 / BID | threshold=10000000 | raw_line=➕
2026-08-18 15:50:37 INFO LINE | mode=3 | looking_for=25-10 / BID | threshold=10000000 | raw_line=Gov(included KTB)
2026-08-18 15:50:37 INFO LINE | mode=3 | looking_for=25-10 / BID | threshold=10000000 | raw_line=×
2026-08-18 15:50:37 INFO LINE | mode=3 | looking_for=25-10 / BID | threshold=10000000 | raw_line=26-5 +0.75원 당팔
2026-08-18 15:50:37 INFO LINE | mode=3 | looking_for=25-10 / BID | threshold=10000000 | raw_line=26-2 매도 있나요?
2026-08-18 15:50:37 INFO LINE | mode=3 | looking_for=25-10 / BID | threshold=10000000 | raw_line=25-10 75 755-
2026-08-18 15:50:37 INFO LINE | mode=3 | looking_for=25-10 / BID | threshold=10000000 | raw_line=26-5 0.75 당팔
2026-08-18 15:50:37 INFO LINE | mode=3 | looking_for=25-10 / BID | threshold=10000000 | raw_line=26-5 84- 10억
2026-08-18 15:50:37 INFO LINE | mode=3 | looking_for=25-10 / BID | threshold=10000000 | raw_line=21-11   팔자
2026-08-18 15:50:37 INFO LINE | mode=3 | looking_for=25-10 / BID | threshold=10000000 | raw_line=26-1 665-
2026-08-18 15:50:37 INFO LINE | mode=3 | looking_for=25-10 / BID | threshold=10000000 | raw_line=26-5 0.75 당팔선사 60억
2026-08-18 15:50:37 INFO LINE | mode=3 | looking_for=25-10 / BID | threshold=10000000 | raw_line=25-9 매도 있나요?
2026-08-18 15:50:37 INFO LINE | mode=3 | looking_for=25-10 / BID | threshold=10000000 | raw_line=26-5 845+ 10억
2026-08-18 15:50:37 INFO LINE | mode=3 | looking_for=25-10 / BID | threshold=10000000 | raw_line=26-5 85+ 50억
2026-08-18 15:50:37 INFO LINE | mode=3 | looking_for=25-10 / BID | threshold=10000000 | raw_line=20-9 10+
2026-08-18 15:50:37 INFO LINE_OMITTED | +108
2026-08-18 15:50:38 INFO EXCEL_CONNECTED | workbook=sample.xlsm sheet=트레이딩
2026-08-18 15:50:38 INFO LINE | mode=3 | looking_for=25-10 / BID | threshold=10000000 | raw_line=REAL-TIME INTELLIGENCE FOR KOREAN BONDS
2026-08-18 15:50:38 INFO LINE | mode=3 | looking_for=25-10 / BID | threshold=10000000 | raw_line=2026.08.18 / 15:50
2026-08-18 15:50:38 INFO LINE | mode=3 | looking_for=25-10 / BID | threshold=10000000 | raw_line=jhacom02@gmail.com
2026-08-18 15:50:38 INFO LINE | mode=3 | looking_for=25-10 / BID | threshold=10000000 | raw_line=Bond Map
2026-08-18 15:50:38 INFO LINE | mode=3 | looking_for=25-10 / BID | threshold=10000000 | raw_line=K-Bond 메신저의 실시간 메시지를 카테고리별로 탐색합니다.
2026-08-18 15:50:38 INFO LINE | mode=3 | looking_for=25-10 / BID | threshold=10000000 | raw_line=➕
2026-08-18 15:50:38 INFO LINE | mode=3 | looking_for=25-10 / BID | threshold=10000000 | raw_line=Gov(included KTB)
2026-08-18 15:50:38 INFO LINE | mode=3 | looking_for=25-10 / BID | threshold=10000000 | raw_line=×
2026-08-18 15:50:38 INFO LINE | mode=3 | looking_for=25-10 / BID | threshold=10000000 | raw_line=26-5 +0.75원 당팔
2026-08-18 15:50:38 INFO LINE | mode=3 | looking_for=25-10 / BID | threshold=10000000 | raw_line=26-2 매도 있나요?
2026-08-18 15:50:38 INFO LINE | mode=3 | looking_for=25-10 / BID | threshold=10000000 | raw_line=25-10 75 755-
2026-08-18 15:50:38 INFO LINE | mode=3 | looking_for=25-10 / BID | threshold=10000000 | raw_line=26-5 0.75 당팔
2026-08-18 15:50:38 INFO LINE | mode=3 | looking_for=25-10 / BID | threshold=10000000 | raw_line=26-5 84- 10억
2026-08-18 15:50:38 INFO LINE | mode=3 | looking_for=25-10 / BID | threshold=10000000 | raw_line=21-11   팔자
2026-08-18 15:50:38 INFO LINE | mode=3 | looking_for=25-10 / BID | threshold=10000000 | raw_line=26-1 665-
2026-08-18 15:50:38 INFO LINE | mode=3 | looking_for=25-10 / BID | threshold=10000000 | raw_line=26-5 0.75 당팔선사 60억
2026-08-18 15:50:38 INFO LINE | mode=3 | looking_for=25-10 / BID | threshold=10000000 | raw_line=25-9 매도 있나요?
2026-08-18 15:50:38 INFO LINE | mode=3 | looking_for=25-10 / BID | threshold=10000000 | raw_line=26-5 845+ 10억
2026-08-18 15:50:38 INFO LINE | mode=3 | looking_for=25-10 / BID | threshold=10000000 | raw_line=26-5 85+ 50억
2026-08-18 15:50:38 INFO LINE | mode=3 | looking_for=25-10 / BID | threshold=10000000 | raw_line=20-9 10+
2026-08-18 15:50:38 INFO LINE_OMITTED | +108
2026-08-18 15:50:39 INFO EXCEL_CONNECTED | workbook=sample.xlsm sheet=트레이딩
2026-08-18 15:50:39 INFO LINE | mode=3 | looking_for=25-10 / BID | threshold=10000000 | raw_line=REAL-TIME INTELLIGENCE FOR KOREAN BONDS
2026-08-18 15:50:39 INFO LINE | mode=3 | looking_for=25-10 / BID | threshold=10000000 | raw_line=2026.08.18 / 15:50
2026-08-18 15:50:39 INFO LINE | mode=3 | looking_for=25-10 / BID | threshold=10000000 | raw_line=jhacom02@gmail.com
2026-08-18 15:50:39 INFO LINE | mode=3 | looking_for=25-10 / BID | threshold=10000000 | raw_line=Bond Map
2026-08-18 15:50:39 INFO LINE | mode=3 | looking_for=25-10 / BID | threshold=10000000 | raw_line=K-Bond 메신저의 실시간 메시지를 카테고리별로 탐색합니다.
2026-08-18 15:50:39 INFO LINE | mode=3 | looking_for=25-10 / BID | threshold=10000000 | raw_line=➕
2026-08-18 15:50:39 INFO LINE | mode=3 | looking_for=25-10 / BID | threshold=10000000 | raw_line=Gov(included KTB)
2026-08-18 15:50:39 INFO LINE | mode=3 | looking_for=25-10 / BID | threshold=10000000 | raw_line=×
2026-08-18 15:50:39 INFO LINE | mode=3 | looking_for=25-10 / BID | threshold=10000000 | raw_line=26-5 +0.75원 당팔
2026-08-18 15:50:39 INFO LINE | mode=3 | looking_for=25-10 / BID | threshold=10000000 | raw_line=26-2 매도 있나요?
2026-08-18 15:50:39 INFO LINE | mode=3 | looking_for=25-10 / BID | threshold=10000000 | raw_line=25-10 75 755-
2026-08-18 15:50:39 INFO LINE | mode=3 | looking_for=25-10 / BID | threshold=10000000 | raw_line=26-5 0.75 당팔
2026-08-18 15:50:39 INFO LINE | mode=3 | looking_for=25-10 / BID | threshold=10000000 | raw_line=26-5 84- 10억
2026-08-18 15:50:39 INFO LINE | mode=3 | looking_for=25-10 / BID | threshold=10000000 | raw_line=21-11   팔자
2026-08-18 15:50:39 INFO LINE | mode=3 | looking_for=25-10 / BID | threshold=10000000 | raw_line=26-1 665-
2026-08-18 15:50:39 INFO LINE | mode=3 | looking_for=25-10 / BID | threshold=10000000 | raw_line=26-5 0.75 당팔선사 60억
2026-08-18 15:50:39 INFO LINE | mode=3 | looking_for=25-10 / BID | threshold=10000000 | raw_line=25-9 매도 있나요?
2026-08-18 15:50:39 INFO LINE | mode=3 | looking_for=25-10 / BID | threshold=10000000 | raw_line=26-5 845+ 10억
2026-08-18 15:50:39 INFO LINE | mode=3 | looking_for=25-10 / BID | threshold=10000000 | raw_line=26-5 85+ 50억
2026-08-18 15:50:39 INFO LINE | mode=3 | looking_for=25-10 / BID | threshold=10000000 | raw_line=20-9 10+
2026-08-18 15:50:39 INFO LINE_OMITTED | +108
2026-08-18 15:50:39 INFO EXCEL_CONNECTED | workbook=sample.xlsm sheet=트레이딩
2026-08-18 15:50:39 INFO LINE | mode=3 | looking_for=25-10 / BID | threshold=10000000 | raw_line=REAL-TIME INTELLIGENCE FOR KOREAN BONDS
2026-08-18 15:50:39 INFO LINE | mode=3 | looking_for=25-10 / BID | threshold=10000000 | raw_line=2026.08.18 / 15:50
2026-08-18 15:50:39 INFO LINE | mode=3 | looking_for=25-10 / BID | threshold=10000000 | raw_line=jhacom02@gmail.com
2026-08-18 15:50:39 INFO LINE | mode=3 | looking_for=25-10 / BID | threshold=10000000 | raw_line=Bond Map
2026-08-18 15:50:39 INFO LINE | mode=3 | looking_for=25-10 / BID | threshold=10000000 | raw_line=K-Bond 메신저의 실시간 메시지를 카테고리별로 탐색합니다.
2026-08-18 15:50:39 INFO LINE | mode=3 | looking_for=25-10 / BID | threshold=10000000 | raw_line=➕
2026-08-18 15:50:39 INFO LINE | mode=3 | looking_for=25-10 / BID | threshold=10000000 | raw_line=Gov(included KTB)
2026-08-18 15:50:39 INFO LINE | mode=3 | looking_for=25-10 / BID | threshold=10000000 | raw_line=×
2026-08-18 15:50:39 INFO LINE | mode=3 | looking_for=25-10 / BID | threshold=10000000 | raw_line=26-5 84- 10억
2026-08-18 15:50:39 INFO LINE | mode=3 | looking_for=25-10 / BID | threshold=10000000 | raw_line=26-5 +0.75원 당팔
2026-08-18 15:50:39 INFO LINE | mode=3 | looking_for=25-10 / BID | threshold=10000000 | raw_line=26-2 매도 있나요?
2026-08-18 15:50:39 INFO LINE | mode=3 | looking_for=25-10 / BID | threshold=10000000 | raw_line=25-10 75 755-
2026-08-18 15:50:39 INFO LINE | mode=3 | looking_for=25-10 / BID | threshold=10000000 | raw_line=26-5 0.75 당팔
2026-08-18 15:50:39 INFO LINE | mode=3 | looking_for=25-10 / BID | threshold=10000000 | raw_line=21-11   팔자
2026-08-18 15:50:39 INFO LINE | mode=3 | looking_for=25-10 / BID | threshold=10000000 | raw_line=26-1 665-
2026-08-18 15:50:39 INFO LINE | mode=3 | looking_for=25-10 / BID | threshold=10000000 | raw_line=26-5 0.75 당팔선사 60억
2026-08-18 15:50:39 INFO LINE | mode=3 | looking_for=25-10 / BID | threshold=10000000 | raw_line=25-9 매도 있나요?
2026-08-18 15:50:39 INFO LINE | mode=3 | looking_for=25-10 / BID | threshold=10000000 | raw_line=26-5 845+ 10억
2026-08-18 15:50:39 INFO LINE | mode=3 | looking_for=25-10 / BID | threshold=10000000 | raw_line=26-5 85+ 50억
2026-08-18 15:50:39 INFO LINE | mode=3 | looking_for=25-10 / BID | threshold=10000000 | raw_line=20-9 10+
2026-08-18 15:50:39 INFO LINE_OMITTED | +107
2026-08-18 15:50:40 INFO EXCEL_CONNECTED | workbook=sample.xlsm sheet=트레이딩
2026-08-18 15:50:40 INFO LINE | mode=3 | looking_for=25-10 / BID | threshold=10000000 | raw_line=REAL-TIME INTELLIGENCE FOR KOREAN BONDS
2026-08-18 15:50:40 INFO LINE | mode=3 | looking_for=25-10 / BID | threshold=10000000 | raw_line=2026.08.18 / 15:50
2026-08-18 15:50:40 INFO LINE | mode=3 | looking_for=25-10 / BID | threshold=10000000 | raw_line=jhacom02@gmail.com
2026-08-18 15:50:40 INFO LINE | mode=3 | looking_for=25-10 / BID | threshold=10000000 | raw_line=Bond Map
2026-08-18 15:50:40 INFO LINE | mode=3 | looking_for=25-10 / BID | threshold=10000000 | raw_line=K-Bond 메신저의 실시간 메시지를 카테고리별로 탐색합니다.
2026-08-18 15:50:40 INFO LINE | mode=3 | looking_for=25-10 / BID | threshold=10000000 | raw_line=➕
2026-08-18 15:50:40 INFO LINE | mode=3 | looking_for=25-10 / BID | threshold=10000000 | raw_line=Gov(included KTB)
2026-08-18 15:50:40 INFO LINE | mode=3 | looking_for=25-10 / BID | threshold=10000000 | raw_line=×
2026-08-18 15:50:40 INFO LINE | mode=3 | looking_for=25-10 / BID | threshold=10000000 | raw_line=26-1 665+
2026-08-18 15:50:40 INFO LINE | mode=3 | looking_for=25-10 / BID | threshold=10000000 | raw_line=26-5 84- 10억
2026-08-18 15:50:40 INFO LINE | mode=3 | looking_for=25-10 / BID | threshold=10000000 | raw_line=26-5 +0.75원 당팔
2026-08-18 15:50:40 INFO LINE | mode=3 | looking_for=25-10 / BID | threshold=10000000 | raw_line=26-2 매도 있나요?
2026-08-18 15:50:40 INFO LINE | mode=3 | looking_for=25-10 / BID | threshold=10000000 | raw_line=25-10 75 755-
2026-08-18 15:50:40 INFO LINE | mode=3 | looking_for=25-10 / BID | threshold=10000000 | raw_line=26-5 0.75 당팔
2026-08-18 15:50:40 INFO LINE | mode=3 | looking_for=25-10 / BID | threshold=10000000 | raw_line=21-11   팔자
2026-08-18 15:50:40 INFO LINE | mode=3 | looking_for=25-10 / BID | threshold=10000000 | raw_line=26-1 665-
2026-08-18 15:50:40 INFO LINE | mode=3 | looking_for=25-10 / BID | threshold=10000000 | raw_line=26-5 0.75 당팔선사 60억
2026-08-18 15:50:40 INFO LINE | mode=3 | looking_for=25-10 / BID | threshold=10000000 | raw_line=25-9 매도 있나요?
2026-08-18 15:50:40 INFO LINE | mode=3 | looking_for=25-10 / BID | threshold=10000000 | raw_line=26-5 845+ 10억
2026-08-18 15:50:40 INFO LINE | mode=3 | looking_for=25-10 / BID | threshold=10000000 | raw_line=26-5 85+ 50억
2026-08-18 15:50:40 INFO LINE_OMITTED | +102
2026-08-18 15:50:41 INFO EXCEL_CONNECTED | workbook=sample.xlsm sheet=트레이딩
2026-08-18 15:50:41 INFO LINE | mode=3 | looking_for=25-10 / BID | threshold=10000000 | raw_line=REAL-TIME INTELLIGENCE FOR KOREAN BONDS
2026-08-18 15:50:41 INFO LINE | mode=3 | looking_for=25-10 / BID | threshold=10000000 | raw_line=2026.08.18 / 15:50
2026-08-18 15:50:41 INFO LINE | mode=3 | looking_for=25-10 / BID | threshold=10000000 | raw_line=jhacom02@gmail.com
2026-08-18 15:50:41 INFO LINE | mode=3 | looking_for=25-10 / BID | threshold=10000000 | raw_line=Bond Map
2026-08-18 15:50:41 INFO LINE | mode=3 | looking_for=25-10 / BID | threshold=10000000 | raw_line=K-Bond 메신저의 실시간 메시지를 카테고리별로 탐색합니다.
2026-08-18 15:50:41 INFO LINE | mode=3 | looking_for=25-10 / BID | threshold=10000000 | raw_line=➕
2026-08-18 15:50:41 INFO LINE | mode=3 | looking_for=25-10 / BID | threshold=10000000 | raw_line=Gov(included KTB)
2026-08-18 15:50:41 INFO LINE | mode=3 | looking_for=25-10 / BID | threshold=10000000 | raw_line=×
2026-08-18 15:50:41 INFO LINE | mode=3 | looking_for=25-10 / BID | threshold=10000000 | raw_line=26-1 665+
2026-08-18 15:50:41 INFO LINE | mode=3 | looking_for=25-10 / BID | threshold=10000000 | raw_line=26-5 84- 10억
2026-08-18 15:50:41 INFO LINE | mode=3 | looking_for=25-10 / BID | threshold=10000000 | raw_line=26-5 +0.75원 당팔
2026-08-18 15:50:41 INFO LINE | mode=3 | looking_for=25-10 / BID | threshold=10000000 | raw_line=26-2 매도 있나요?
2026-08-18 15:50:41 INFO LINE | mode=3 | looking_for=25-10 / BID | threshold=10000000 | raw_line=25-10 75 755-
2026-08-18 15:50:41 INFO LINE | mode=3 | looking_for=25-10 / BID | threshold=10000000 | raw_line=26-5 0.75 당팔
2026-08-18 15:50:41 INFO LINE | mode=3 | looking_for=25-10 / BID | threshold=10000000 | raw_line=21-11   팔자
2026-08-18 15:50:41 INFO LINE | mode=3 | looking_for=25-10 / BID | threshold=10000000 | raw_line=26-1 665-
2026-08-18 15:50:41 INFO LINE | mode=3 | looking_for=25-10 / BID | threshold=10000000 | raw_line=26-5 0.75 당팔선사 60억
2026-08-18 15:50:41 INFO LINE | mode=3 | looking_for=25-10 / BID | threshold=10000000 | raw_line=25-9 매도 있나요?
2026-08-18 15:50:41 INFO LINE | mode=3 | looking_for=25-10 / BID | threshold=10000000 | raw_line=26-5 845+ 10억
2026-08-18 15:50:41 INFO LINE | mode=3 | looking_for=25-10 / BID | threshold=10000000 | raw_line=26-5 85+ 50억
2026-08-18 15:50:41 INFO LINE_OMITTED | +109
2026-08-18 15:50:41 INFO EXCEL_CONNECTED | workbook=sample.xlsm sheet=트레이딩
2026-08-18 15:50:41 INFO LINE | mode=3 | looking_for=25-10 / BID | threshold=10000000 | raw_line=REAL-TIME INTELLIGENCE FOR KOREAN BONDS
2026-08-18 15:50:41 INFO LINE | mode=3 | looking_for=25-10 / BID | threshold=10000000 | raw_line=2026.08.18 / 15:50
2026-08-18 15:50:41 INFO LINE | mode=3 | looking_for=25-10 / BID | threshold=10000000 | raw_line=jhacom02@gmail.com
2026-08-18 15:50:41 INFO LINE | mode=3 | looking_for=25-10 / BID | threshold=10000000 | raw_line=Bond Map
2026-08-18 15:50:41 INFO LINE | mode=3 | looking_for=25-10 / BID | threshold=10000000 | raw_line=K-Bond 메신저의 실시간 메시지를 카테고리별로 탐색합니다.
2026-08-18 15:50:41 INFO LINE | mode=3 | looking_for=25-10 / BID | threshold=10000000 | raw_line=➕
2026-08-18 15:50:41 INFO LINE | mode=3 | looking_for=25-10 / BID | threshold=10000000 | raw_line=Gov(included KTB)
2026-08-18 15:50:41 INFO LINE | mode=3 | looking_for=25-10 / BID | threshold=10000000 | raw_line=×
2026-08-18 15:50:41 INFO LINE | mode=3 | looking_for=25-10 / BID | threshold=10000000 | raw_line=26-1 665+
2026-08-18 15:50:41 INFO LINE | mode=3 | looking_for=25-10 / BID | threshold=10000000 | raw_line=26-5 84- 10억
2026-08-18 15:50:41 INFO LINE | mode=3 | looking_for=25-10 / BID | threshold=10000000 | raw_line=26-5 +0.75원 당팔
2026-08-18 15:50:41 INFO LINE | mode=3 | looking_for=25-10 / BID | threshold=10000000 | raw_line=26-2 매도 있나요?
2026-08-18 15:50:41 INFO LINE | mode=3 | looking_for=25-10 / BID | threshold=10000000 | raw_line=25-10 75 755-
2026-08-18 15:50:41 INFO LINE | mode=3 | looking_for=25-10 / BID | threshold=10000000 | raw_line=26-5 0.75 당팔
2026-08-18 15:50:41 INFO LINE | mode=3 | looking_for=25-10 / BID | threshold=10000000 | raw_line=21-11   팔자
2026-08-18 15:50:41 INFO LINE | mode=3 | looking_for=25-10 / BID | threshold=10000000 | raw_line=26-1 665-
2026-08-18 15:50:41 INFO LINE | mode=3 | looking_for=25-10 / BID | threshold=10000000 | raw_line=26-5 0.75 당팔선사 60억
2026-08-18 15:50:41 INFO LINE | mode=3 | looking_for=25-10 / BID | threshold=10000000 | raw_line=25-9 매도 있나요?
2026-08-18 15:50:41 INFO LINE | mode=3 | looking_for=25-10 / BID | threshold=10000000 | raw_line=26-5 845+ 10억
2026-08-18 15:50:41 INFO LINE | mode=3 | looking_for=25-10 / BID | threshold=10000000 | raw_line=26-5 85+ 50억
2026-08-18 15:50:41 INFO LINE_OMITTED | +109
2026-08-18 15:50:42 INFO EXCEL_CONNECTED | workbook=sample.xlsm sheet=트레이딩
2026-08-18 15:50:42 INFO LINE | mode=3 | looking_for=25-10 / BID | threshold=10000000 | raw_line=REAL-TIME INTELLIGENCE FOR KOREAN BONDS
2026-08-18 15:50:42 INFO LINE | mode=3 | looking_for=25-10 / BID | threshold=10000000 | raw_line=2026.08.18 / 15:50
2026-08-18 15:50:42 INFO LINE | mode=3 | looking_for=25-10 / BID | threshold=10000000 | raw_line=jhacom02@gmail.com
2026-08-18 15:50:42 INFO LINE | mode=3 | looking_for=25-10 / BID | threshold=10000000 | raw_line=Bond Map
2026-08-18 15:50:42 INFO LINE | mode=3 | looking_for=25-10 / BID | threshold=10000000 | raw_line=K-Bond 메신저의 실시간 메시지를 카테고리별로 탐색합니다.
2026-08-18 15:50:42 INFO LINE | mode=3 | looking_for=25-10 / BID | threshold=10000000 | raw_line=➕
2026-08-18 15:50:42 INFO LINE | mode=3 | looking_for=25-10 / BID | threshold=10000000 | raw_line=Gov(included KTB)
2026-08-18 15:50:42 INFO LINE | mode=3 | looking_for=25-10 / BID | threshold=10000000 | raw_line=×
2026-08-18 15:50:42 INFO LINE | mode=3 | looking_for=25-10 / BID | threshold=10000000 | raw_line=25-10 75 755-
2026-08-18 15:50:42 INFO LINE | mode=3 | looking_for=25-10 / BID | threshold=10000000 | raw_line=25-4 당사 0.8
2026-08-18 15:50:42 INFO LINE | mode=3 | looking_for=25-10 / BID | threshold=10000000 | raw_line=26-5 845+ 10억
2026-08-18 15:50:42 INFO LINE | mode=3 | looking_for=25-10 / BID | threshold=10000000 | raw_line=26-1 665+
2026-08-18 15:50:42 INFO LINE | mode=3 | looking_for=25-10 / BID | threshold=10000000 | raw_line=26-5 84- 10억
2026-08-18 15:50:42 INFO LINE | mode=3 | looking_for=25-10 / BID | threshold=10000000 | raw_line=26-5 +0.75원 당팔
2026-08-18 15:50:42 INFO LINE | mode=3 | looking_for=25-10 / BID | threshold=10000000 | raw_line=26-2 매도 있나요?
2026-08-18 15:50:42 INFO LINE | mode=3 | looking_for=25-10 / BID | threshold=10000000 | raw_line=26-5 0.75 당팔
2026-08-18 15:50:42 INFO LINE | mode=3 | looking_for=25-10 / BID | threshold=10000000 | raw_line=21-11   팔자
2026-08-18 15:50:42 INFO LINE | mode=3 | looking_for=25-10 / BID | threshold=10000000 | raw_line=26-1 665-
2026-08-18 15:50:42 INFO LINE | mode=3 | looking_for=25-10 / BID | threshold=10000000 | raw_line=26-5 0.75 당팔선사 60억
2026-08-18 15:50:42 INFO LINE | mode=3 | looking_for=25-10 / BID | threshold=10000000 | raw_line=25-9 매도 있나요?
2026-08-18 15:50:42 INFO LINE_OMITTED | +100
2026-08-18 15:50:43 INFO EXCEL_CONNECTED | workbook=sample.xlsm sheet=트레이딩
2026-08-18 15:50:43 INFO LINE | mode=3 | looking_for=25-10 / BID | threshold=10000000 | raw_line=REAL-TIME INTELLIGENCE FOR KOREAN BONDS
2026-08-18 15:50:43 INFO LINE | mode=3 | looking_for=25-10 / BID | threshold=10000000 | raw_line=2026.08.18 / 15:50
2026-08-18 15:50:43 INFO LINE | mode=3 | looking_for=25-10 / BID | threshold=10000000 | raw_line=jhacom02@gmail.com
2026-08-18 15:50:43 INFO LINE | mode=3 | looking_for=25-10 / BID | threshold=10000000 | raw_line=Bond Map
2026-08-18 15:50:43 INFO LINE | mode=3 | looking_for=25-10 / BID | threshold=10000000 | raw_line=K-Bond 메신저의 실시간 메시지를 카테고리별로 탐색합니다.
2026-08-18 15:50:43 INFO LINE | mode=3 | looking_for=25-10 / BID | threshold=10000000 | raw_line=➕
2026-08-18 15:50:43 INFO LINE | mode=3 | looking_for=25-10 / BID | threshold=10000000 | raw_line=Gov(included KTB)
2026-08-18 15:50:43 INFO LINE | mode=3 | looking_for=25-10 / BID | threshold=10000000 | raw_line=×
2026-08-18 15:50:43 INFO LINE | mode=3 | looking_for=25-10 / BID | threshold=10000000 | raw_line=25-10 75 755-
2026-08-18 15:50:43 INFO LINE | mode=3 | looking_for=25-10 / BID | threshold=10000000 | raw_line=25-4 당사 0.8
2026-08-18 15:50:43 INFO LINE | mode=3 | looking_for=25-10 / BID | threshold=10000000 | raw_line=26-5 845+ 10억
2026-08-18 15:50:43 INFO LINE | mode=3 | looking_for=25-10 / BID | threshold=10000000 | raw_line=26-1 665+
2026-08-18 15:50:43 INFO LINE | mode=3 | looking_for=25-10 / BID | threshold=10000000 | raw_line=26-5 84- 10억
2026-08-18 15:50:43 INFO LINE | mode=3 | looking_for=25-10 / BID | threshold=10000000 | raw_line=26-5 +0.75원 당팔
2026-08-18 15:50:43 INFO LINE | mode=3 | looking_for=25-10 / BID | threshold=10000000 | raw_line=26-2 매도 있나요?
2026-08-18 15:50:43 INFO LINE | mode=3 | looking_for=25-10 / BID | threshold=10000000 | raw_line=26-5 0.75 당팔
2026-08-18 15:50:43 INFO LINE | mode=3 | looking_for=25-10 / BID | threshold=10000000 | raw_line=21-11   팔자
2026-08-18 15:50:43 INFO LINE | mode=3 | looking_for=25-10 / BID | threshold=10000000 | raw_line=26-1 665-
2026-08-18 15:50:43 INFO LINE | mode=3 | looking_for=25-10 / BID | threshold=10000000 | raw_line=26-5 0.75 당팔선사 60억
2026-08-18 15:50:43 INFO LINE | mode=3 | looking_for=25-10 / BID | threshold=10000000 | raw_line=25-9 매도 있나요?
2026-08-18 15:50:43 INFO LINE_OMITTED | +107
2026-08-18 15:50:44 INFO EXCEL_CONNECTED | workbook=sample.xlsm sheet=트레이딩
2026-08-18 15:50:44 INFO LINE | mode=3 | looking_for=25-10 / BID | threshold=10000000 | raw_line=REAL-TIME INTELLIGENCE FOR KOREAN BONDS
2026-08-18 15:50:44 INFO LINE | mode=3 | looking_for=25-10 / BID | threshold=10000000 | raw_line=2026.08.18 / 15:50
2026-08-18 15:50:44 INFO LINE | mode=3 | looking_for=25-10 / BID | threshold=10000000 | raw_line=jhacom02@gmail.com
2026-08-18 15:50:44 INFO LINE | mode=3 | looking_for=25-10 / BID | threshold=10000000 | raw_line=Bond Map
2026-08-18 15:50:44 INFO LINE | mode=3 | looking_for=25-10 / BID | threshold=10000000 | raw_line=K-Bond 메신저의 실시간 메시지를 카테고리별로 탐색합니다.
2026-08-18 15:50:44 INFO LINE | mode=3 | looking_for=25-10 / BID | threshold=10000000 | raw_line=➕
2026-08-18 15:50:44 INFO LINE | mode=3 | looking_for=25-10 / BID | threshold=10000000 | raw_line=Gov(included KTB)
2026-08-18 15:50:44 INFO LINE | mode=3 | looking_for=25-10 / BID | threshold=10000000 | raw_line=×
2026-08-18 15:50:44 INFO LINE | mode=3 | looking_for=25-10 / BID | threshold=10000000 | raw_line=26-1 665-
2026-08-18 15:50:44 INFO LINE | mode=3 | looking_for=25-10 / BID | threshold=10000000 | raw_line=26-1 665- ㅎㅈ DS 709-2459
2026-08-18 15:50:44 INFO LINE | mode=3 | looking_for=25-10 / BID | threshold=10000000 | raw_line=25-10 75 755-
2026-08-18 15:50:44 INFO LINE | mode=3 | looking_for=25-10 / BID | threshold=10000000 | raw_line=25-4 당사 0.8
2026-08-18 15:50:44 INFO LINE | mode=3 | looking_for=25-10 / BID | threshold=10000000 | raw_line=26-5 845+ 10억
2026-08-18 15:50:44 INFO LINE | mode=3 | looking_for=25-10 / BID | threshold=10000000 | raw_line=26-1 665+
2026-08-18 15:50:44 INFO LINE | mode=3 | looking_for=25-10 / BID | threshold=10000000 | raw_line=26-5 84- 10억
2026-08-18 15:50:44 INFO LINE | mode=3 | looking_for=25-10 / BID | threshold=10000000 | raw_line=26-5 +0.75원 당팔
2026-08-18 15:50:44 INFO LINE | mode=3 | looking_for=25-10 / BID | threshold=10000000 | raw_line=26-2 매도 있나요?
2026-08-18 15:50:44 INFO LINE | mode=3 | looking_for=25-10 / BID | threshold=10000000 | raw_line=26-5 0.75 당팔
2026-08-18 15:50:44 INFO LINE | mode=3 | looking_for=25-10 / BID | threshold=10000000 | raw_line=21-11   팔자
2026-08-18 15:50:44 INFO LINE | mode=3 | looking_for=25-10 / BID | threshold=10000000 | raw_line=26-5 0.75 당팔선사 60억
2026-08-18 15:50:44 INFO LINE_OMITTED | +105
2026-08-18 15:50:44 INFO EXCEL_CONNECTED | workbook=sample.xlsm sheet=트레이딩
2026-08-18 15:50:44 INFO LINE | mode=3 | looking_for=25-10 / BID | threshold=10000000 | raw_line=REAL-TIME INTELLIGENCE FOR KOREAN BONDS
2026-08-18 15:50:44 INFO LINE | mode=3 | looking_for=25-10 / BID | threshold=10000000 | raw_line=2026.08.18 / 15:50
2026-08-18 15:50:44 INFO LINE | mode=3 | looking_for=25-10 / BID | threshold=10000000 | raw_line=jhacom02@gmail.com
2026-08-18 15:50:44 INFO LINE | mode=3 | looking_for=25-10 / BID | threshold=10000000 | raw_line=Bond Map
2026-08-18 15:50:44 INFO LINE | mode=3 | looking_for=25-10 / BID | threshold=10000000 | raw_line=K-Bond 메신저의 실시간 메시지를 카테고리별로 탐색합니다.
2026-08-18 15:50:44 INFO LINE | mode=3 | looking_for=25-10 / BID | threshold=10000000 | raw_line=➕
2026-08-18 15:50:44 INFO LINE | mode=3 | looking_for=25-10 / BID | threshold=10000000 | raw_line=Gov(included KTB)
2026-08-18 15:50:44 INFO LINE | mode=3 | looking_for=25-10 / BID | threshold=10000000 | raw_line=×
2026-08-18 15:50:44 INFO LINE | mode=3 | looking_for=25-10 / BID | threshold=10000000 | raw_line=26-5 845 +
2026-08-18 15:50:44 INFO LINE | mode=3 | looking_for=25-10 / BID | threshold=10000000 | raw_line=26-3 10- 10억
2026-08-18 15:50:44 INFO LINE | mode=3 | looking_for=25-10 / BID | threshold=10000000 | raw_line=26-1 665-
2026-08-18 15:50:44 INFO LINE | mode=3 | looking_for=25-10 / BID | threshold=10000000 | raw_line=26-1 665- ㅎㅈ DS 709-2459
2026-08-18 15:50:44 INFO LINE | mode=3 | looking_for=25-10 / BID | threshold=10000000 | raw_line=25-10 75 755-
2026-08-18 15:50:44 INFO LINE | mode=3 | looking_for=25-10 / BID | threshold=10000000 | raw_line=25-4 당사 0.8
2026-08-18 15:50:44 INFO LINE | mode=3 | looking_for=25-10 / BID | threshold=10000000 | raw_line=26-5 845+ 10억
2026-08-18 15:50:44 INFO LINE | mode=3 | looking_for=25-10 / BID | threshold=10000000 | raw_line=26-1 665+
2026-08-18 15:50:44 INFO LINE | mode=3 | looking_for=25-10 / BID | threshold=10000000 | raw_line=26-5 84- 10억
2026-08-18 15:50:44 INFO LINE | mode=3 | looking_for=25-10 / BID | threshold=10000000 | raw_line=26-5 +0.75원 당팔
2026-08-18 15:50:44 INFO LINE | mode=3 | looking_for=25-10 / BID | threshold=10000000 | raw_line=26-2 매도 있나요?
2026-08-18 15:50:44 INFO LINE | mode=3 | looking_for=25-10 / BID | threshold=10000000 | raw_line=26-5 0.75 당팔
2026-08-18 15:50:44 INFO LINE_OMITTED | +97
2026-08-18 15:50:45 INFO EXCEL_CONNECTED | workbook=sample.xlsm sheet=트레이딩
2026-08-18 15:50:45 INFO LINE | mode=3 | looking_for=25-10 / BID | threshold=10000000 | raw_line=REAL-TIME INTELLIGENCE FOR KOREAN BONDS
2026-08-18 15:50:45 INFO LINE | mode=3 | looking_for=25-10 / BID | threshold=10000000 | raw_line=2026.08.18 / 15:50
2026-08-18 15:50:45 INFO LINE | mode=3 | looking_for=25-10 / BID | threshold=10000000 | raw_line=jhacom02@gmail.com
2026-08-18 15:50:45 INFO LINE | mode=3 | looking_for=25-10 / BID | threshold=10000000 | raw_line=Bond Map
2026-08-18 15:50:45 INFO LINE | mode=3 | looking_for=25-10 / BID | threshold=10000000 | raw_line=K-Bond 메신저의 실시간 메시지를 카테고리별로 탐색합니다.
2026-08-18 15:50:45 INFO LINE | mode=3 | looking_for=25-10 / BID | threshold=10000000 | raw_line=➕
2026-08-18 15:50:45 INFO LINE | mode=3 | looking_for=25-10 / BID | threshold=10000000 | raw_line=Gov(included KTB)
2026-08-18 15:50:45 INFO LINE | mode=3 | looking_for=25-10 / BID | threshold=10000000 | raw_line=×
2026-08-18 15:50:45 INFO LINE | mode=3 | looking_for=25-10 / BID | threshold=10000000 | raw_line=26-5 845 +
2026-08-18 15:50:45 INFO LINE | mode=3 | looking_for=25-10 / BID | threshold=10000000 | raw_line=26-3 10- 10억
2026-08-18 15:50:45 INFO LINE | mode=3 | looking_for=25-10 / BID | threshold=10000000 | raw_line=26-1 665-
2026-08-18 15:50:45 INFO LINE | mode=3 | looking_for=25-10 / BID | threshold=10000000 | raw_line=26-1 665- ㅎㅈ DS 709-2459
2026-08-18 15:50:45 INFO LINE | mode=3 | looking_for=25-10 / BID | threshold=10000000 | raw_line=25-10 75 755-
2026-08-18 15:50:45 INFO LINE | mode=3 | looking_for=25-10 / BID | threshold=10000000 | raw_line=25-4 당사 0.8
2026-08-18 15:50:45 INFO LINE | mode=3 | looking_for=25-10 / BID | threshold=10000000 | raw_line=26-5 845+ 10억
2026-08-18 15:50:45 INFO LINE | mode=3 | looking_for=25-10 / BID | threshold=10000000 | raw_line=26-1 665+
2026-08-18 15:50:45 INFO LINE | mode=3 | looking_for=25-10 / BID | threshold=10000000 | raw_line=26-5 84- 10억
2026-08-18 15:50:45 INFO LINE | mode=3 | looking_for=25-10 / BID | threshold=10000000 | raw_line=26-5 +0.75원 당팔
2026-08-18 15:50:45 INFO LINE | mode=3 | looking_for=25-10 / BID | threshold=10000000 | raw_line=26-2 매도 있나요?
2026-08-18 15:50:45 INFO LINE | mode=3 | looking_for=25-10 / BID | threshold=10000000 | raw_line=26-5 0.75 당팔
2026-08-18 15:50:45 INFO LINE_OMITTED | +104
2026-08-18 15:50:46 INFO EXCEL_CONNECTED | workbook=sample.xlsm sheet=트레이딩
2026-08-18 15:50:46 INFO LINE | mode=3 | looking_for=25-10 / BID | threshold=10000000 | raw_line=REAL-TIME INTELLIGENCE FOR KOREAN BONDS
2026-08-18 15:50:46 INFO LINE | mode=3 | looking_for=25-10 / BID | threshold=10000000 | raw_line=2026.08.18 / 15:50
2026-08-18 15:50:46 INFO LINE | mode=3 | looking_for=25-10 / BID | threshold=10000000 | raw_line=jhacom02@gmail.com
2026-08-18 15:50:46 INFO LINE | mode=3 | looking_for=25-10 / BID | threshold=10000000 | raw_line=Bond Map
2026-08-18 15:50:46 INFO LINE | mode=3 | looking_for=25-10 / BID | threshold=10000000 | raw_line=K-Bond 메신저의 실시간 메시지를 카테고리별로 탐색합니다.
2026-08-18 15:50:46 INFO LINE | mode=3 | looking_for=25-10 / BID | threshold=10000000 | raw_line=➕
2026-08-18 15:50:46 INFO LINE | mode=3 | looking_for=25-10 / BID | threshold=10000000 | raw_line=Gov(included KTB)
2026-08-18 15:50:46 INFO LINE | mode=3 | looking_for=25-10 / BID | threshold=10000000 | raw_line=×
2026-08-18 15:50:46 INFO LINE | mode=3 | looking_for=25-10 / BID | threshold=10000000 | raw_line=26-5 845 +
2026-08-18 15:50:46 INFO LINE | mode=3 | looking_for=25-10 / BID | threshold=10000000 | raw_line=26-3 10- 10억
2026-08-18 15:50:46 INFO LINE | mode=3 | looking_for=25-10 / BID | threshold=10000000 | raw_line=26-1 665-
2026-08-18 15:50:46 INFO LINE | mode=3 | looking_for=25-10 / BID | threshold=10000000 | raw_line=26-1 665- ㅎㅈ DS 709-2459
2026-08-18 15:50:46 INFO LINE | mode=3 | looking_for=25-10 / BID | threshold=10000000 | raw_line=25-10 75 755-
2026-08-18 15:50:46 INFO LINE | mode=3 | looking_for=25-10 / BID | threshold=10000000 | raw_line=25-4 당사 0.8
2026-08-18 15:50:46 INFO LINE | mode=3 | looking_for=25-10 / BID | threshold=10000000 | raw_line=26-5 845+ 10억
2026-08-18 15:50:46 INFO LINE | mode=3 | looking_for=25-10 / BID | threshold=10000000 | raw_line=26-1 665+
2026-08-18 15:50:46 INFO LINE | mode=3 | looking_for=25-10 / BID | threshold=10000000 | raw_line=26-5 84- 10억
2026-08-18 15:50:46 INFO LINE | mode=3 | looking_for=25-10 / BID | threshold=10000000 | raw_line=26-5 +0.75원 당팔
2026-08-18 15:50:46 INFO LINE | mode=3 | looking_for=25-10 / BID | threshold=10000000 | raw_line=26-2 매도 있나요?
2026-08-18 15:50:46 INFO LINE | mode=3 | looking_for=25-10 / BID | threshold=10000000 | raw_line=26-5 0.75 당팔
2026-08-18 15:50:46 INFO LINE_OMITTED | +104
2026-08-18 15:50:46 INFO EXCEL_CONNECTED | workbook=sample.xlsm sheet=트레이딩
2026-08-18 15:50:46 INFO LINE | mode=3 | looking_for=25-10 / BID | threshold=10000000 | raw_line=REAL-TIME INTELLIGENCE FOR KOREAN BONDS
2026-08-18 15:50:46 INFO LINE | mode=3 | looking_for=25-10 / BID | threshold=10000000 | raw_line=2026.08.18 / 15:50
2026-08-18 15:50:46 INFO LINE | mode=3 | looking_for=25-10 / BID | threshold=10000000 | raw_line=jhacom02@gmail.com
2026-08-18 15:50:46 INFO LINE | mode=3 | looking_for=25-10 / BID | threshold=10000000 | raw_line=Bond Map
2026-08-18 15:50:46 INFO LINE | mode=3 | looking_for=25-10 / BID | threshold=10000000 | raw_line=K-Bond 메신저의 실시간 메시지를 카테고리별로 탐색합니다.
2026-08-18 15:50:46 INFO LINE | mode=3 | looking_for=25-10 / BID | threshold=10000000 | raw_line=➕
2026-08-18 15:50:46 INFO LINE | mode=3 | looking_for=25-10 / BID | threshold=10000000 | raw_line=Gov(included KTB)
2026-08-18 15:50:46 INFO LINE | mode=3 | looking_for=25-10 / BID | threshold=10000000 | raw_line=×
2026-08-18 15:50:46 INFO LINE | mode=3 | looking_for=25-10 / BID | threshold=10000000 | raw_line=26-5 845 +
2026-08-18 15:50:46 INFO LINE | mode=3 | looking_for=25-10 / BID | threshold=10000000 | raw_line=26-3 10- 10억
2026-08-18 15:50:46 INFO LINE | mode=3 | looking_for=25-10 / BID | threshold=10000000 | raw_line=26-1 665-
2026-08-18 15:50:46 INFO LINE | mode=3 | looking_for=25-10 / BID | threshold=10000000 | raw_line=26-1 665- ㅎㅈ DS 709-2459
2026-08-18 15:50:46 INFO LINE | mode=3 | looking_for=25-10 / BID | threshold=10000000 | raw_line=25-10 75 755-
2026-08-18 15:50:46 INFO LINE | mode=3 | looking_for=25-10 / BID | threshold=10000000 | raw_line=25-4 당사 0.8
2026-08-18 15:50:46 INFO LINE | mode=3 | looking_for=25-10 / BID | threshold=10000000 | raw_line=26-5 845+ 10억
2026-08-18 15:50:46 INFO LINE | mode=3 | looking_for=25-10 / BID | threshold=10000000 | raw_line=26-1 665+
2026-08-18 15:50:46 INFO LINE | mode=3 | looking_for=25-10 / BID | threshold=10000000 | raw_line=26-5 84- 10억
2026-08-18 15:50:46 INFO LINE | mode=3 | looking_for=25-10 / BID | threshold=10000000 | raw_line=26-5 +0.75원 당팔
2026-08-18 15:50:46 INFO LINE | mode=3 | looking_for=25-10 / BID | threshold=10000000 | raw_line=26-2 매도 있나요?
2026-08-18 15:50:46 INFO LINE | mode=3 | looking_for=25-10 / BID | threshold=10000000 | raw_line=26-5 0.75 당팔
2026-08-18 15:50:46 INFO LINE_OMITTED | +104
2026-08-18 15:50:47 INFO EXCEL_CONNECTED | workbook=sample.xlsm sheet=트레이딩
2026-08-18 15:50:47 INFO LINE | mode=3 | looking_for=25-10 / BID | threshold=10000000 | raw_line=REAL-TIME INTELLIGENCE FOR KOREAN BONDS
2026-08-18 15:50:47 INFO LINE | mode=3 | looking_for=25-10 / BID | threshold=10000000 | raw_line=2026.08.18 / 15:50
2026-08-18 15:50:47 INFO LINE | mode=3 | looking_for=25-10 / BID | threshold=10000000 | raw_line=jhacom02@gmail.com
2026-08-18 15:50:47 INFO LINE | mode=3 | looking_for=25-10 / BID | threshold=10000000 | raw_line=Bond Map
2026-08-18 15:50:47 INFO LINE | mode=3 | looking_for=25-10 / BID | threshold=10000000 | raw_line=K-Bond 메신저의 실시간 메시지를 카테고리별로 탐색합니다.
2026-08-18 15:50:47 INFO LINE | mode=3 | looking_for=25-10 / BID | threshold=10000000 | raw_line=➕
2026-08-18 15:50:47 INFO LINE | mode=3 | looking_for=25-10 / BID | threshold=10000000 | raw_line=Gov(included KTB)
2026-08-18 15:50:47 INFO LINE | mode=3 | looking_for=25-10 / BID | threshold=10000000 | raw_line=×
2026-08-18 15:50:47 INFO LINE | mode=3 | looking_for=25-10 / BID | threshold=10000000 | raw_line=26-5 845 +
2026-08-18 15:50:47 INFO LINE | mode=3 | looking_for=25-10 / BID | threshold=10000000 | raw_line=26-3 10- 10억
2026-08-18 15:50:47 INFO LINE | mode=3 | looking_for=25-10 / BID | threshold=10000000 | raw_line=26-1 665-
2026-08-18 15:50:47 INFO LINE | mode=3 | looking_for=25-10 / BID | threshold=10000000 | raw_line=26-1 665- ㅎㅈ DS 709-2459
2026-08-18 15:50:47 INFO LINE | mode=3 | looking_for=25-10 / BID | threshold=10000000 | raw_line=25-10 75 755-
2026-08-18 15:50:47 INFO LINE | mode=3 | looking_for=25-10 / BID | threshold=10000000 | raw_line=25-4 당사 0.8
2026-08-18 15:50:47 INFO LINE | mode=3 | looking_for=25-10 / BID | threshold=10000000 | raw_line=26-5 845+ 10억
2026-08-18 15:50:47 INFO LINE | mode=3 | looking_for=25-10 / BID | threshold=10000000 | raw_line=26-1 665+
2026-08-18 15:50:47 INFO LINE | mode=3 | looking_for=25-10 / BID | threshold=10000000 | raw_line=26-5 84- 10억
2026-08-18 15:50:47 INFO LINE | mode=3 | looking_for=25-10 / BID | threshold=10000000 | raw_line=26-5 +0.75원 당팔
2026-08-18 15:50:47 INFO LINE | mode=3 | looking_for=25-10 / BID | threshold=10000000 | raw_line=26-2 매도 있나요?
2026-08-18 15:50:47 INFO LINE | mode=3 | looking_for=25-10 / BID | threshold=10000000 | raw_line=26-5 0.75 당팔
2026-08-18 15:50:47 INFO LINE_OMITTED | +102
2026-08-18 15:50:48 INFO EXCEL_CONNECTED | workbook=sample.xlsm sheet=트레이딩
2026-08-18 15:50:48 INFO LINE | mode=3 | looking_for=25-10 / BID | threshold=10000000 | raw_line=REAL-TIME INTELLIGENCE FOR KOREAN BONDS
2026-08-18 15:50:48 INFO LINE | mode=3 | looking_for=25-10 / BID | threshold=10000000 | raw_line=2026.08.18 / 15:50
2026-08-18 15:50:48 INFO LINE | mode=3 | looking_for=25-10 / BID | threshold=10000000 | raw_line=jhacom02@gmail.com
2026-08-18 15:50:48 INFO LINE | mode=3 | looking_for=25-10 / BID | threshold=10000000 | raw_line=Bond Map
2026-08-18 15:50:48 INFO LINE | mode=3 | looking_for=25-10 / BID | threshold=10000000 | raw_line=K-Bond 메신저의 실시간 메시지를 카테고리별로 탐색합니다.
2026-08-18 15:50:48 INFO LINE | mode=3 | looking_for=25-10 / BID | threshold=10000000 | raw_line=➕
2026-08-18 15:50:48 INFO LINE | mode=3 | looking_for=25-10 / BID | threshold=10000000 | raw_line=Gov(included KTB)
2026-08-18 15:50:48 INFO LINE | mode=3 | looking_for=25-10 / BID | threshold=10000000 | raw_line=×
2026-08-18 15:50:48 INFO LINE | mode=3 | looking_for=25-10 / BID | threshold=10000000 | raw_line=26-5 845 +
2026-08-18 15:50:48 INFO LINE | mode=3 | looking_for=25-10 / BID | threshold=10000000 | raw_line=26-3 10- 10억
2026-08-18 15:50:48 INFO LINE | mode=3 | looking_for=25-10 / BID | threshold=10000000 | raw_line=26-1 665-
2026-08-18 15:50:48 INFO LINE | mode=3 | looking_for=25-10 / BID | threshold=10000000 | raw_line=26-1 665- ㅎㅈ DS 709-2459
2026-08-18 15:50:48 INFO LINE | mode=3 | looking_for=25-10 / BID | threshold=10000000 | raw_line=25-10 75 755-
2026-08-18 15:50:48 INFO LINE | mode=3 | looking_for=25-10 / BID | threshold=10000000 | raw_line=25-4 당사 0.8
2026-08-18 15:50:48 INFO LINE | mode=3 | looking_for=25-10 / BID | threshold=10000000 | raw_line=26-5 845+ 10억
2026-08-18 15:50:48 INFO LINE | mode=3 | looking_for=25-10 / BID | threshold=10000000 | raw_line=26-1 665+
2026-08-18 15:50:48 INFO LINE | mode=3 | looking_for=25-10 / BID | threshold=10000000 | raw_line=26-5 84- 10억
2026-08-18 15:50:48 INFO LINE | mode=3 | looking_for=25-10 / BID | threshold=10000000 | raw_line=26-5 +0.75원 당팔
2026-08-18 15:50:48 INFO LINE | mode=3 | looking_for=25-10 / BID | threshold=10000000 | raw_line=26-2 매도 있나요?
2026-08-18 15:50:48 INFO LINE | mode=3 | looking_for=25-10 / BID | threshold=10000000 | raw_line=26-5 0.75 당팔
2026-08-18 15:50:48 INFO LINE_OMITTED | +103
2026-08-18 15:50:48 INFO EXCEL_CONNECTED | workbook=sample.xlsm sheet=트레이딩
2026-08-18 15:50:48 INFO LINE | mode=3 | looking_for=25-10 / BID | threshold=10000000 | raw_line=REAL-TIME INTELLIGENCE FOR KOREAN BONDS
2026-08-18 15:50:48 INFO LINE | mode=3 | looking_for=25-10 / BID | threshold=10000000 | raw_line=2026.08.18 / 15:50
2026-08-18 15:50:48 INFO LINE | mode=3 | looking_for=25-10 / BID | threshold=10000000 | raw_line=jhacom02@gmail.com
2026-08-18 15:50:48 INFO LINE | mode=3 | looking_for=25-10 / BID | threshold=10000000 | raw_line=Bond Map
2026-08-18 15:50:48 INFO LINE | mode=3 | looking_for=25-10 / BID | threshold=10000000 | raw_line=K-Bond 메신저의 실시간 메시지를 카테고리별로 탐색합니다.
2026-08-18 15:50:48 INFO LINE | mode=3 | looking_for=25-10 / BID | threshold=10000000 | raw_line=➕
2026-08-18 15:50:48 INFO LINE | mode=3 | looking_for=25-10 / BID | threshold=10000000 | raw_line=Gov(included KTB)
2026-08-18 15:50:48 INFO LINE | mode=3 | looking_for=25-10 / BID | threshold=10000000 | raw_line=×
2026-08-18 15:50:48 INFO LINE | mode=3 | looking_for=25-10 / BID | threshold=10000000 | raw_line=26-5 845 +
2026-08-18 15:50:48 INFO LINE | mode=3 | looking_for=25-10 / BID | threshold=10000000 | raw_line=26-3 10- 10억
2026-08-18 15:50:48 INFO LINE | mode=3 | looking_for=25-10 / BID | threshold=10000000 | raw_line=26-1 665-
2026-08-18 15:50:48 INFO LINE | mode=3 | looking_for=25-10 / BID | threshold=10000000 | raw_line=26-1 665- ㅎㅈ DS 709-2459
2026-08-18 15:50:48 INFO LINE | mode=3 | looking_for=25-10 / BID | threshold=10000000 | raw_line=25-10 75 755-
2026-08-18 15:50:48 INFO LINE | mode=3 | looking_for=25-10 / BID | threshold=10000000 | raw_line=25-4 당사 0.8
2026-08-18 15:50:48 INFO LINE | mode=3 | looking_for=25-10 / BID | threshold=10000000 | raw_line=26-5 845+ 10억
2026-08-18 15:50:48 INFO LINE | mode=3 | looking_for=25-10 / BID | threshold=10000000 | raw_line=26-1 665+
2026-08-18 15:50:48 INFO LINE | mode=3 | looking_for=25-10 / BID | threshold=10000000 | raw_line=26-5 84- 10억
2026-08-18 15:50:48 INFO LINE | mode=3 | looking_for=25-10 / BID | threshold=10000000 | raw_line=26-5 +0.75원 당팔
2026-08-18 15:50:48 INFO LINE | mode=3 | looking_for=25-10 / BID | threshold=10000000 | raw_line=26-2 매도 있나요?
2026-08-18 15:50:48 INFO LINE | mode=3 | looking_for=25-10 / BID | threshold=10000000 | raw_line=26-5 0.75 당팔
2026-08-18 15:50:48 INFO LINE_OMITTED | +103
2026-08-18 15:50:49 INFO EXCEL_CONNECTED | workbook=sample.xlsm sheet=트레이딩
2026-08-18 15:50:49 INFO LINE | mode=3 | looking_for=25-10 / BID | threshold=10000000 | raw_line=REAL-TIME INTELLIGENCE FOR KOREAN BONDS
2026-08-18 15:50:49 INFO LINE | mode=3 | looking_for=25-10 / BID | threshold=10000000 | raw_line=2026.08.18 / 15:50
2026-08-18 15:50:49 INFO LINE | mode=3 | looking_for=25-10 / BID | threshold=10000000 | raw_line=jhacom02@gmail.com
2026-08-18 15:50:49 INFO LINE | mode=3 | looking_for=25-10 / BID | threshold=10000000 | raw_line=Bond Map
2026-08-18 15:50:49 INFO LINE | mode=3 | looking_for=25-10 / BID | threshold=10000000 | raw_line=K-Bond 메신저의 실시간 메시지를 카테고리별로 탐색합니다.
2026-08-18 15:50:49 INFO LINE | mode=3 | looking_for=25-10 / BID | threshold=10000000 | raw_line=➕
2026-08-18 15:50:49 INFO LINE | mode=3 | looking_for=25-10 / BID | threshold=10000000 | raw_line=Gov(included KTB)
2026-08-18 15:50:49 INFO LINE | mode=3 | looking_for=25-10 / BID | threshold=10000000 | raw_line=×
2026-08-18 15:50:49 INFO LINE | mode=3 | looking_for=25-10 / BID | threshold=10000000 | raw_line=26-5 84-
2026-08-18 15:50:49 INFO LINE | mode=3 | looking_for=25-10 / BID | threshold=10000000 | raw_line=26-5 845 +
2026-08-18 15:50:49 INFO LINE | mode=3 | looking_for=25-10 / BID | threshold=10000000 | raw_line=26-3 10- 10억
2026-08-18 15:50:49 INFO LINE | mode=3 | looking_for=25-10 / BID | threshold=10000000 | raw_line=26-1 665-
2026-08-18 15:50:49 INFO LINE | mode=3 | looking_for=25-10 / BID | threshold=10000000 | raw_line=26-1 665- ㅎㅈ DS 709-2459
2026-08-18 15:50:49 INFO LINE | mode=3 | looking_for=25-10 / BID | threshold=10000000 | raw_line=25-10 75 755-
2026-08-18 15:50:49 INFO LINE | mode=3 | looking_for=25-10 / BID | threshold=10000000 | raw_line=25-4 당사 0.8
2026-08-18 15:50:49 INFO LINE | mode=3 | looking_for=25-10 / BID | threshold=10000000 | raw_line=26-5 845+ 10억
2026-08-18 15:50:49 INFO LINE | mode=3 | looking_for=25-10 / BID | threshold=10000000 | raw_line=26-1 665+
2026-08-18 15:50:49 INFO LINE | mode=3 | looking_for=25-10 / BID | threshold=10000000 | raw_line=26-5 84- 10억
2026-08-18 15:50:49 INFO LINE | mode=3 | looking_for=25-10 / BID | threshold=10000000 | raw_line=26-5 +0.75원 당팔
2026-08-18 15:50:49 INFO LINE | mode=3 | looking_for=25-10 / BID | threshold=10000000 | raw_line=26-2 매도 있나요?
2026-08-18 15:50:49 INFO LINE_OMITTED | +98
2026-08-18 15:50:50 INFO EXCEL_CONNECTED | workbook=sample.xlsm sheet=트레이딩
2026-08-18 15:50:50 INFO LINE | mode=3 | looking_for=25-10 / BID | threshold=10000000 | raw_line=REAL-TIME INTELLIGENCE FOR KOREAN BONDS
2026-08-18 15:50:50 INFO LINE | mode=3 | looking_for=25-10 / BID | threshold=10000000 | raw_line=2026.08.18 / 15:50
2026-08-18 15:50:50 INFO LINE | mode=3 | looking_for=25-10 / BID | threshold=10000000 | raw_line=jhacom02@gmail.com
2026-08-18 15:50:50 INFO LINE | mode=3 | looking_for=25-10 / BID | threshold=10000000 | raw_line=Bond Map
2026-08-18 15:50:50 INFO LINE | mode=3 | looking_for=25-10 / BID | threshold=10000000 | raw_line=K-Bond 메신저의 실시간 메시지를 카테고리별로 탐색합니다.
2026-08-18 15:50:50 INFO LINE | mode=3 | looking_for=25-10 / BID | threshold=10000000 | raw_line=➕
2026-08-18 15:50:50 INFO LINE | mode=3 | looking_for=25-10 / BID | threshold=10000000 | raw_line=Gov(included KTB)
2026-08-18 15:50:50 INFO LINE | mode=3 | looking_for=25-10 / BID | threshold=10000000 | raw_line=×
2026-08-18 15:50:50 INFO LINE | mode=3 | looking_for=25-10 / BID | threshold=10000000 | raw_line=26-5 84-
2026-08-18 15:50:50 INFO LINE | mode=3 | looking_for=25-10 / BID | threshold=10000000 | raw_line=26-5 845 +
2026-08-18 15:50:50 INFO LINE | mode=3 | looking_for=25-10 / BID | threshold=10000000 | raw_line=26-3 10- 10억
2026-08-18 15:50:50 INFO LINE | mode=3 | looking_for=25-10 / BID | threshold=10000000 | raw_line=26-1 665-
2026-08-18 15:50:50 INFO LINE | mode=3 | looking_for=25-10 / BID | threshold=10000000 | raw_line=26-1 665- ㅎㅈ DS 709-2459
2026-08-18 15:50:50 INFO LINE | mode=3 | looking_for=25-10 / BID | threshold=10000000 | raw_line=25-10 75 755-
2026-08-18 15:50:50 INFO LINE | mode=3 | looking_for=25-10 / BID | threshold=10000000 | raw_line=25-4 당사 0.8
2026-08-18 15:50:50 INFO LINE | mode=3 | looking_for=25-10 / BID | threshold=10000000 | raw_line=26-5 845+ 10억
2026-08-18 15:50:50 INFO LINE | mode=3 | looking_for=25-10 / BID | threshold=10000000 | raw_line=26-1 665+
2026-08-18 15:50:50 INFO LINE | mode=3 | looking_for=25-10 / BID | threshold=10000000 | raw_line=26-5 84- 10억
2026-08-18 15:50:50 INFO LINE | mode=3 | looking_for=25-10 / BID | threshold=10000000 | raw_line=26-5 +0.75원 당팔
2026-08-18 15:50:50 INFO LINE | mode=3 | looking_for=25-10 / BID | threshold=10000000 | raw_line=26-2 매도 있나요?
2026-08-18 15:50:50 INFO LINE_OMITTED | +103
2026-08-18 15:50:50 INFO EXCEL_CONNECTED | workbook=sample.xlsm sheet=트레이딩
2026-08-18 15:50:51 INFO LINE | mode=3 | looking_for=25-10 / BID | threshold=10000000 | raw_line=REAL-TIME INTELLIGENCE FOR KOREAN BONDS
2026-08-18 15:50:51 INFO LINE | mode=3 | looking_for=25-10 / BID | threshold=10000000 | raw_line=2026.08.18 / 15:50
2026-08-18 15:50:51 INFO LINE | mode=3 | looking_for=25-10 / BID | threshold=10000000 | raw_line=jhacom02@gmail.com
2026-08-18 15:50:51 INFO LINE | mode=3 | looking_for=25-10 / BID | threshold=10000000 | raw_line=Bond Map
2026-08-18 15:50:51 INFO LINE | mode=3 | looking_for=25-10 / BID | threshold=10000000 | raw_line=K-Bond 메신저의 실시간 메시지를 카테고리별로 탐색합니다.
2026-08-18 15:50:51 INFO LINE | mode=3 | looking_for=25-10 / BID | threshold=10000000 | raw_line=➕
2026-08-18 15:50:51 INFO LINE | mode=3 | looking_for=25-10 / BID | threshold=10000000 | raw_line=Gov(included KTB)
2026-08-18 15:50:51 INFO LINE | mode=3 | looking_for=25-10 / BID | threshold=10000000 | raw_line=×
2026-08-18 15:50:51 INFO LINE | mode=3 | looking_for=25-10 / BID | threshold=10000000 | raw_line=26-8 845+
2026-08-18 15:50:51 INFO LINE | mode=3 | looking_for=25-10 / BID | threshold=10000000 | raw_line=26-5 84-
2026-08-18 15:50:51 INFO LINE | mode=3 | looking_for=25-10 / BID | threshold=10000000 | raw_line=26-5 845 +
2026-08-18 15:50:51 INFO LINE | mode=3 | looking_for=25-10 / BID | threshold=10000000 | raw_line=26-3 10- 10억
2026-08-18 15:50:51 INFO LINE | mode=3 | looking_for=25-10 / BID | threshold=10000000 | raw_line=26-1 665-
2026-08-18 15:50:51 INFO LINE | mode=3 | looking_for=25-10 / BID | threshold=10000000 | raw_line=26-1 665- ㅎㅈ DS 709-2459
2026-08-18 15:50:51 INFO LINE | mode=3 | looking_for=25-10 / BID | threshold=10000000 | raw_line=25-10 75 755-
2026-08-18 15:50:51 INFO LINE | mode=3 | looking_for=25-10 / BID | threshold=10000000 | raw_line=25-4 당사 0.8
2026-08-18 15:50:51 INFO LINE | mode=3 | looking_for=25-10 / BID | threshold=10000000 | raw_line=26-5 845+ 10억
2026-08-18 15:50:51 INFO LINE | mode=3 | looking_for=25-10 / BID | threshold=10000000 | raw_line=26-1 665+
2026-08-18 15:50:51 INFO LINE | mode=3 | looking_for=25-10 / BID | threshold=10000000 | raw_line=26-5 84- 10억
2026-08-18 15:50:51 INFO LINE | mode=3 | looking_for=25-10 / BID | threshold=10000000 | raw_line=26-5 +0.75원 당팔
2026-08-18 15:50:51 INFO LINE_OMITTED | +102
2026-08-18 15:50:51 INFO EXCEL_CONNECTED | workbook=sample.xlsm sheet=트레이딩
2026-08-18 15:50:51 INFO LINE | mode=3 | looking_for=25-10 / BID | threshold=10000000 | raw_line=REAL-TIME INTELLIGENCE FOR KOREAN BONDS
2026-08-18 15:50:51 INFO LINE | mode=3 | looking_for=25-10 / BID | threshold=10000000 | raw_line=2026.08.18 / 15:50
2026-08-18 15:50:51 INFO LINE | mode=3 | looking_for=25-10 / BID | threshold=10000000 | raw_line=jhacom02@gmail.com
2026-08-18 15:50:51 INFO LINE | mode=3 | looking_for=25-10 / BID | threshold=10000000 | raw_line=Bond Map
2026-08-18 15:50:51 INFO LINE | mode=3 | looking_for=25-10 / BID | threshold=10000000 | raw_line=K-Bond 메신저의 실시간 메시지를 카테고리별로 탐색합니다.
2026-08-18 15:50:51 INFO LINE | mode=3 | looking_for=25-10 / BID | threshold=10000000 | raw_line=➕
2026-08-18 15:50:51 INFO LINE | mode=3 | looking_for=25-10 / BID | threshold=10000000 | raw_line=Gov(included KTB)
2026-08-18 15:50:51 INFO LINE | mode=3 | looking_for=25-10 / BID | threshold=10000000 | raw_line=×
2026-08-18 15:50:51 INFO LINE | mode=3 | looking_for=25-10 / BID | threshold=10000000 | raw_line=26-8 845+
2026-08-18 15:50:51 INFO LINE | mode=3 | looking_for=25-10 / BID | threshold=10000000 | raw_line=26-5 84-
2026-08-18 15:50:51 INFO LINE | mode=3 | looking_for=25-10 / BID | threshold=10000000 | raw_line=26-5 845 +
2026-08-18 15:50:51 INFO LINE | mode=3 | looking_for=25-10 / BID | threshold=10000000 | raw_line=26-3 10- 10억
2026-08-18 15:50:51 INFO LINE | mode=3 | looking_for=25-10 / BID | threshold=10000000 | raw_line=26-1 665-
2026-08-18 15:50:51 INFO LINE | mode=3 | looking_for=25-10 / BID | threshold=10000000 | raw_line=26-1 665- ㅎㅈ DS 709-2459
2026-08-18 15:50:51 INFO LINE | mode=3 | looking_for=25-10 / BID | threshold=10000000 | raw_line=25-10 75 755-
2026-08-18 15:50:51 INFO LINE | mode=3 | looking_for=25-10 / BID | threshold=10000000 | raw_line=25-4 당사 0.8
2026-08-18 15:50:51 INFO LINE | mode=3 | looking_for=25-10 / BID | threshold=10000000 | raw_line=26-5 845+ 10억
2026-08-18 15:50:51 INFO LINE | mode=3 | looking_for=25-10 / BID | threshold=10000000 | raw_line=26-1 665+
2026-08-18 15:50:51 INFO LINE | mode=3 | looking_for=25-10 / BID | threshold=10000000 | raw_line=26-5 84- 10억
2026-08-18 15:50:51 INFO LINE | mode=3 | looking_for=25-10 / BID | threshold=10000000 | raw_line=26-5 +0.75원 당팔
2026-08-18 15:50:51 INFO LINE_OMITTED | +101
2026-08-18 15:50:52 INFO EXCEL_CONNECTED | workbook=sample.xlsm sheet=트레이딩
2026-08-18 15:50:52 INFO LINE | mode=3 | looking_for=25-10 / BID | threshold=10000000 | raw_line=REAL-TIME INTELLIGENCE FOR KOREAN BONDS
2026-08-18 15:50:52 INFO LINE | mode=3 | looking_for=25-10 / BID | threshold=10000000 | raw_line=2026.08.18 / 15:50
2026-08-18 15:50:52 INFO LINE | mode=3 | looking_for=25-10 / BID | threshold=10000000 | raw_line=jhacom02@gmail.com
2026-08-18 15:50:52 INFO LINE | mode=3 | looking_for=25-10 / BID | threshold=10000000 | raw_line=Bond Map
2026-08-18 15:50:52 INFO LINE | mode=3 | looking_for=25-10 / BID | threshold=10000000 | raw_line=K-Bond 메신저의 실시간 메시지를 카테고리별로 탐색합니다.
2026-08-18 15:50:52 INFO LINE | mode=3 | looking_for=25-10 / BID | threshold=10000000 | raw_line=➕
2026-08-18 15:50:52 INFO LINE | mode=3 | looking_for=25-10 / BID | threshold=10000000 | raw_line=Gov(included KTB)
2026-08-18 15:50:52 INFO LINE | mode=3 | looking_for=25-10 / BID | threshold=10000000 | raw_line=×
2026-08-18 15:50:52 INFO LINE | mode=3 | looking_for=25-10 / BID | threshold=10000000 | raw_line=26-1 665-
2026-08-18 15:50:52 INFO LINE | mode=3 | looking_for=25-10 / BID | threshold=10000000 | raw_line=26-8 845+
2026-08-18 15:50:52 INFO LINE | mode=3 | looking_for=25-10 / BID | threshold=10000000 | raw_line=26-5 84-
2026-08-18 15:50:52 INFO LINE | mode=3 | looking_for=25-10 / BID | threshold=10000000 | raw_line=26-5 845 +
2026-08-18 15:50:52 INFO LINE | mode=3 | looking_for=25-10 / BID | threshold=10000000 | raw_line=26-3 10- 10억
2026-08-18 15:50:52 INFO LINE | mode=3 | looking_for=25-10 / BID | threshold=10000000 | raw_line=26-1 665- ㅎㅈ DS 709-2459
2026-08-18 15:50:52 INFO LINE | mode=3 | looking_for=25-10 / BID | threshold=10000000 | raw_line=25-10 75 755-
2026-08-18 15:50:52 INFO LINE | mode=3 | looking_for=25-10 / BID | threshold=10000000 | raw_line=25-4 당사 0.8
2026-08-18 15:50:52 INFO LINE | mode=3 | looking_for=25-10 / BID | threshold=10000000 | raw_line=26-5 845+ 10억
2026-08-18 15:50:52 INFO LINE | mode=3 | looking_for=25-10 / BID | threshold=10000000 | raw_line=26-1 665+
2026-08-18 15:50:52 INFO LINE | mode=3 | looking_for=25-10 / BID | threshold=10000000 | raw_line=26-5 84- 10억
2026-08-18 15:50:52 INFO LINE | mode=3 | looking_for=25-10 / BID | threshold=10000000 | raw_line=26-5 +0.75원 당팔
2026-08-18 15:50:52 INFO LINE_OMITTED | +99
2026-08-18 15:50:53 INFO EXCEL_CONNECTED | workbook=sample.xlsm sheet=트레이딩
2026-08-18 15:50:53 INFO LINE | mode=3 | looking_for=25-10 / BID | threshold=10000000 | raw_line=REAL-TIME INTELLIGENCE FOR KOREAN BONDS
2026-08-18 15:50:53 INFO LINE | mode=3 | looking_for=25-10 / BID | threshold=10000000 | raw_line=2026.08.18 / 15:50
2026-08-18 15:50:53 INFO LINE | mode=3 | looking_for=25-10 / BID | threshold=10000000 | raw_line=jhacom02@gmail.com
2026-08-18 15:50:53 INFO LINE | mode=3 | looking_for=25-10 / BID | threshold=10000000 | raw_line=Bond Map
2026-08-18 15:50:53 INFO LINE | mode=3 | looking_for=25-10 / BID | threshold=10000000 | raw_line=K-Bond 메신저의 실시간 메시지를 카테고리별로 탐색합니다.
2026-08-18 15:50:53 INFO LINE | mode=3 | looking_for=25-10 / BID | threshold=10000000 | raw_line=➕
2026-08-18 15:50:53 INFO LINE | mode=3 | looking_for=25-10 / BID | threshold=10000000 | raw_line=Gov(included KTB)
2026-08-18 15:50:53 INFO LINE | mode=3 | looking_for=25-10 / BID | threshold=10000000 | raw_line=×
2026-08-18 15:50:53 INFO LINE | mode=3 | looking_for=25-10 / BID | threshold=10000000 | raw_line=26-1 665-
2026-08-18 15:50:53 INFO LINE | mode=3 | looking_for=25-10 / BID | threshold=10000000 | raw_line=26-8 845+
2026-08-18 15:50:53 INFO LINE | mode=3 | looking_for=25-10 / BID | threshold=10000000 | raw_line=26-5 84-
2026-08-18 15:50:53 INFO LINE | mode=3 | looking_for=25-10 / BID | threshold=10000000 | raw_line=26-5 845 +
2026-08-18 15:50:53 INFO LINE | mode=3 | looking_for=25-10 / BID | threshold=10000000 | raw_line=26-3 10- 10억
2026-08-18 15:50:53 INFO LINE | mode=3 | looking_for=25-10 / BID | threshold=10000000 | raw_line=26-1 665- ㅎㅈ DS 709-2459
2026-08-18 15:50:53 INFO LINE | mode=3 | looking_for=25-10 / BID | threshold=10000000 | raw_line=25-10 75 755-
2026-08-18 15:50:53 INFO LINE | mode=3 | looking_for=25-10 / BID | threshold=10000000 | raw_line=25-4 당사 0.8
2026-08-18 15:50:53 INFO LINE | mode=3 | looking_for=25-10 / BID | threshold=10000000 | raw_line=26-5 845+ 10억
2026-08-18 15:50:53 INFO LINE | mode=3 | looking_for=25-10 / BID | threshold=10000000 | raw_line=26-1 665+
2026-08-18 15:50:53 INFO LINE | mode=3 | looking_for=25-10 / BID | threshold=10000000 | raw_line=26-5 84- 10억
2026-08-18 15:50:53 INFO LINE | mode=3 | looking_for=25-10 / BID | threshold=10000000 | raw_line=26-5 +0.75원 당팔
2026-08-18 15:50:53 INFO LINE_OMITTED | +103
2026-08-18 15:50:53 INFO EXCEL_CONNECTED | workbook=sample.xlsm sheet=트레이딩
2026-08-18 15:50:53 INFO LINE | mode=3 | looking_for=25-10 / BID | threshold=10000000 | raw_line=REAL-TIME INTELLIGENCE FOR KOREAN BONDS
2026-08-18 15:50:53 INFO LINE | mode=3 | looking_for=25-10 / BID | threshold=10000000 | raw_line=2026.08.18 / 15:50
2026-08-18 15:50:53 INFO LINE | mode=3 | looking_for=25-10 / BID | threshold=10000000 | raw_line=jhacom02@gmail.com
2026-08-18 15:50:53 INFO LINE | mode=3 | looking_for=25-10 / BID | threshold=10000000 | raw_line=Bond Map
2026-08-18 15:50:53 INFO LINE | mode=3 | looking_for=25-10 / BID | threshold=10000000 | raw_line=K-Bond 메신저의 실시간 메시지를 카테고리별로 탐색합니다.
2026-08-18 15:50:53 INFO LINE | mode=3 | looking_for=25-10 / BID | threshold=10000000 | raw_line=➕
2026-08-18 15:50:53 INFO LINE | mode=3 | looking_for=25-10 / BID | threshold=10000000 | raw_line=Gov(included KTB)
2026-08-18 15:50:53 INFO LINE | mode=3 | looking_for=25-10 / BID | threshold=10000000 | raw_line=×
2026-08-18 15:50:53 INFO LINE | mode=3 | looking_for=25-10 / BID | threshold=10000000 | raw_line=25-10 755- 10
2026-08-18 15:50:53 INFO LINE | mode=3 | looking_for=25-10 / BID | threshold=10000000 | raw_line=26-1 665-
2026-08-18 15:50:53 INFO LINE | mode=3 | looking_for=25-10 / BID | threshold=10000000 | raw_line=26-8 845+
2026-08-18 15:50:53 INFO LINE | mode=3 | looking_for=25-10 / BID | threshold=10000000 | raw_line=26-5 84-
2026-08-18 15:50:53 INFO LINE | mode=3 | looking_for=25-10 / BID | threshold=10000000 | raw_line=26-5 845 +
2026-08-18 15:50:53 INFO LINE | mode=3 | looking_for=25-10 / BID | threshold=10000000 | raw_line=26-3 10- 10억
2026-08-18 15:50:53 INFO LINE | mode=3 | looking_for=25-10 / BID | threshold=10000000 | raw_line=26-1 665- ㅎㅈ DS 709-2459
2026-08-18 15:50:53 INFO LINE | mode=3 | looking_for=25-10 / BID | threshold=10000000 | raw_line=25-10 75 755-
2026-08-18 15:50:53 INFO LINE | mode=3 | looking_for=25-10 / BID | threshold=10000000 | raw_line=25-4 당사 0.8
2026-08-18 15:50:53 INFO LINE | mode=3 | looking_for=25-10 / BID | threshold=10000000 | raw_line=26-5 845+ 10억
2026-08-18 15:50:53 INFO LINE | mode=3 | looking_for=25-10 / BID | threshold=10000000 | raw_line=26-1 665+
2026-08-18 15:50:53 INFO LINE | mode=3 | looking_for=25-10 / BID | threshold=10000000 | raw_line=26-5 84- 10억
2026-08-18 15:50:53 INFO LINE_OMITTED | +102
2026-08-18 15:50:54 INFO EXCEL_CONNECTED | workbook=sample.xlsm sheet=트레이딩
2026-08-18 15:50:54 INFO LINE | mode=3 | looking_for=25-10 / BID | threshold=10000000 | raw_line=REAL-TIME INTELLIGENCE FOR KOREAN BONDS
2026-08-18 15:50:54 INFO LINE | mode=3 | looking_for=25-10 / BID | threshold=10000000 | raw_line=2026.08.18 / 15:50
2026-08-18 15:50:54 INFO LINE | mode=3 | looking_for=25-10 / BID | threshold=10000000 | raw_line=jhacom02@gmail.com
2026-08-18 15:50:54 INFO LINE | mode=3 | looking_for=25-10 / BID | threshold=10000000 | raw_line=Bond Map
2026-08-18 15:50:54 INFO LINE | mode=3 | looking_for=25-10 / BID | threshold=10000000 | raw_line=K-Bond 메신저의 실시간 메시지를 카테고리별로 탐색합니다.
2026-08-18 15:50:54 INFO LINE | mode=3 | looking_for=25-10 / BID | threshold=10000000 | raw_line=➕
2026-08-18 15:50:54 INFO LINE | mode=3 | looking_for=25-10 / BID | threshold=10000000 | raw_line=Gov(included KTB)
2026-08-18 15:50:54 INFO LINE | mode=3 | looking_for=25-10 / BID | threshold=10000000 | raw_line=×
2026-08-18 15:50:54 INFO LINE | mode=3 | looking_for=25-10 / BID | threshold=10000000 | raw_line=26-5 당팔
2026-08-18 15:50:54 INFO LINE | mode=3 | looking_for=25-10 / BID | threshold=10000000 | raw_line=26-1 67+
2026-08-18 15:50:54 INFO LINE | mode=3 | looking_for=25-10 / BID | threshold=10000000 | raw_line=25-10 755- 10
2026-08-18 15:50:54 INFO LINE | mode=3 | looking_for=25-10 / BID | threshold=10000000 | raw_line=26-1 665-
2026-08-18 15:50:54 INFO LINE | mode=3 | looking_for=25-10 / BID | threshold=10000000 | raw_line=26-8 845+
2026-08-18 15:50:54 INFO LINE | mode=3 | looking_for=25-10 / BID | threshold=10000000 | raw_line=26-5 84-
2026-08-18 15:50:54 INFO LINE | mode=3 | looking_for=25-10 / BID | threshold=10000000 | raw_line=26-5 845 +
2026-08-18 15:50:54 INFO LINE | mode=3 | looking_for=25-10 / BID | threshold=10000000 | raw_line=26-3 10- 10억
2026-08-18 15:50:54 INFO LINE | mode=3 | looking_for=25-10 / BID | threshold=10000000 | raw_line=26-1 665- ㅎㅈ DS 709-2459
2026-08-18 15:50:54 INFO LINE | mode=3 | looking_for=25-10 / BID | threshold=10000000 | raw_line=25-10 75 755-
2026-08-18 15:50:54 INFO LINE | mode=3 | looking_for=25-10 / BID | threshold=10000000 | raw_line=25-4 당사 0.8
2026-08-18 15:50:54 INFO LINE | mode=3 | looking_for=25-10 / BID | threshold=10000000 | raw_line=26-5 845+ 10억
2026-08-18 15:50:54 INFO LINE_OMITTED | +98
2026-08-18 15:50:55 INFO EXCEL_CONNECTED | workbook=sample.xlsm sheet=트레이딩
2026-08-18 15:50:55 INFO LINE | mode=3 | looking_for=25-10 / BID | threshold=10000000 | raw_line=REAL-TIME INTELLIGENCE FOR KOREAN BONDS
2026-08-18 15:50:55 INFO LINE | mode=3 | looking_for=25-10 / BID | threshold=10000000 | raw_line=2026.08.18 / 15:50
2026-08-18 15:50:55 INFO LINE | mode=3 | looking_for=25-10 / BID | threshold=10000000 | raw_line=jhacom02@gmail.com
2026-08-18 15:50:55 INFO LINE | mode=3 | looking_for=25-10 / BID | threshold=10000000 | raw_line=Bond Map
2026-08-18 15:50:55 INFO LINE | mode=3 | looking_for=25-10 / BID | threshold=10000000 | raw_line=K-Bond 메신저의 실시간 메시지를 카테고리별로 탐색합니다.
2026-08-18 15:50:55 INFO LINE | mode=3 | looking_for=25-10 / BID | threshold=10000000 | raw_line=➕
2026-08-18 15:50:55 INFO LINE | mode=3 | looking_for=25-10 / BID | threshold=10000000 | raw_line=Gov(included KTB)
2026-08-18 15:50:55 INFO LINE | mode=3 | looking_for=25-10 / BID | threshold=10000000 | raw_line=×
2026-08-18 15:50:55 INFO LINE | mode=3 | looking_for=25-10 / BID | threshold=10000000 | raw_line=26-5 당팔
2026-08-18 15:50:55 INFO LINE | mode=3 | looking_for=25-10 / BID | threshold=10000000 | raw_line=26-1 67+
2026-08-18 15:50:55 INFO LINE | mode=3 | looking_for=25-10 / BID | threshold=10000000 | raw_line=25-10 755- 10
2026-08-18 15:50:55 INFO LINE | mode=3 | looking_for=25-10 / BID | threshold=10000000 | raw_line=26-1 665-
2026-08-18 15:50:55 INFO LINE | mode=3 | looking_for=25-10 / BID | threshold=10000000 | raw_line=26-8 845+
2026-08-18 15:50:55 INFO LINE | mode=3 | looking_for=25-10 / BID | threshold=10000000 | raw_line=26-5 84-
2026-08-18 15:50:55 INFO LINE | mode=3 | looking_for=25-10 / BID | threshold=10000000 | raw_line=26-5 845 +
2026-08-18 15:50:55 INFO LINE | mode=3 | looking_for=25-10 / BID | threshold=10000000 | raw_line=26-3 10- 10억
2026-08-18 15:50:55 INFO LINE | mode=3 | looking_for=25-10 / BID | threshold=10000000 | raw_line=26-1 665- ㅎㅈ DS 709-2459
2026-08-18 15:50:55 INFO LINE | mode=3 | looking_for=25-10 / BID | threshold=10000000 | raw_line=25-10 75 755-
2026-08-18 15:50:55 INFO LINE | mode=3 | looking_for=25-10 / BID | threshold=10000000 | raw_line=25-4 당사 0.8
2026-08-18 15:50:55 INFO LINE | mode=3 | looking_for=25-10 / BID | threshold=10000000 | raw_line=26-5 845+ 10억
2026-08-18 15:50:55 INFO LINE_OMITTED | +103
2026-08-18 15:50:56 INFO EXCEL_CONNECTED | workbook=sample.xlsm sheet=트레이딩
2026-08-18 15:50:56 INFO LINE | mode=3 | looking_for=25-10 / BID | threshold=10000000 | raw_line=REAL-TIME INTELLIGENCE FOR KOREAN BONDS
2026-08-18 15:50:56 INFO LINE | mode=3 | looking_for=25-10 / BID | threshold=10000000 | raw_line=2026.08.18 / 15:50
2026-08-18 15:50:56 INFO LINE | mode=3 | looking_for=25-10 / BID | threshold=10000000 | raw_line=jhacom02@gmail.com
2026-08-18 15:50:56 INFO LINE | mode=3 | looking_for=25-10 / BID | threshold=10000000 | raw_line=Bond Map
2026-08-18 15:50:56 INFO LINE | mode=3 | looking_for=25-10 / BID | threshold=10000000 | raw_line=K-Bond 메신저의 실시간 메시지를 카테고리별로 탐색합니다.
2026-08-18 15:50:56 INFO LINE | mode=3 | looking_for=25-10 / BID | threshold=10000000 | raw_line=➕
2026-08-18 15:50:56 INFO LINE | mode=3 | looking_for=25-10 / BID | threshold=10000000 | raw_line=Gov(included KTB)
2026-08-18 15:50:56 INFO LINE | mode=3 | looking_for=25-10 / BID | threshold=10000000 | raw_line=×
2026-08-18 15:50:56 INFO LINE | mode=3 | looking_for=25-10 / BID | threshold=10000000 | raw_line=26-1 665- 추가
2026-08-18 15:50:56 INFO LINE | mode=3 | looking_for=25-10 / BID | threshold=10000000 | raw_line=26-5 당팔
2026-08-18 15:50:56 INFO LINE | mode=3 | looking_for=25-10 / BID | threshold=10000000 | raw_line=26-1 67+
2026-08-18 15:50:56 INFO LINE | mode=3 | looking_for=25-10 / BID | threshold=10000000 | raw_line=25-10 755- 10
2026-08-18 15:50:56 INFO LINE | mode=3 | looking_for=25-10 / BID | threshold=10000000 | raw_line=26-1 665-
2026-08-18 15:50:56 INFO LINE | mode=3 | looking_for=25-10 / BID | threshold=10000000 | raw_line=26-8 845+
2026-08-18 15:50:56 INFO LINE | mode=3 | looking_for=25-10 / BID | threshold=10000000 | raw_line=26-5 84-
2026-08-18 15:50:56 INFO LINE | mode=3 | looking_for=25-10 / BID | threshold=10000000 | raw_line=26-5 845 +
2026-08-18 15:50:56 INFO LINE | mode=3 | looking_for=25-10 / BID | threshold=10000000 | raw_line=26-3 10- 10억
2026-08-18 15:50:56 INFO LINE | mode=3 | looking_for=25-10 / BID | threshold=10000000 | raw_line=26-1 665- ㅎㅈ DS 709-2459
2026-08-18 15:50:56 INFO LINE | mode=3 | looking_for=25-10 / BID | threshold=10000000 | raw_line=25-10 75 755-
2026-08-18 15:50:56 INFO LINE | mode=3 | looking_for=25-10 / BID | threshold=10000000 | raw_line=25-4 당사 0.8
2026-08-18 15:50:56 INFO LINE_OMITTED | +103
2026-08-18 15:50:56 INFO EXCEL_CONNECTED | workbook=sample.xlsm sheet=트레이딩
2026-08-18 15:50:56 INFO LINE | mode=3 | looking_for=25-10 / BID | threshold=10000000 | raw_line=REAL-TIME INTELLIGENCE FOR KOREAN BONDS
2026-08-18 15:50:56 INFO LINE | mode=3 | looking_for=25-10 / BID | threshold=10000000 | raw_line=2026.08.18 / 15:50
2026-08-18 15:50:56 INFO LINE | mode=3 | looking_for=25-10 / BID | threshold=10000000 | raw_line=jhacom02@gmail.com
2026-08-18 15:50:56 INFO LINE | mode=3 | looking_for=25-10 / BID | threshold=10000000 | raw_line=Bond Map
2026-08-18 15:50:56 INFO LINE | mode=3 | looking_for=25-10 / BID | threshold=10000000 | raw_line=K-Bond 메신저의 실시간 메시지를 카테고리별로 탐색합니다.
2026-08-18 15:50:56 INFO LINE | mode=3 | looking_for=25-10 / BID | threshold=10000000 | raw_line=➕
2026-08-18 15:50:56 INFO LINE | mode=3 | looking_for=25-10 / BID | threshold=10000000 | raw_line=Gov(included KTB)
2026-08-18 15:50:56 INFO LINE | mode=3 | looking_for=25-10 / BID | threshold=10000000 | raw_line=×
2026-08-18 15:50:56 INFO LINE | mode=3 | looking_for=25-10 / BID | threshold=10000000 | raw_line=25-10  755팔자 자투리
2026-08-18 15:50:56 INFO LINE | mode=3 | looking_for=25-10 / BID | threshold=10000000 | raw_line=26-1 665- 추가
2026-08-18 15:50:56 INFO LINE | mode=3 | looking_for=25-10 / BID | threshold=10000000 | raw_line=26-5 당팔
2026-08-18 15:50:56 INFO LINE | mode=3 | looking_for=25-10 / BID | threshold=10000000 | raw_line=26-1 67+
2026-08-18 15:50:56 INFO LINE | mode=3 | looking_for=25-10 / BID | threshold=10000000 | raw_line=25-10 755- 10
2026-08-18 15:50:56 INFO LINE | mode=3 | looking_for=25-10 / BID | threshold=10000000 | raw_line=26-1 665-
2026-08-18 15:50:56 INFO LINE | mode=3 | looking_for=25-10 / BID | threshold=10000000 | raw_line=26-8 845+
2026-08-18 15:50:56 INFO LINE | mode=3 | looking_for=25-10 / BID | threshold=10000000 | raw_line=26-5 84-
2026-08-18 15:50:56 INFO LINE | mode=3 | looking_for=25-10 / BID | threshold=10000000 | raw_line=26-5 845 +
2026-08-18 15:50:56 INFO LINE | mode=3 | looking_for=25-10 / BID | threshold=10000000 | raw_line=26-3 10- 10억
2026-08-18 15:50:56 INFO LINE | mode=3 | looking_for=25-10 / BID | threshold=10000000 | raw_line=26-1 665- ㅎㅈ DS 709-2459
2026-08-18 15:50:56 INFO LINE | mode=3 | looking_for=25-10 / BID | threshold=10000000 | raw_line=25-10 75 755-
2026-08-18 15:50:56 INFO LINE_OMITTED | +97
2026-08-18 15:50:57 INFO EXCEL_CONNECTED | workbook=sample.xlsm sheet=트레이딩
2026-08-18 15:50:57 INFO LINE | mode=3 | looking_for=25-10 / BID | threshold=10000000 | raw_line=REAL-TIME INTELLIGENCE FOR KOREAN BONDS
2026-08-18 15:50:57 INFO LINE | mode=3 | looking_for=25-10 / BID | threshold=10000000 | raw_line=2026.08.18 / 15:50
2026-08-18 15:50:57 INFO LINE | mode=3 | looking_for=25-10 / BID | threshold=10000000 | raw_line=jhacom02@gmail.com
2026-08-18 15:50:57 INFO LINE | mode=3 | looking_for=25-10 / BID | threshold=10000000 | raw_line=Bond Map
2026-08-18 15:50:57 INFO LINE | mode=3 | looking_for=25-10 / BID | threshold=10000000 | raw_line=K-Bond 메신저의 실시간 메시지를 카테고리별로 탐색합니다.
2026-08-18 15:50:57 INFO LINE | mode=3 | looking_for=25-10 / BID | threshold=10000000 | raw_line=➕
2026-08-18 15:50:57 INFO LINE | mode=3 | looking_for=25-10 / BID | threshold=10000000 | raw_line=Gov(included KTB)
2026-08-18 15:50:57 INFO LINE | mode=3 | looking_for=25-10 / BID | threshold=10000000 | raw_line=×
2026-08-18 15:50:57 INFO LINE | mode=3 | looking_for=25-10 / BID | threshold=10000000 | raw_line=25-10  755팔자 자투리
2026-08-18 15:50:57 INFO LINE | mode=3 | looking_for=25-10 / BID | threshold=10000000 | raw_line=26-1 665- 추가
2026-08-18 15:50:57 INFO LINE | mode=3 | looking_for=25-10 / BID | threshold=10000000 | raw_line=26-5 당팔
2026-08-18 15:50:57 INFO LINE | mode=3 | looking_for=25-10 / BID | threshold=10000000 | raw_line=26-1 67+
2026-08-18 15:50:57 INFO LINE | mode=3 | looking_for=25-10 / BID | threshold=10000000 | raw_line=25-10 755- 10
2026-08-18 15:50:57 INFO LINE | mode=3 | looking_for=25-10 / BID | threshold=10000000 | raw_line=26-1 665-
2026-08-18 15:50:57 INFO LINE | mode=3 | looking_for=25-10 / BID | threshold=10000000 | raw_line=26-8 845+
2026-08-18 15:50:57 INFO LINE | mode=3 | looking_for=25-10 / BID | threshold=10000000 | raw_line=26-5 84-
2026-08-18 15:50:57 INFO LINE | mode=3 | looking_for=25-10 / BID | threshold=10000000 | raw_line=26-5 845 +
2026-08-18 15:50:57 INFO LINE | mode=3 | looking_for=25-10 / BID | threshold=10000000 | raw_line=26-3 10- 10억
2026-08-18 15:50:57 INFO LINE | mode=3 | looking_for=25-10 / BID | threshold=10000000 | raw_line=26-1 665- ㅎㅈ DS 709-2459
2026-08-18 15:50:57 INFO LINE | mode=3 | looking_for=25-10 / BID | threshold=10000000 | raw_line=25-10 75 755-
2026-08-18 15:50:57 INFO LINE_OMITTED | +105
2026-08-18 15:50:58 INFO EXCEL_CONNECTED | workbook=sample.xlsm sheet=트레이딩
2026-08-18 15:50:58 INFO LINE | mode=3 | looking_for=25-10 / BID | threshold=10000000 | raw_line=REAL-TIME INTELLIGENCE FOR KOREAN BONDS
2026-08-18 15:50:58 INFO LINE | mode=3 | looking_for=25-10 / BID | threshold=10000000 | raw_line=2026.08.18 / 15:50
2026-08-18 15:50:58 INFO LINE | mode=3 | looking_for=25-10 / BID | threshold=10000000 | raw_line=jhacom02@gmail.com
2026-08-18 15:50:58 INFO LINE | mode=3 | looking_for=25-10 / BID | threshold=10000000 | raw_line=Bond Map
2026-08-18 15:50:58 INFO LINE | mode=3 | looking_for=25-10 / BID | threshold=10000000 | raw_line=K-Bond 메신저의 실시간 메시지를 카테고리별로 탐색합니다.
2026-08-18 15:50:58 INFO LINE | mode=3 | looking_for=25-10 / BID | threshold=10000000 | raw_line=➕
2026-08-18 15:50:58 INFO LINE | mode=3 | looking_for=25-10 / BID | threshold=10000000 | raw_line=Gov(included KTB)
2026-08-18 15:50:58 INFO LINE | mode=3 | looking_for=25-10 / BID | threshold=10000000 | raw_line=×
2026-08-18 15:50:58 INFO LINE | mode=3 | looking_for=25-10 / BID | threshold=10000000 | raw_line=25-10  755팔자 자투리
2026-08-18 15:50:58 INFO LINE | mode=3 | looking_for=25-10 / BID | threshold=10000000 | raw_line=26-1 665- 추가
2026-08-18 15:50:58 INFO LINE | mode=3 | looking_for=25-10 / BID | threshold=10000000 | raw_line=26-5 당팔
2026-08-18 15:50:58 INFO LINE | mode=3 | looking_for=25-10 / BID | threshold=10000000 | raw_line=26-1 67+
2026-08-18 15:50:58 INFO LINE | mode=3 | looking_for=25-10 / BID | threshold=10000000 | raw_line=25-10 755- 10
2026-08-18 15:50:58 INFO LINE | mode=3 | looking_for=25-10 / BID | threshold=10000000 | raw_line=26-1 665-
2026-08-18 15:50:58 INFO LINE | mode=3 | looking_for=25-10 / BID | threshold=10000000 | raw_line=26-8 845+
2026-08-18 15:50:58 INFO LINE | mode=3 | looking_for=25-10 / BID | threshold=10000000 | raw_line=26-5 84-
2026-08-18 15:50:58 INFO LINE | mode=3 | looking_for=25-10 / BID | threshold=10000000 | raw_line=26-5 845 +
2026-08-18 15:50:58 INFO LINE | mode=3 | looking_for=25-10 / BID | threshold=10000000 | raw_line=26-3 10- 10억
2026-08-18 15:50:58 INFO LINE | mode=3 | looking_for=25-10 / BID | threshold=10000000 | raw_line=26-1 665- ㅎㅈ DS 709-2459
2026-08-18 15:50:58 INFO LINE | mode=3 | looking_for=25-10 / BID | threshold=10000000 | raw_line=25-10 75 755-
2026-08-18 15:50:58 INFO LINE_OMITTED | +105
2026-08-18 15:50:58 INFO EXCEL_CONNECTED | workbook=sample.xlsm sheet=트레이딩
2026-08-18 15:50:58 INFO LINE | mode=3 | looking_for=25-10 / BID | threshold=10000000 | raw_line=REAL-TIME INTELLIGENCE FOR KOREAN BONDS
2026-08-18 15:50:58 INFO LINE | mode=3 | looking_for=25-10 / BID | threshold=10000000 | raw_line=2026.08.18 / 15:50
2026-08-18 15:50:58 INFO LINE | mode=3 | looking_for=25-10 / BID | threshold=10000000 | raw_line=jhacom02@gmail.com
2026-08-18 15:50:58 INFO LINE | mode=3 | looking_for=25-10 / BID | threshold=10000000 | raw_line=Bond Map
2026-08-18 15:50:58 INFO LINE | mode=3 | looking_for=25-10 / BID | threshold=10000000 | raw_line=K-Bond 메신저의 실시간 메시지를 카테고리별로 탐색합니다.
2026-08-18 15:50:58 INFO LINE | mode=3 | looking_for=25-10 / BID | threshold=10000000 | raw_line=➕
2026-08-18 15:50:58 INFO LINE | mode=3 | looking_for=25-10 / BID | threshold=10000000 | raw_line=Gov(included KTB)
2026-08-18 15:50:58 INFO LINE | mode=3 | looking_for=25-10 / BID | threshold=10000000 | raw_line=×
2026-08-18 15:50:58 INFO LINE | mode=3 | looking_for=25-10 / BID | threshold=10000000 | raw_line=26-5 84- 10억
2026-08-18 15:50:58 INFO LINE | mode=3 | looking_for=25-10 / BID | threshold=10000000 | raw_line=25-10  755팔자 자투리
2026-08-18 15:50:58 INFO LINE | mode=3 | looking_for=25-10 / BID | threshold=10000000 | raw_line=26-1 665- 추가
2026-08-18 15:50:58 INFO LINE | mode=3 | looking_for=25-10 / BID | threshold=10000000 | raw_line=26-5 당팔
2026-08-18 15:50:58 INFO LINE | mode=3 | looking_for=25-10 / BID | threshold=10000000 | raw_line=26-1 67+
2026-08-18 15:50:58 INFO LINE | mode=3 | looking_for=25-10 / BID | threshold=10000000 | raw_line=25-10 755- 10
2026-08-18 15:50:58 INFO LINE | mode=3 | looking_for=25-10 / BID | threshold=10000000 | raw_line=26-1 665-
2026-08-18 15:50:58 INFO LINE | mode=3 | looking_for=25-10 / BID | threshold=10000000 | raw_line=26-8 845+
2026-08-18 15:50:58 INFO LINE | mode=3 | looking_for=25-10 / BID | threshold=10000000 | raw_line=26-5 84-
2026-08-18 15:50:58 INFO LINE | mode=3 | looking_for=25-10 / BID | threshold=10000000 | raw_line=26-5 845 +
2026-08-18 15:50:58 INFO LINE | mode=3 | looking_for=25-10 / BID | threshold=10000000 | raw_line=26-3 10- 10억
2026-08-18 15:50:58 INFO LINE | mode=3 | looking_for=25-10 / BID | threshold=10000000 | raw_line=26-1 665- ㅎㅈ DS 709-2459
2026-08-18 15:50:58 INFO LINE_OMITTED | +104
2026-08-18 15:50:59 INFO EXCEL_CONNECTED | workbook=sample.xlsm sheet=트레이딩
2026-08-18 15:50:59 INFO LINE | mode=3 | looking_for=25-10 / BID | threshold=10000000 | raw_line=REAL-TIME INTELLIGENCE FOR KOREAN BONDS
2026-08-18 15:50:59 INFO LINE | mode=3 | looking_for=25-10 / BID | threshold=10000000 | raw_line=2026.08.18 / 15:50
2026-08-18 15:50:59 INFO LINE | mode=3 | looking_for=25-10 / BID | threshold=10000000 | raw_line=jhacom02@gmail.com
2026-08-18 15:50:59 INFO LINE | mode=3 | looking_for=25-10 / BID | threshold=10000000 | raw_line=Bond Map
2026-08-18 15:50:59 INFO LINE | mode=3 | looking_for=25-10 / BID | threshold=10000000 | raw_line=K-Bond 메신저의 실시간 메시지를 카테고리별로 탐색합니다.
2026-08-18 15:50:59 INFO LINE | mode=3 | looking_for=25-10 / BID | threshold=10000000 | raw_line=➕
2026-08-18 15:50:59 INFO LINE | mode=3 | looking_for=25-10 / BID | threshold=10000000 | raw_line=Gov(included KTB)
2026-08-18 15:50:59 INFO LINE | mode=3 | looking_for=25-10 / BID | threshold=10000000 | raw_line=×
2026-08-18 15:50:59 INFO LINE | mode=3 | looking_for=25-10 / BID | threshold=10000000 | raw_line=26-5 84- 10억
2026-08-18 15:50:59 INFO LINE | mode=3 | looking_for=25-10 / BID | threshold=10000000 | raw_line=25-10  755팔자 자투리
2026-08-18 15:50:59 INFO LINE | mode=3 | looking_for=25-10 / BID | threshold=10000000 | raw_line=26-1 665- 추가
2026-08-18 15:50:59 INFO LINE | mode=3 | looking_for=25-10 / BID | threshold=10000000 | raw_line=26-5 당팔
2026-08-18 15:50:59 INFO LINE | mode=3 | looking_for=25-10 / BID | threshold=10000000 | raw_line=26-1 67+
2026-08-18 15:50:59 INFO LINE | mode=3 | looking_for=25-10 / BID | threshold=10000000 | raw_line=25-10 755- 10
2026-08-18 15:50:59 INFO LINE | mode=3 | looking_for=25-10 / BID | threshold=10000000 | raw_line=26-1 665-
2026-08-18 15:50:59 INFO LINE | mode=3 | looking_for=25-10 / BID | threshold=10000000 | raw_line=26-8 845+
2026-08-18 15:50:59 INFO LINE | mode=3 | looking_for=25-10 / BID | threshold=10000000 | raw_line=26-5 84-
2026-08-18 15:50:59 INFO LINE | mode=3 | looking_for=25-10 / BID | threshold=10000000 | raw_line=26-5 845 +
2026-08-18 15:50:59 INFO LINE | mode=3 | looking_for=25-10 / BID | threshold=10000000 | raw_line=26-3 10- 10억
2026-08-18 15:50:59 INFO LINE | mode=3 | looking_for=25-10 / BID | threshold=10000000 | raw_line=26-1 665- ㅎㅈ DS 709-2459
2026-08-18 15:50:59 INFO LINE_OMITTED | +104
2026-08-18 15:51:00 INFO EXCEL_CONNECTED | workbook=sample.xlsm sheet=트레이딩
2026-08-18 15:51:00 INFO LINE | mode=3 | looking_for=25-10 / BID | threshold=10000000 | raw_line=REAL-TIME INTELLIGENCE FOR KOREAN BONDS
2026-08-18 15:51:00 INFO LINE | mode=3 | looking_for=25-10 / BID | threshold=10000000 | raw_line=2026.08.18 / 15:50
2026-08-18 15:51:00 INFO LINE | mode=3 | looking_for=25-10 / BID | threshold=10000000 | raw_line=jhacom02@gmail.com
2026-08-18 15:51:00 INFO LINE | mode=3 | looking_for=25-10 / BID | threshold=10000000 | raw_line=Bond Map
2026-08-18 15:51:00 INFO LINE | mode=3 | looking_for=25-10 / BID | threshold=10000000 | raw_line=K-Bond 메신저의 실시간 메시지를 카테고리별로 탐색합니다.
2026-08-18 15:51:00 INFO LINE | mode=3 | looking_for=25-10 / BID | threshold=10000000 | raw_line=➕
2026-08-18 15:51:00 INFO LINE | mode=3 | looking_for=25-10 / BID | threshold=10000000 | raw_line=Gov(included KTB)
2026-08-18 15:51:00 INFO LINE | mode=3 | looking_for=25-10 / BID | threshold=10000000 | raw_line=×
2026-08-18 15:51:00 INFO LINE | mode=3 | looking_for=25-10 / BID | threshold=10000000 | raw_line=26-5 84- 10억
2026-08-18 15:51:00 INFO LINE | mode=3 | looking_for=25-10 / BID | threshold=10000000 | raw_line=25-10  755팔자 자투리
2026-08-18 15:51:00 INFO LINE | mode=3 | looking_for=25-10 / BID | threshold=10000000 | raw_line=26-1 665- 추가
2026-08-18 15:51:00 INFO LINE | mode=3 | looking_for=25-10 / BID | threshold=10000000 | raw_line=26-5 당팔
2026-08-18 15:51:00 INFO LINE | mode=3 | looking_for=25-10 / BID | threshold=10000000 | raw_line=26-1 67+
2026-08-18 15:51:00 INFO LINE | mode=3 | looking_for=25-10 / BID | threshold=10000000 | raw_line=25-10 755- 10
2026-08-18 15:51:00 INFO LINE | mode=3 | looking_for=25-10 / BID | threshold=10000000 | raw_line=26-1 665-
2026-08-18 15:51:00 INFO LINE | mode=3 | looking_for=25-10 / BID | threshold=10000000 | raw_line=26-8 845+
2026-08-18 15:51:00 INFO LINE | mode=3 | looking_for=25-10 / BID | threshold=10000000 | raw_line=26-5 84-
2026-08-18 15:51:00 INFO LINE | mode=3 | looking_for=25-10 / BID | threshold=10000000 | raw_line=26-5 845 +
2026-08-18 15:51:00 INFO LINE | mode=3 | looking_for=25-10 / BID | threshold=10000000 | raw_line=26-3 10- 10억
2026-08-18 15:51:00 INFO LINE | mode=3 | looking_for=25-10 / BID | threshold=10000000 | raw_line=26-1 665- ㅎㅈ DS 709-2459
2026-08-18 15:51:00 INFO LINE_OMITTED | +104
2026-08-18 15:51:01 INFO EXCEL_CONNECTED | workbook=sample.xlsm sheet=트레이딩
2026-08-18 15:51:01 INFO LINE | mode=3 | looking_for=25-10 / BID | threshold=10000000 | raw_line=REAL-TIME INTELLIGENCE FOR KOREAN BONDS
2026-08-18 15:51:01 INFO LINE | mode=3 | looking_for=25-10 / BID | threshold=10000000 | raw_line=2026.08.18 / 15:50
2026-08-18 15:51:01 INFO LINE | mode=3 | looking_for=25-10 / BID | threshold=10000000 | raw_line=jhacom02@gmail.com
2026-08-18 15:51:01 INFO LINE | mode=3 | looking_for=25-10 / BID | threshold=10000000 | raw_line=Bond Map
2026-08-18 15:51:01 INFO LINE | mode=3 | looking_for=25-10 / BID | threshold=10000000 | raw_line=K-Bond 메신저의 실시간 메시지를 카테고리별로 탐색합니다.
2026-08-18 15:51:01 INFO LINE | mode=3 | looking_for=25-10 / BID | threshold=10000000 | raw_line=➕
2026-08-18 15:51:01 INFO LINE | mode=3 | looking_for=25-10 / BID | threshold=10000000 | raw_line=Gov(included KTB)
2026-08-18 15:51:01 INFO LINE | mode=3 | looking_for=25-10 / BID | threshold=10000000 | raw_line=×
2026-08-18 15:51:01 INFO LINE | mode=3 | looking_for=25-10 / BID | threshold=10000000 | raw_line=26-5 84- 10억
2026-08-18 15:51:01 INFO LINE | mode=3 | looking_for=25-10 / BID | threshold=10000000 | raw_line=25-10  755팔자 자투리
2026-08-18 15:51:01 INFO LINE | mode=3 | looking_for=25-10 / BID | threshold=10000000 | raw_line=26-1 665- 추가
2026-08-18 15:51:01 INFO LINE | mode=3 | looking_for=25-10 / BID | threshold=10000000 | raw_line=26-5 당팔
2026-08-18 15:51:01 INFO LINE | mode=3 | looking_for=25-10 / BID | threshold=10000000 | raw_line=26-1 67+
2026-08-18 15:51:01 INFO LINE | mode=3 | looking_for=25-10 / BID | threshold=10000000 | raw_line=25-10 755- 10
2026-08-18 15:51:01 INFO LINE | mode=3 | looking_for=25-10 / BID | threshold=10000000 | raw_line=26-1 665-
2026-08-18 15:51:01 INFO LINE | mode=3 | looking_for=25-10 / BID | threshold=10000000 | raw_line=26-8 845+
2026-08-18 15:51:01 INFO LINE | mode=3 | looking_for=25-10 / BID | threshold=10000000 | raw_line=26-5 84-
2026-08-18 15:51:01 INFO LINE | mode=3 | looking_for=25-10 / BID | threshold=10000000 | raw_line=26-5 845 +
2026-08-18 15:51:01 INFO LINE | mode=3 | looking_for=25-10 / BID | threshold=10000000 | raw_line=26-3 10- 10억
2026-08-18 15:51:01 INFO LINE | mode=3 | looking_for=25-10 / BID | threshold=10000000 | raw_line=26-1 665- ㅎㅈ DS 709-2459
2026-08-18 15:51:01 INFO LINE_OMITTED | +103
2026-08-18 15:51:01 INFO EXCEL_CONNECTED | workbook=sample.xlsm sheet=트레이딩
2026-08-18 15:51:01 INFO LINE | mode=3 | looking_for=25-10 / BID | threshold=10000000 | raw_line=REAL-TIME INTELLIGENCE FOR KOREAN BONDS
2026-08-18 15:51:01 INFO LINE | mode=3 | looking_for=25-10 / BID | threshold=10000000 | raw_line=2026.08.18 / 15:50
2026-08-18 15:51:01 INFO LINE | mode=3 | looking_for=25-10 / BID | threshold=10000000 | raw_line=jhacom02@gmail.com
2026-08-18 15:51:01 INFO LINE | mode=3 | looking_for=25-10 / BID | threshold=10000000 | raw_line=Bond Map
2026-08-18 15:51:01 INFO LINE | mode=3 | looking_for=25-10 / BID | threshold=10000000 | raw_line=K-Bond 메신저의 실시간 메시지를 카테고리별로 탐색합니다.
2026-08-18 15:51:01 INFO LINE | mode=3 | looking_for=25-10 / BID | threshold=10000000 | raw_line=➕
2026-08-18 15:51:01 INFO LINE | mode=3 | looking_for=25-10 / BID | threshold=10000000 | raw_line=Gov(included KTB)
2026-08-18 15:51:01 INFO LINE | mode=3 | looking_for=25-10 / BID | threshold=10000000 | raw_line=×
2026-08-18 15:51:01 INFO LINE | mode=3 | looking_for=25-10 / BID | threshold=10000000 | raw_line=국주 호가 있으실까요
2026-08-18 15:51:01 INFO LINE | mode=3 | looking_for=25-10 / BID | threshold=10000000 | raw_line=26-5 84- 10억
2026-08-18 15:51:01 INFO LINE | mode=3 | looking_for=25-10 / BID | threshold=10000000 | raw_line=25-10  755팔자 자투리
2026-08-18 15:51:01 INFO LINE | mode=3 | looking_for=25-10 / BID | threshold=10000000 | raw_line=26-1 665- 추가
2026-08-18 15:51:01 INFO LINE | mode=3 | looking_for=25-10 / BID | threshold=10000000 | raw_line=26-5 당팔
2026-08-18 15:51:01 INFO LINE | mode=3 | looking_for=25-10 / BID | threshold=10000000 | raw_line=26-1 67+
2026-08-18 15:51:01 INFO LINE | mode=3 | looking_for=25-10 / BID | threshold=10000000 | raw_line=25-10 755- 10
2026-08-18 15:51:01 INFO LINE | mode=3 | looking_for=25-10 / BID | threshold=10000000 | raw_line=26-1 665-
2026-08-18 15:51:01 INFO LINE | mode=3 | looking_for=25-10 / BID | threshold=10000000 | raw_line=26-8 845+
2026-08-18 15:51:01 INFO LINE | mode=3 | looking_for=25-10 / BID | threshold=10000000 | raw_line=26-5 84-
2026-08-18 15:51:01 INFO LINE | mode=3 | looking_for=25-10 / BID | threshold=10000000 | raw_line=26-5 845 +
2026-08-18 15:51:01 INFO LINE | mode=3 | looking_for=25-10 / BID | threshold=10000000 | raw_line=26-3 10- 10억
2026-08-18 15:51:01 INFO LINE_OMITTED | +104
2026-08-18 15:51:02 INFO EXCEL_CONNECTED | workbook=sample.xlsm sheet=트레이딩
2026-08-18 15:51:02 INFO LINE | mode=3 | looking_for=25-10 / BID | threshold=10000000 | raw_line=REAL-TIME INTELLIGENCE FOR KOREAN BONDS
2026-08-18 15:51:02 INFO LINE | mode=3 | looking_for=25-10 / BID | threshold=10000000 | raw_line=2026.08.18 / 15:50
2026-08-18 15:51:02 INFO LINE | mode=3 | looking_for=25-10 / BID | threshold=10000000 | raw_line=jhacom02@gmail.com
2026-08-18 15:51:02 INFO LINE | mode=3 | looking_for=25-10 / BID | threshold=10000000 | raw_line=Bond Map
2026-08-18 15:51:02 INFO LINE | mode=3 | looking_for=25-10 / BID | threshold=10000000 | raw_line=K-Bond 메신저의 실시간 메시지를 카테고리별로 탐색합니다.
2026-08-18 15:51:02 INFO LINE | mode=3 | looking_for=25-10 / BID | threshold=10000000 | raw_line=➕
2026-08-18 15:51:02 INFO LINE | mode=3 | looking_for=25-10 / BID | threshold=10000000 | raw_line=Gov(included KTB)
2026-08-18 15:51:02 INFO LINE | mode=3 | looking_for=25-10 / BID | threshold=10000000 | raw_line=×
2026-08-18 15:51:02 INFO LINE | mode=3 | looking_for=25-10 / BID | threshold=10000000 | raw_line=25-10 76+
2026-08-18 15:51:02 INFO LINE | mode=3 | looking_for=25-10 / BID | threshold=10000000 | raw_line=국주 호가 있으실까요
2026-08-18 15:51:02 INFO LINE | mode=3 | looking_for=25-10 / BID | threshold=10000000 | raw_line=26-5 84- 10억
2026-08-18 15:51:02 INFO LINE | mode=3 | looking_for=25-10 / BID | threshold=10000000 | raw_line=25-10  755팔자 자투리
2026-08-18 15:51:02 INFO LINE | mode=3 | looking_for=25-10 / BID | threshold=10000000 | raw_line=26-1 665- 추가
2026-08-18 15:51:02 INFO LINE | mode=3 | looking_for=25-10 / BID | threshold=10000000 | raw_line=26-5 당팔
2026-08-18 15:51:02 INFO LINE | mode=3 | looking_for=25-10 / BID | threshold=10000000 | raw_line=26-1 67+
2026-08-18 15:51:02 INFO LINE | mode=3 | looking_for=25-10 / BID | threshold=10000000 | raw_line=25-10 755- 10
2026-08-18 15:51:02 INFO LINE | mode=3 | looking_for=25-10 / BID | threshold=10000000 | raw_line=26-1 665-
2026-08-18 15:51:02 INFO LINE | mode=3 | looking_for=25-10 / BID | threshold=10000000 | raw_line=26-8 845+
2026-08-18 15:51:02 INFO LINE | mode=3 | looking_for=25-10 / BID | threshold=10000000 | raw_line=26-5 84-
2026-08-18 15:51:02 INFO LINE | mode=3 | looking_for=25-10 / BID | threshold=10000000 | raw_line=26-5 845 +
2026-08-18 15:51:02 INFO LINE_OMITTED | +98
2026-08-18 15:51:02 INFO QUOTE_FOUND | 25-10 | raw_token=76+ | 3.760 | BUY | row=41 | raw_line=25-10 76+
2026-08-18 15:51:02 INFO EXCEL_CONNECTED | workbook=sample.xlsm sheet=트레이딩
2026-08-18 15:51:02 INFO EXCEL_WRITE | D41=3.76
2026-08-18 15:51:02 INFO PNL | F44=7317674.560558235
2026-08-18 15:51:02 INFO EXCEL_CONNECTED | workbook=sample.xlsm sheet=트레이딩
2026-08-18 15:51:02 INFO TRIGGERED
2026-08-18 15:51:03 INFO MESSAGE_SENT | title=메모장
2026-08-18 15:51:03 INFO SENT
2026-08-18 15:51:03 INFO EXCEL_CONNECTED | workbook=sample.xlsm sheet=트레이딩
2026-08-18 15:51:04 INFO EXCEL_CONNECTED | workbook=sample.xlsm sheet=트레이딩
2026-08-18 15:51:04 INFO WATCHING
2026-08-18 15:51:04 INFO EXCEL_CONNECTED | workbook=sample.xlsm sheet=트레이딩
2026-08-18 15:51:04 INFO LINE | mode=3 | looking_for=25-10 / BID | threshold=10000000 | raw_line=REAL-TIME INTELLIGENCE FOR KOREAN BONDS
2026-08-18 15:51:04 INFO LINE | mode=3 | looking_for=25-10 / BID | threshold=10000000 | raw_line=2026.08.18 / 15:50
2026-08-18 15:51:04 INFO LINE | mode=3 | looking_for=25-10 / BID | threshold=10000000 | raw_line=jhacom02@gmail.com
2026-08-18 15:51:04 INFO LINE | mode=3 | looking_for=25-10 / BID | threshold=10000000 | raw_line=Bond Map
2026-08-18 15:51:04 INFO LINE | mode=3 | looking_for=25-10 / BID | threshold=10000000 | raw_line=K-Bond 메신저의 실시간 메시지를 카테고리별로 탐색합니다.
2026-08-18 15:51:04 INFO LINE | mode=3 | looking_for=25-10 / BID | threshold=10000000 | raw_line=➕
2026-08-18 15:51:04 INFO LINE | mode=3 | looking_for=25-10 / BID | threshold=10000000 | raw_line=Gov(included KTB)
2026-08-18 15:51:04 INFO LINE | mode=3 | looking_for=25-10 / BID | threshold=10000000 | raw_line=×
2026-08-18 15:51:04 INFO LINE | mode=3 | looking_for=25-10 / BID | threshold=10000000 | raw_line=25-10 76+
2026-08-18 15:51:04 INFO LINE | mode=3 | looking_for=25-10 / BID | threshold=10000000 | raw_line=국주 호가 있으실까요
2026-08-18 15:51:04 INFO LINE | mode=3 | looking_for=25-10 / BID | threshold=10000000 | raw_line=26-5 84- 10억
2026-08-18 15:51:04 INFO LINE | mode=3 | looking_for=25-10 / BID | threshold=10000000 | raw_line=25-10  755팔자 자투리
2026-08-18 15:51:04 INFO LINE | mode=3 | looking_for=25-10 / BID | threshold=10000000 | raw_line=26-1 665- 추가
2026-08-18 15:51:04 INFO LINE | mode=3 | looking_for=25-10 / BID | threshold=10000000 | raw_line=26-5 당팔
2026-08-18 15:51:04 INFO LINE | mode=3 | looking_for=25-10 / BID | threshold=10000000 | raw_line=26-1 67+
2026-08-18 15:51:04 INFO LINE | mode=3 | looking_for=25-10 / BID | threshold=10000000 | raw_line=25-10 755- 10
2026-08-18 15:51:04 INFO LINE | mode=3 | looking_for=25-10 / BID | threshold=10000000 | raw_line=26-1 665-
2026-08-18 15:51:04 INFO LINE | mode=3 | looking_for=25-10 / BID | threshold=10000000 | raw_line=26-8 845+
2026-08-18 15:51:04 INFO LINE | mode=3 | looking_for=25-10 / BID | threshold=10000000 | raw_line=26-5 84-
2026-08-18 15:51:04 INFO LINE | mode=3 | looking_for=25-10 / BID | threshold=10000000 | raw_line=26-5 845 +
2026-08-18 15:51:04 INFO LINE_OMITTED | +104
2026-08-18 15:51:04 INFO QUOTE_FOUND | 25-10 | raw_token=76+ | 3.760 | BUY | row=41 | raw_line=25-10 76+
2026-08-18 15:51:04 INFO EXCEL_CONNECTED | workbook=sample.xlsm sheet=트레이딩
2026-08-18 15:51:04 INFO EXCEL_WRITE | D41=3.76
2026-08-18 15:51:04 INFO PNL | F44=7317674.560558235
2026-08-18 15:51:04 INFO EXCEL_CONNECTED | workbook=sample.xlsm sheet=트레이딩
2026-08-18 15:51:05 INFO TRIGGERED
2026-08-18 15:51:05 INFO MESSAGE_SENT | title=메모장
2026-08-18 15:51:05 INFO SENT
2026-08-18 15:51:05 INFO EXCEL_CONNECTED | workbook=sample.xlsm sheet=트레이딩
2026-08-18 15:51:06 INFO EXCEL_CONNECTED | workbook=sample.xlsm sheet=트레이딩
2026-08-18 15:51:06 INFO WATCHING
2026-08-18 15:51:06 INFO EXCEL_CONNECTED | workbook=sample.xlsm sheet=트레이딩
2026-08-18 15:51:06 INFO LINE | mode=3 | looking_for=25-10 / BID | threshold=10000000 | raw_line=REAL-TIME INTELLIGENCE FOR KOREAN BONDS
2026-08-18 15:51:06 INFO LINE | mode=3 | looking_for=25-10 / BID | threshold=10000000 | raw_line=2026.08.18 / 15:50
2026-08-18 15:51:06 INFO LINE | mode=3 | looking_for=25-10 / BID | threshold=10000000 | raw_line=jhacom02@gmail.com
2026-08-18 15:51:06 INFO LINE | mode=3 | looking_for=25-10 / BID | threshold=10000000 | raw_line=Bond Map
2026-08-18 15:51:06 INFO LINE | mode=3 | looking_for=25-10 / BID | threshold=10000000 | raw_line=K-Bond 메신저의 실시간 메시지를 카테고리별로 탐색합니다.
2026-08-18 15:51:06 INFO LINE | mode=3 | looking_for=25-10 / BID | threshold=10000000 | raw_line=➕
2026-08-18 15:51:06 INFO LINE | mode=3 | looking_for=25-10 / BID | threshold=10000000 | raw_line=Gov(included KTB)
2026-08-18 15:51:06 INFO LINE | mode=3 | looking_for=25-10 / BID | threshold=10000000 | raw_line=×
2026-08-18 15:51:06 INFO LINE | mode=3 | looking_for=25-10 / BID | threshold=10000000 | raw_line=25-10 76+
2026-08-18 15:51:06 INFO LINE | mode=3 | looking_for=25-10 / BID | threshold=10000000 | raw_line=국주 호가 있으실까요
2026-08-18 15:51:06 INFO LINE | mode=3 | looking_for=25-10 / BID | threshold=10000000 | raw_line=26-5 84- 10억
2026-08-18 15:51:06 INFO LINE | mode=3 | looking_for=25-10 / BID | threshold=10000000 | raw_line=25-10  755팔자 자투리
2026-08-18 15:51:06 INFO LINE | mode=3 | looking_for=25-10 / BID | threshold=10000000 | raw_line=26-1 665- 추가
2026-08-18 15:51:06 INFO LINE | mode=3 | looking_for=25-10 / BID | threshold=10000000 | raw_line=26-5 당팔
2026-08-18 15:51:06 INFO LINE | mode=3 | looking_for=25-10 / BID | threshold=10000000 | raw_line=26-1 67+
2026-08-18 15:51:06 INFO LINE | mode=3 | looking_for=25-10 / BID | threshold=10000000 | raw_line=25-10 755- 10
2026-08-18 15:51:06 INFO LINE | mode=3 | looking_for=25-10 / BID | threshold=10000000 | raw_line=26-1 665-
2026-08-18 15:51:06 INFO LINE | mode=3 | looking_for=25-10 / BID | threshold=10000000 | raw_line=26-8 845+
2026-08-18 15:51:06 INFO LINE | mode=3 | looking_for=25-10 / BID | threshold=10000000 | raw_line=26-5 84-
2026-08-18 15:51:06 INFO LINE | mode=3 | looking_for=25-10 / BID | threshold=10000000 | raw_line=26-5 845 +
2026-08-18 15:51:06 INFO LINE_OMITTED | +105
2026-08-18 15:51:06 INFO QUOTE_FOUND | 25-10 | raw_token=76+ | 3.760 | BUY | row=41 | raw_line=25-10 76+
2026-08-18 15:51:06 INFO EXCEL_CONNECTED | workbook=sample.xlsm sheet=트레이딩
2026-08-18 15:51:06 INFO EXCEL_WRITE | D41=3.76
2026-08-18 15:51:06 INFO PNL | F44=7317674.560558235
2026-08-18 15:51:07 INFO EXCEL_CONNECTED | workbook=sample.xlsm sheet=트레이딩
2026-08-18 15:51:07 INFO TRIGGERED
2026-08-18 15:51:07 INFO MESSAGE_SENT | title=메모장
2026-08-18 15:51:07 INFO SENT
2026-08-18 15:51:07 INFO EXCEL_CONNECTED | workbook=sample.xlsm sheet=트레이딩
2026-08-18 15:51:08 INFO EXCEL_CONNECTED | workbook=sample.xlsm sheet=트레이딩
2026-08-18 15:51:08 INFO WATCHING
2026-08-18 15:51:09 INFO EXCEL_CONNECTED | workbook=sample.xlsm sheet=트레이딩
2026-08-18 15:51:09 INFO LINE | mode=3 | looking_for=25-10 / BID | threshold=10000000 | raw_line=REAL-TIME INTELLIGENCE FOR KOREAN BONDS
2026-08-18 15:51:09 INFO LINE | mode=3 | looking_for=25-10 / BID | threshold=10000000 | raw_line=2026.08.18 / 15:50
2026-08-18 15:51:09 INFO LINE | mode=3 | looking_for=25-10 / BID | threshold=10000000 | raw_line=jhacom02@gmail.com
2026-08-18 15:51:09 INFO LINE | mode=3 | looking_for=25-10 / BID | threshold=10000000 | raw_line=Bond Map
2026-08-18 15:51:09 INFO LINE | mode=3 | looking_for=25-10 / BID | threshold=10000000 | raw_line=K-Bond 메신저의 실시간 메시지를 카테고리별로 탐색합니다.
2026-08-18 15:51:09 INFO LINE | mode=3 | looking_for=25-10 / BID | threshold=10000000 | raw_line=➕
2026-08-18 15:51:09 INFO LINE | mode=3 | looking_for=25-10 / BID | threshold=10000000 | raw_line=Gov(included KTB)
2026-08-18 15:51:09 INFO LINE | mode=3 | looking_for=25-10 / BID | threshold=10000000 | raw_line=×
2026-08-18 15:51:09 INFO LINE | mode=3 | looking_for=25-10 / BID | threshold=10000000 | raw_line=25-10 755-
2026-08-18 15:51:09 INFO LINE | mode=3 | looking_for=25-10 / BID | threshold=10000000 | raw_line=25-10  755팔자 자투리
2026-08-18 15:51:09 INFO LINE | mode=3 | looking_for=25-10 / BID | threshold=10000000 | raw_line=25-10 76+
2026-08-18 15:51:09 INFO LINE | mode=3 | looking_for=25-10 / BID | threshold=10000000 | raw_line=국주 호가 있으실까요
2026-08-18 15:51:09 INFO LINE | mode=3 | looking_for=25-10 / BID | threshold=10000000 | raw_line=26-5 84- 10억
2026-08-18 15:51:09 INFO LINE | mode=3 | looking_for=25-10 / BID | threshold=10000000 | raw_line=26-1 665- 추가
2026-08-18 15:51:09 INFO LINE | mode=3 | looking_for=25-10 / BID | threshold=10000000 | raw_line=26-5 당팔
2026-08-18 15:51:09 INFO LINE | mode=3 | looking_for=25-10 / BID | threshold=10000000 | raw_line=26-1 67+
2026-08-18 15:51:09 INFO LINE | mode=3 | looking_for=25-10 / BID | threshold=10000000 | raw_line=25-10 755- 10
2026-08-18 15:51:09 INFO LINE | mode=3 | looking_for=25-10 / BID | threshold=10000000 | raw_line=26-1 665-
2026-08-18 15:51:09 INFO LINE | mode=3 | looking_for=25-10 / BID | threshold=10000000 | raw_line=26-8 845+
2026-08-18 15:51:09 INFO LINE | mode=3 | looking_for=25-10 / BID | threshold=10000000 | raw_line=26-5 84-
2026-08-18 15:51:09 INFO LINE_OMITTED | +104
2026-08-18 15:51:09 INFO QUOTE_FOUND | 25-10 | raw_token=76+ | 3.760 | BUY | row=41 | raw_line=25-10 76+
2026-08-18 15:51:09 INFO EXCEL_CONNECTED | workbook=sample.xlsm sheet=트레이딩
2026-08-18 15:51:09 INFO EXCEL_WRITE | D41=3.76
2026-08-18 15:51:09 INFO PNL | F44=7317674.560558235
2026-08-18 15:51:09 INFO EXCEL_CONNECTED | workbook=sample.xlsm sheet=트레이딩
2026-08-18 15:51:09 INFO TRIGGERED
2026-08-18 15:51:10 INFO MESSAGE_SENT | title=메모장
2026-08-18 15:51:10 INFO SENT
2026-08-18 15:51:10 INFO EXCEL_CONNECTED | workbook=sample.xlsm sheet=트레이딩
2026-08-18 15:51:10 INFO EXCEL_CONNECTED | workbook=sample.xlsm sheet=트레이딩
2026-08-18 15:51:10 INFO WATCHING
2026-08-18 15:51:11 INFO EXCEL_CONNECTED | workbook=sample.xlsm sheet=트레이딩
2026-08-18 15:51:11 INFO STOPPED
2026-08-18 15:51:11 INFO EXCEL_CONNECTED | workbook=sample.xlsm sheet=트레이딩
2026-08-18 15:57:15 INFO EXCEL_CONNECTED | workbook=sample.xlsm sheet=트레이딩
2026-08-18 15:57:15 INFO EXCEL_CONNECTED | workbook=sample.xlsm sheet=트레이딩
2026-08-18 15:57:15 INFO WATCHING | mode=3 source=(uia)/FORESTBOND send=notepad.exe/메모장 looking_for=25-10 / BID threshold=10000000.0 slots=[('25-10', 41, 'BUY')]
2026-08-18 16:02:24 INFO EXCEL_CONNECTED | workbook=sample.xlsm sheet=트레이딩
2026-08-18 16:02:24 INFO LINE | mode=3 | looking_for=25-10 / BID | threshold=10000000 | raw_line=FORESTBOND
2026-08-18 16:02:24 INFO LINE | mode=3 | looking_for=25-10 / BID | threshold=10000000 | raw_line=forestbond.co.kr
2026-08-18 16:02:24 INFO LINE | mode=3 | looking_for=25-10 / BID | threshold=10000000 | raw_line=메모리 사용량: 397MB
2026-08-18 16:06:16 INFO STOPPED
2026-08-18 16:06:16 INFO EXCEL_CONNECTED | workbook=sample.xlsm sheet=트레이딩
2026-08-18 16:06:23 INFO EXCEL_CONNECTED | workbook=sample.xlsm sheet=트레이딩
2026-08-18 16:06:23 INFO EXCEL_CONNECTED | workbook=sample.xlsm sheet=트레이딩
2026-08-18 16:06:23 INFO WATCHING | mode=3 source=(uia)/FORESTBOND send=notepad.exe/메모장 looking_for=25-10 / BID threshold=10000000.0 slots=[('25-10', 41, 'BUY')]
2026-08-18 16:06:25 INFO EXCEL_CONNECTED | workbook=sample.xlsm sheet=트레이딩
2026-08-18 16:06:25 INFO LINE | mode=3 | looking_for=25-10 / BID | threshold=10000000 | raw_line=2026.08.18 / 16:06
2026-08-18 16:06:25 INFO LINE | mode=3 | looking_for=25-10 / BID | threshold=10000000 | raw_line=26-5 84 845+ 60
2026-08-18 16:06:25 INFO LINE | mode=3 | looking_for=25-10 / BID | threshold=10000000 | raw_line=25-5 34 345+
2026-08-18 16:06:25 INFO LINE | mode=3 | looking_for=25-10 / BID | threshold=10000000 | raw_line=26-5  84-
2026-08-18 16:06:25 INFO LINE | mode=3 | looking_for=25-10 / BID | threshold=10000000 | raw_line=25-10 755+ ㅎㅈ
2026-08-18 16:06:25 INFO LINE | mode=3 | looking_for=25-10 / BID | threshold=10000000 | raw_line=25-10 755-
2026-08-18 16:06:25 INFO LINE | mode=3 | looking_for=25-10 / BID | threshold=10000000 | raw_line=26-5 84 -
2026-08-18 16:06:25 INFO LINE | mode=3 | looking_for=25-10 / BID | threshold=10000000 | raw_line=국당 31-
2026-08-18 16:06:25 INFO LINE | mode=3 | looking_for=25-10 / BID | threshold=10000000 | raw_line=26-3 11+ 40억까지
2026-08-18 16:06:25 INFO LINE | mode=3 | looking_for=25-10 / BID | threshold=10000000 | raw_line=25-5 34 345 거래
2026-08-18 16:06:25 INFO LINE | mode=3 | looking_for=25-10 / BID | threshold=10000000 | raw_line=24-7 팔자 100억
2026-08-18 16:06:25 INFO LINE | mode=3 | looking_for=25-10 / BID | threshold=10000000 | raw_line=26-5 84- 10억
2026-08-18 16:06:25 INFO LINE | mode=3 | looking_for=25-10 / BID | threshold=10000000 | raw_line=26-2 75 755 + 10
2026-08-18 16:06:25 INFO LINE | mode=3 | looking_for=25-10 / BID | threshold=10000000 | raw_line=26-5 84 845 세트 사자 20억
2026-08-18 16:06:25 INFO LINE | mode=3 | looking_for=25-10 / BID | threshold=10000000 | raw_line=통당 74-
2026-08-18 16:06:25 INFO LINE | mode=3 | looking_for=25-10 / BID | threshold=10000000 | raw_line=국통 0.85 당사 50억
2026-08-18 16:06:25 INFO LINE | mode=3 | looking_for=25-10 / BID | threshold=10000000 | raw_line=삼통 885-
2026-08-18 16:06:25 INFO LINE | mode=3 | looking_for=25-10 / BID | threshold=10000000 | raw_line=통당 74-
2026-08-18 16:06:25 INFO LINE | mode=3 | looking_for=25-10 / BID | threshold=10000000 | raw_line=통당 74-
2026-08-18 16:06:25 INFO LINE | mode=3 | looking_for=25-10 / BID | threshold=10000000 | raw_line=구구삼통 66 +
2026-08-18 16:06:25 INFO LINE_OMITTED | +39
2026-08-18 16:06:26 INFO EXCEL_CONNECTED | workbook=sample.xlsm sheet=트레이딩
2026-08-18 16:06:27 INFO LINE | mode=3 | looking_for=25-10 / BID | threshold=10000000 | raw_line=25-10  755 사자   50
2026-08-18 16:06:27 INFO LINE | mode=3 | looking_for=25-10 / BID | threshold=10000000 | raw_line=26-3 105/11- 자툴
2026-08-18 16:06:27 INFO LINE | mode=3 | looking_for=25-10 / BID | threshold=10000000 | raw_line=21-5 145-
2026-08-18 16:06:27 INFO LINE | mode=3 | looking_for=25-10 / BID | threshold=10000000 | raw_line=26-5 84- 자툴
2026-08-18 16:06:27 INFO LINE | mode=3 | looking_for=25-10 / BID | threshold=10000000 | raw_line=26-3 105 11-
2026-08-18 16:06:27 INFO LINE | mode=3 | looking_for=25-10 / BID | threshold=10000000 | raw_line=26-3 11+
2026-08-18 16:06:27 INFO LINE | mode=3 | looking_for=25-10 / BID | threshold=10000000 | raw_line=26-5 84 845+ 60
2026-08-18 16:06:27 INFO LINE | mode=3 | looking_for=25-10 / BID | threshold=10000000 | raw_line=삼통 885-
2026-08-18 16:06:27 INFO LINE | mode=3 | looking_for=25-10 / BID | threshold=10000000 | raw_line=삼통 89+
2026-08-18 16:06:27 INFO LINE | mode=3 | looking_for=25-10 / BID | threshold=10000000 | raw_line=삼통 885 -
2026-08-18 16:06:27 INFO LINE | mode=3 | looking_for=25-10 / BID | threshold=10000000 | raw_line=삼통 89+
2026-08-18 16:06:27 INFO LINE | mode=3 | looking_for=25-10 / BID | threshold=10000000 | raw_line=통안채 0.8 당팔
2026-08-18 16:06:27 INFO LINE | mode=3 | looking_for=25-10 / BID | threshold=10000000 | raw_line=삼통 885-
2026-08-18 16:06:27 INFO LINE | mode=3 | looking_for=25-10 / BID | threshold=10000000 | raw_line=28.6.23 중금채 [민3.836%/끝95/AAA] 팔자
2026-08-18 16:06:27 INFO LINE | mode=3 | looking_for=25-10 / BID | threshold=10000000 | raw_line=28.6.17 산금채 [민3.834%/끝45/AAA] 팔자
2026-08-18 16:06:27 INFO LINE | mode=3 | looking_for=25-10 / BID | threshold=10000000 | raw_line=35.3.30(금) 도로공사937(민4.429, 끝.83, AAA) 오버7 팔자
2026-08-18 16:06:27 INFO LINE | mode=3 | looking_for=25-10 / BID | threshold=10000000 | raw_line=27.11.27(토) 농어촌공사26 (민3.773, 끝전.94) -8원 팔자
2026-08-18 16:06:27 INFO LINE | mode=3 | looking_for=25-10 / BID | threshold=10000000 | raw_line=27.10.16 신한채(민 3.735,끝전.06,~FA4) -4원 팔자
2026-08-18 16:06:27 INFO LINE | mode=3 | looking_for=25-10 / BID | threshold=10000000 | raw_line=27.10.16 신한채~FA4 (민3.735,끝전.06) 팔자
2026-08-18 16:06:27 INFO LINE | mode=3 | looking_for=25-10 / BID | threshold=10000000 | raw_line=26.9.8(화) 롯데카드539-5(민3.27,끝.3,AA-변고정) ~200억 팔자 +1.5원 3.062% (수반) /민사자
2026-08-18 16:06:27 INFO LINE_OMITTED | +9
2026-08-18 16:06:34 INFO EXCEL_CONNECTED | workbook=sample.xlsm sheet=트레이딩
2026-08-18 16:06:34 INFO LINE | mode=3 | looking_for=25-10 / BID | threshold=10000000 | raw_line=26-3 105/11- 50억
2026-08-18 16:06:34 INFO LINE | mode=3 | looking_for=25-10 / BID | threshold=10000000 | raw_line=26-3 11+ 30억
2026-08-18 16:06:34 INFO LINE | mode=3 | looking_for=25-10 / BID | threshold=10000000 | raw_line=26-3 105 11-
2026-08-18 16:06:35 INFO EXCEL_CONNECTED | workbook=sample.xlsm sheet=트레이딩
2026-08-18 16:06:35 INFO LINE | mode=3 | looking_for=25-10 / BID | threshold=10000000 | raw_line=26-3 11+
2026-08-18 16:06:35 INFO LINE | mode=3 | looking_for=25-10 / BID | threshold=10000000 | raw_line=ㅎㅈ
2026-08-18 16:06:36 INFO EXCEL_CONNECTED | workbook=sample.xlsm sheet=트레이딩
2026-08-18 16:06:36 INFO LINE | mode=3 | looking_for=25-10 / BID | threshold=10000000 | raw_line=26-6 팔자
2026-08-18 16:06:36 INFO LINE | mode=3 | looking_for=25-10 / BID | threshold=10000000 | raw_line=26-5 84 -
2026-08-18 16:06:37 INFO EXCEL_CONNECTED | workbook=sample.xlsm sheet=트레이딩
2026-08-18 16:06:37 INFO LINE | mode=3 | looking_for=25-10 / BID | threshold=10000000 | raw_line=25-5 34 345 추가사자
2026-08-18 16:06:37 INFO LINE | mode=3 | looking_for=25-10 / BID | threshold=10000000 | raw_line=26-3 11+ 40억까지
2026-08-18 16:06:37 INFO LINE | mode=3 | looking_for=25-10 / BID | threshold=10000000 | raw_line=25-5 34 345 거래
2026-08-18 16:06:37 INFO LINE | mode=3 | looking_for=25-10 / BID | threshold=10000000 | raw_line=24-7 팔자 100억
2026-08-18 16:06:37 INFO LINE | mode=3 | looking_for=25-10 / BID | threshold=10000000 | raw_line=26-5 84- 10억
2026-08-18 16:06:37 INFO LINE | mode=3 | looking_for=25-10 / BID | threshold=10000000 | raw_line=26-2 75 755 + 10
2026-08-18 16:06:37 INFO LINE | mode=3 | looking_for=25-10 / BID | threshold=10000000 | raw_line=26-5 84 845 세트 사자 20억
2026-08-18 16:06:39 INFO EXCEL_CONNECTED | workbook=sample.xlsm sheet=트레이딩
2026-08-18 16:06:39 INFO LINE | mode=3 | looking_for=25-10 / BID | threshold=10000000 | raw_line=25-4 매도호가 있나요?
2026-08-18 16:06:39 INFO LINE | mode=3 | looking_for=25-10 / BID | threshold=10000000 | raw_line=국통 0.85 당사 50억
2026-08-18 16:06:40 INFO EXCEL_CONNECTED | workbook=sample.xlsm sheet=트레이딩
2026-08-18 16:06:40 INFO LINE | mode=3 | looking_for=25-10 / BID | threshold=10000000 | raw_line=26.8.28(금) 중금 팔자 (민 2.930, 끝전.53) 수10
2026-08-18 16:06:40 INFO EXCEL_CONNECTED | workbook=sample.xlsm sheet=트레이딩
2026-08-18 16:06:40 INFO LINE | mode=3 | looking_for=25-10 / BID | threshold=10000000 | raw_line=28.8.6 수출입채 [민3.833%/끝88/AAA] 팔자
2026-08-18 16:06:40 INFO LINE | mode=3 | looking_for=25-10 / BID | threshold=10000000 | raw_line=28.6.23 중금채 [민3.836%/끝95/AAA] 팔자
2026-08-18 16:06:40 INFO LINE | mode=3 | looking_for=25-10 / BID | threshold=10000000 | raw_line=27.2.12(금) 한국전력1463 (민3.372 끝.08) -2원 3.416% 팔자
2026-08-18 16:06:41 INFO EXCEL_CONNECTED | workbook=sample.xlsm sheet=트레이딩
2026-08-18 16:06:41 INFO LINE | mode=3 | looking_for=25-10 / BID | threshold=10000000 | raw_line=[30억] 32.8.24(화) 토지주택공사152(민4.360) 오버7 팔자
2026-08-18 16:06:41 INFO LINE | mode=3 | looking_for=25-10 / BID | threshold=10000000 | raw_line=35.3.30(금) 도로공사937(민4.429, 끝.83, AAA) 오버7 팔자
2026-08-18 16:06:42 INFO EXCEL_CONNECTED | workbook=sample.xlsm sheet=트레이딩
2026-08-18 16:06:43 INFO LINE | mode=3 | looking_for=25-10 / BID | threshold=10000000 | raw_line=26.11.14(토) 국은채(FB3)(민3.046%, 끝.98) -2원 팔자(3.173%) 200억
2026-08-18 16:06:43 INFO EXCEL_CONNECTED | workbook=sample.xlsm sheet=트레이딩
2026-08-18 16:06:43 INFO LINE | mode=3 | looking_for=25-10 / BID | threshold=10000000 | raw_line=25-9 매도 있으실까요?
2026-08-18 16:06:43 INFO LINE | mode=3 | looking_for=25-10 / BID | threshold=10000000 | raw_line=26-6 375+ 10
2026-08-18 16:06:44 INFO EXCEL_CONNECTED | workbook=sample.xlsm sheet=트레이딩
2026-08-18 16:06:44 INFO LINE | mode=3 | looking_for=25-10 / BID | threshold=10000000 | raw_line=25-10 755+ ㅎㅈ
2026-08-18 16:06:44 INFO LINE | mode=3 | looking_for=25-10 / BID | threshold=10000000 | raw_line=25-10 755-
2026-08-18 16:06:44 INFO LINE | mode=3 | looking_for=25-10 / BID | threshold=10000000 | raw_line=26-5 84 -
2026-08-18 16:06:44 INFO LINE | mode=3 | looking_for=25-10 / BID | threshold=10000000 | raw_line=국당 31-
2026-08-18 16:06:44 INFO LINE | mode=3 | looking_for=25-10 / BID | threshold=10000000 | raw_line=26-3 11+ 40억까지
2026-08-18 16:06:44 INFO LINE | mode=3 | looking_for=25-10 / BID | threshold=10000000 | raw_line=25-5 34 345 거래
2026-08-18 16:06:44 INFO LINE | mode=3 | looking_for=25-10 / BID | threshold=10000000 | raw_line=24-7 팔자 100억
2026-08-18 16:06:45 INFO EXCEL_CONNECTED | workbook=sample.xlsm sheet=트레이딩
2026-08-18 16:06:45 INFO LINE | mode=3 | looking_for=25-10 / BID | threshold=10000000 | raw_line=26-3 105 11- 자툴
2026-08-18 16:06:46 INFO EXCEL_CONNECTED | workbook=sample.xlsm sheet=트레이딩
2026-08-18 16:06:46 INFO LINE | mode=3 | looking_for=25-10 / BID | threshold=10000000 | raw_line=26-6 375+ 100
2026-08-18 16:06:47 INFO EXCEL_CONNECTED | workbook=sample.xlsm sheet=트레이딩
2026-08-18 16:06:47 INFO LINE | mode=3 | looking_for=25-10 / BID | threshold=10000000 | raw_line=25-5 34 345+
2026-08-18 16:06:47 INFO LINE | mode=3 | looking_for=25-10 / BID | threshold=10000000 | raw_line=26-5  84-
2026-08-18 16:06:47 INFO LINE | mode=3 | looking_for=25-10 / BID | threshold=10000000 | raw_line=25-10 755+ ㅎㅈ
2026-08-18 16:06:47 INFO LINE | mode=3 | looking_for=25-10 / BID | threshold=10000000 | raw_line=25-10 755-
2026-08-18 16:06:47 INFO LINE | mode=3 | looking_for=25-10 / BID | threshold=10000000 | raw_line=26-5 84 -
2026-08-18 16:06:47 INFO LINE | mode=3 | looking_for=25-10 / BID | threshold=10000000 | raw_line=국당 31-
2026-08-18 16:06:47 INFO LINE | mode=3 | looking_for=25-10 / BID | threshold=10000000 | raw_line=26-3 11+ 40억까지
2026-08-18 16:06:48 INFO EXCEL_CONNECTED | workbook=sample.xlsm sheet=트레이딩
2026-08-18 16:06:48 INFO LINE | mode=3 | looking_for=25-10 / BID | threshold=10000000 | raw_line=26-3 105 11-
2026-08-18 16:06:48 INFO LINE | mode=3 | looking_for=25-10 / BID | threshold=10000000 | raw_line=26-2 75/755+ 20억
2026-08-18 16:06:48 INFO LINE | mode=3 | looking_for=25-10 / BID | threshold=10000000 | raw_line=27.10.16 신한채(민 3.735,끝전.06,~FA4) -4원 팔자
2026-08-18 16:06:49 INFO EXCEL_CONNECTED | workbook=sample.xlsm sheet=트레이딩
2026-08-18 16:06:49 INFO LINE | mode=3 | looking_for=25-10 / BID | threshold=10000000 | raw_line=26-5 84 845+ 60
2026-08-18 16:06:49 INFO LINE | mode=3 | looking_for=25-10 / BID | threshold=10000000 | raw_line=26-3 105 11-
2026-08-18 16:06:50 INFO EXCEL_CONNECTED | workbook=sample.xlsm sheet=트레이딩
2026-08-18 16:06:50 INFO LINE | mode=3 | looking_for=25-10 / BID | threshold=10000000 | raw_line=26-3 11+ 30억
2026-08-18 16:06:50 INFO LINE | mode=3 | looking_for=25-10 / BID | threshold=10000000 | raw_line=26-3 105 11-
2026-08-18 16:06:50 INFO LINE | mode=3 | looking_for=25-10 / BID | threshold=10000000 | raw_line=25-10  755 사자   50
2026-08-18 16:06:50 INFO LINE | mode=3 | looking_for=25-10 / BID | threshold=10000000 | raw_line=26-5 84 845+ 60
2026-08-18 16:06:50 INFO LINE | mode=3 | looking_for=25-10 / BID | threshold=10000000 | raw_line=25-5 34 345+
2026-08-18 16:06:50 INFO LINE | mode=3 | looking_for=25-10 / BID | threshold=10000000 | raw_line=26-5  84-
2026-08-18 16:06:50 INFO LINE | mode=3 | looking_for=25-10 / BID | threshold=10000000 | raw_line=25-10 755+ ㅎㅈ
2026-08-18 16:06:51 INFO EXCEL_CONNECTED | workbook=sample.xlsm sheet=트레이딩
2026-08-18 16:06:51 INFO LINE | mode=3 | looking_for=25-10 / BID | threshold=10000000 | raw_line=26-2 75 755+ 10
2026-08-18 16:06:52 INFO EXCEL_CONNECTED | workbook=sample.xlsm sheet=트레이딩
2026-08-18 16:06:52 INFO LINE | mode=3 | looking_for=25-10 / BID | threshold=10000000 | raw_line=27.1.25(월) 중금(민 3.233, .54) -3원 팔자~3.316%동
2026-08-18 16:06:52 INFO EXCEL_CONNECTED | workbook=sample.xlsm sheet=트레이딩
2026-08-18 16:06:52 INFO LINE | mode=3 | looking_for=25-10 / BID | threshold=10000000 | raw_line=26-5 84- 10억
2026-08-18 16:06:52 INFO LINE | mode=3 | looking_for=25-10 / BID | threshold=10000000 | raw_line=26.11.20(금) 중금(~GF53) 팔자 (민 3.032, 끝전.97, 쿠폰 2.49)
2026-08-18 16:06:52 INFO LINE | mode=3 | looking_for=25-10 / BID | threshold=10000000 | raw_line=28.8.6 수출입채 [민3.833%/끝88/AAA] 팔자
2026-08-18 16:06:53 INFO EXCEL_CONNECTED | workbook=sample.xlsm sheet=트레이딩
2026-08-18 16:06:53 INFO LINE | mode=3 | looking_for=25-10 / BID | threshold=10000000 | raw_line=26-3 11+
2026-08-18 16:06:53 INFO LINE | mode=3 | looking_for=25-10 / BID | threshold=10000000 | raw_line=26-3 105/11- 50억
2026-08-18 16:06:53 INFO LINE | mode=3 | looking_for=25-10 / BID | threshold=10000000 | raw_line=26-3 11+ 30억
2026-08-18 16:06:53 INFO LINE | mode=3 | looking_for=25-10 / BID | threshold=10000000 | raw_line=26-3 105 11-
2026-08-18 16:06:53 INFO LINE | mode=3 | looking_for=25-10 / BID | threshold=10000000 | raw_line=25-10  755 사자   50
2026-08-18 16:06:53 INFO LINE | mode=3 | looking_for=25-10 / BID | threshold=10000000 | raw_line=26-5 84 845+ 60
2026-08-18 16:06:53 INFO LINE | mode=3 | looking_for=25-10 / BID | threshold=10000000 | raw_line=25-5 34 345+
2026-08-18 16:06:54 INFO EXCEL_CONNECTED | workbook=sample.xlsm sheet=트레이딩
2026-08-18 16:06:54 INFO LINE | mode=3 | looking_for=25-10 / BID | threshold=10000000 | raw_line=25-5 34 345 추가사자
2026-08-18 16:06:55 INFO EXCEL_CONNECTED | workbook=sample.xlsm sheet=트레이딩
2026-08-18 16:06:55 INFO LINE | mode=3 | looking_for=25-10 / BID | threshold=10000000 | raw_line=26-2 75 755 + 10
2026-08-18 16:06:56 INFO EXCEL_CONNECTED | workbook=sample.xlsm sheet=트레이딩
2026-08-18 16:06:56 INFO LINE | mode=3 | looking_for=25-10 / BID | threshold=10000000 | raw_line=26-6 팔자
2026-08-18 16:06:56 INFO LINE | mode=3 | looking_for=25-10 / BID | threshold=10000000 | raw_line=26-5 84 -
2026-08-18 16:06:56 INFO LINE | mode=3 | looking_for=25-10 / BID | threshold=10000000 | raw_line=26-3 11+
2026-08-18 16:06:56 INFO LINE | mode=3 | looking_for=25-10 / BID | threshold=10000000 | raw_line=26-3 105/11- 50억
2026-08-18 16:06:56 INFO LINE | mode=3 | looking_for=25-10 / BID | threshold=10000000 | raw_line=26-3 11+ 30억
2026-08-18 16:06:56 INFO LINE | mode=3 | looking_for=25-10 / BID | threshold=10000000 | raw_line=26-3 105 11-
2026-08-18 16:06:56 INFO LINE | mode=3 | looking_for=25-10 / BID | threshold=10000000 | raw_line=25-10  755 사자   50
2026-08-18 16:06:57 INFO EXCEL_CONNECTED | workbook=sample.xlsm sheet=트레이딩
2026-08-18 16:06:57 INFO LINE | mode=3 | looking_for=25-10 / BID | threshold=10000000 | raw_line=26-6 375+ 10
2026-08-18 16:06:57 INFO LINE | mode=3 | looking_for=25-10 / BID | threshold=10000000 | raw_line=26-5 84-
2026-08-18 16:06:57 INFO LINE | mode=3 | looking_for=25-10 / BID | threshold=10000000 | raw_line=통당 74 -
2026-08-18 16:06:58 INFO EXCEL_CONNECTED | workbook=sample.xlsm sheet=트레이딩
2026-08-18 16:06:58 INFO LINE | mode=3 | looking_for=25-10 / BID | threshold=10000000 | raw_line=26-3 11선 팔자 30억
2026-08-18 16:06:58 INFO LINE | mode=3 | looking_for=25-10 / BID | threshold=10000000 | raw_line=27.7.30(금) 신한은행 (민3.671, 끝.57) -5원팔자
2026-08-18 16:06:58 INFO EXCEL_CONNECTED | workbook=sample.xlsm sheet=트레이딩
2026-08-18 16:06:58 INFO LINE | mode=3 | looking_for=25-10 / BID | threshold=10000000 | raw_line=26-6 375+ 10
2026-08-18 16:06:58 INFO LINE | mode=3 | looking_for=25-10 / BID | threshold=10000000 | raw_line=25-4 매도호가 있나요?
2026-08-18 16:06:58 INFO LINE | mode=3 | looking_for=25-10 / BID | threshold=10000000 | raw_line=25-5 34 345 추가사자
2026-08-18 16:06:58 INFO LINE | mode=3 | looking_for=25-10 / BID | threshold=10000000 | raw_line=26-6 팔자
2026-08-18 16:06:58 INFO LINE | mode=3 | looking_for=25-10 / BID | threshold=10000000 | raw_line=26-5 84 -
2026-08-18 16:06:58 INFO LINE | mode=3 | looking_for=25-10 / BID | threshold=10000000 | raw_line=26-3 11+
2026-08-18 16:06:58 INFO LINE | mode=3 | looking_for=25-10 / BID | threshold=10000000 | raw_line=26-3 105/11- 50억
2026-08-18 16:06:58 INFO LINE | mode=3 | looking_for=25-10 / BID | threshold=10000000 | raw_line=27.10.16 신한채~FA4 (민3.735,끝전.06)팔자
2026-08-18 16:07:00 INFO EXCEL_CONNECTED | workbook=sample.xlsm sheet=트레이딩
2026-08-18 16:07:00 INFO LINE | mode=3 | looking_for=25-10 / BID | threshold=10000000 | raw_line=26-6 37 375- 20
2026-08-18 16:07:01 INFO EXCEL_CONNECTED | workbook=sample.xlsm sheet=트레이딩
2026-08-18 16:07:01 INFO LINE | mode=3 | looking_for=25-10 / BID | threshold=10000000 | raw_line=26-6 37 375- 10
2026-08-18 16:07:01 INFO EXCEL_CONNECTED | workbook=sample.xlsm sheet=트레이딩
2026-08-18 16:07:01 INFO LINE | mode=3 | looking_for=25-10 / BID | threshold=10000000 | raw_line=26-3 105 11- 자툴
2026-08-18 16:07:01 INFO LINE | mode=3 | looking_for=25-10 / BID | threshold=10000000 | raw_line=25-9 매도 있으실까요?
2026-08-18 16:07:01 INFO LINE | mode=3 | looking_for=25-10 / BID | threshold=10000000 | raw_line=26-6 375+ 10
2026-08-18 16:07:01 INFO LINE | mode=3 | looking_for=25-10 / BID | threshold=10000000 | raw_line=25-4 매도호가 있나요?
2026-08-18 16:07:01 INFO LINE | mode=3 | looking_for=25-10 / BID | threshold=10000000 | raw_line=25-5 34 345 추가사자
2026-08-18 16:07:01 INFO LINE | mode=3 | looking_for=25-10 / BID | threshold=10000000 | raw_line=26-6 팔자
2026-08-18 16:07:01 INFO LINE | mode=3 | looking_for=25-10 / BID | threshold=10000000 | raw_line=26-5 84 -
2026-08-18 16:07:02 INFO EXCEL_CONNECTED | workbook=sample.xlsm sheet=트레이딩
2026-08-18 16:07:02 INFO LINE | mode=3 | looking_for=25-10 / BID | threshold=10000000 | raw_line=26-2 75- 40
2026-08-18 16:07:03 INFO EXCEL_CONNECTED | workbook=sample.xlsm sheet=트레이딩
2026-08-18 16:07:03 INFO LINE | mode=3 | looking_for=25-10 / BID | threshold=10000000 | raw_line=25-5 34+
2026-08-18 16:07:03 INFO EXCEL_CONNECTED | workbook=sample.xlsm sheet=트레이딩
2026-08-18 16:07:03 INFO LINE | mode=3 | looking_for=25-10 / BID | threshold=10000000 | raw_line=26-2 75/755+ 20억
2026-08-18 16:07:03 INFO LINE | mode=3 | looking_for=25-10 / BID | threshold=10000000 | raw_line=26-6 375+ 100
2026-08-18 16:07:03 INFO LINE | mode=3 | looking_for=25-10 / BID | threshold=10000000 | raw_line=26-3 105 11- 자툴
2026-08-18 16:07:03 INFO LINE | mode=3 | looking_for=25-10 / BID | threshold=10000000 | raw_line=25-9 매도 있으실까요?
2026-08-18 16:07:03 INFO LINE | mode=3 | looking_for=25-10 / BID | threshold=10000000 | raw_line=26-6 375+ 10
2026-08-18 16:07:03 INFO LINE | mode=3 | looking_for=25-10 / BID | threshold=10000000 | raw_line=25-4 매도호가 있나요?
2026-08-18 16:07:03 INFO LINE | mode=3 | looking_for=25-10 / BID | threshold=10000000 | raw_line=25-5 34 345 추가사자
2026-08-18 16:07:04 INFO EXCEL_CONNECTED | workbook=sample.xlsm sheet=트레이딩
2026-08-18 16:07:04 INFO LINE | mode=3 | looking_for=25-10 / BID | threshold=10000000 | raw_line=신한채~FA4  27.10.16 토 민3.735%(.06원),-4원 팔자 3.771%
2026-08-18 16:07:05 INFO EXCEL_CONNECTED | workbook=sample.xlsm sheet=트레이딩
2026-08-18 16:07:05 INFO LINE | mode=3 | looking_for=25-10 / BID | threshold=10000000 | raw_line=26-6 37 375- 10억
2026-08-18 16:07:07 INFO EXCEL_CONNECTED | workbook=sample.xlsm sheet=트레이딩
2026-08-18 16:07:07 INFO LINE | mode=3 | looking_for=25-10 / BID | threshold=10000000 | raw_line=26-6  37 375- 자투리 가능
2026-08-18 16:07:08 INFO EXCEL_CONNECTED | workbook=sample.xlsm sheet=트레이딩
2026-08-18 16:07:08 INFO LINE | mode=3 | looking_for=25-10 / BID | threshold=10000000 | raw_line=26-5  84-
2026-08-18 16:07:08 INFO EXCEL_CONNECTED | workbook=sample.xlsm sheet=트레이딩
2026-08-18 16:07:08 INFO LINE | mode=3 | looking_for=25-10 / BID | threshold=10000000 | raw_line=26-5 84 845+ 60
2026-08-18 16:07:08 INFO LINE | mode=3 | looking_for=25-10 / BID | threshold=10000000 | raw_line=26-3 105 11-
2026-08-18 16:07:08 INFO LINE | mode=3 | looking_for=25-10 / BID | threshold=10000000 | raw_line=26-3 105 11-
2026-08-18 16:07:08 INFO LINE | mode=3 | looking_for=25-10 / BID | threshold=10000000 | raw_line=26-2 75/755+ 20억
2026-08-18 16:07:08 INFO LINE | mode=3 | looking_for=25-10 / BID | threshold=10000000 | raw_line=26-6 375+ 100
2026-08-18 16:07:08 INFO LINE | mode=3 | looking_for=25-10 / BID | threshold=10000000 | raw_line=26-3 105 11- 자툴
2026-08-18 16:07:08 INFO LINE | mode=3 | looking_for=25-10 / BID | threshold=10000000 | raw_line=25-9 매도 있으실까요?
2026-08-18 16:07:10 INFO EXCEL_CONNECTED | workbook=sample.xlsm sheet=트레이딩
2026-08-18 16:07:10 INFO LINE | mode=3 | looking_for=25-10 / BID | threshold=10000000 | raw_line=26-3 11선 팔자 30억
2026-08-18 16:07:10 INFO LINE | mode=3 | looking_for=25-10 / BID | threshold=10000000 | raw_line=28.5.8(월)해외인프라도시개발(민3.940%/끝.29원/AAA)오버5팔자 3.990%
2026-08-18 16:07:12 INFO EXCEL_CONNECTED | workbook=sample.xlsm sheet=트레이딩
2026-08-18 16:07:12 INFO LINE | mode=3 | looking_for=25-10 / BID | threshold=10000000 | raw_line=27.11.27(토) 한국농어촌공사26(민3.773,끝.9,AAA) -8원 팔자 3.845%
2026-08-18 16:07:12 INFO EXCEL_CONNECTED | workbook=sample.xlsm sheet=트레이딩
2026-08-18 16:07:13 INFO LINE | mode=3 | looking_for=25-10 / BID | threshold=10000000 | raw_line=26-6 375+ 10
2026-08-18 16:07:13 INFO LINE | mode=3 | looking_for=25-10 / BID | threshold=10000000 | raw_line=ㅎㅈ
2026-08-18 16:07:13 INFO LINE | mode=3 | looking_for=25-10 / BID | threshold=10000000 | raw_line=ㅎㅈ
2026-08-18 16:07:13 INFO EXCEL_CONNECTED | workbook=sample.xlsm sheet=트레이딩
2026-08-18 16:07:13 INFO LINE | mode=3 | looking_for=25-10 / BID | threshold=10000000 | raw_line=26-5 84- 10억
2026-08-18 16:07:13 INFO LINE | mode=3 | looking_for=25-10 / BID | threshold=10000000 | raw_line=26-2 75 755+ 10
2026-08-18 16:07:13 INFO LINE | mode=3 | looking_for=25-10 / BID | threshold=10000000 | raw_line=26-5 84 845+ 60
2026-08-18 16:07:13 INFO LINE | mode=3 | looking_for=25-10 / BID | threshold=10000000 | raw_line=26-3 105 11-
2026-08-18 16:07:13 INFO LINE | mode=3 | looking_for=25-10 / BID | threshold=10000000 | raw_line=26-3 105 11-
2026-08-18 16:07:13 INFO LINE | mode=3 | looking_for=25-10 / BID | threshold=10000000 | raw_line=26-2 75/755+ 20억
2026-08-18 16:07:13 INFO LINE | mode=3 | looking_for=25-10 / BID | threshold=10000000 | raw_line=26-6 375+ 100
2026-08-18 16:07:13 INFO LINE | mode=3 | looking_for=25-10 / BID | threshold=10000000 | raw_line=ㅎㅈ
2026-08-18 16:07:13 INFO LINE | mode=3 | looking_for=25-10 / BID | threshold=10000000 | raw_line=ㅎㅈ
2026-08-18 16:07:13 INFO LINE | mode=3 | looking_for=25-10 / BID | threshold=10000000 | raw_line=신한
2026-08-18 16:07:13 INFO LINE | mode=3 | looking_for=25-10 / BID | threshold=10000000 | raw_line=신한
2026-08-18 16:07:13 INFO LINE | mode=3 | looking_for=25-10 / BID | threshold=10000000 | raw_line=10억
2026-08-18 16:07:14 INFO EXCEL_CONNECTED | workbook=sample.xlsm sheet=트레이딩
2026-08-18 16:07:14 INFO LINE | mode=3 | looking_for=25-10 / BID | threshold=10000000 | raw_line=24-7 895-
2026-08-18 16:07:14 INFO LINE | mode=3 | looking_for=25-10 / BID | threshold=10000000 | raw_line=26-2 75 755+ 10
2026-08-18 16:07:14 INFO LINE | mode=3 | looking_for=25-10 / BID | threshold=10000000 | raw_line=1선
2026-08-18 16:07:14 INFO LINE | mode=3 | looking_for=25-10 / BID | threshold=10000000 | raw_line=1선
2026-08-18 16:07:15 INFO EXCEL_CONNECTED | workbook=sample.xlsm sheet=트레이딩
2026-08-18 16:07:15 INFO LINE | mode=3 | looking_for=25-10 / BID | threshold=10000000 | raw_line=리딩
2026-08-18 16:07:15 INFO LINE | mode=3 | looking_for=25-10 / BID | threshold=10000000 | raw_line=리딩
2026-08-18 16:07:15 INFO EXCEL_CONNECTED | workbook=sample.xlsm sheet=트레이딩
2026-08-18 16:07:15 INFO LINE | mode=3 | looking_for=25-10 / BID | threshold=10000000 | raw_line=26-5 84 845+ 60
2026-08-18 16:07:15 INFO LINE | mode=3 | looking_for=25-10 / BID | threshold=10000000 | raw_line=26-3 105 11-
2026-08-18 16:07:15 INFO LINE | mode=3 | looking_for=25-10 / BID | threshold=10000000 | raw_line=26-3 105 11-
2026-08-18 16:07:15 INFO LINE | mode=3 | looking_for=25-10 / BID | threshold=10000000 | raw_line=26-2 75/755+ 20억
2026-08-18 16:07:15 INFO LINE | mode=3 | looking_for=25-10 / BID | threshold=10000000 | raw_line=26-6 375+ 100
2026-08-18 16:07:15 INFO LINE | mode=3 | looking_for=25-10 / BID | threshold=10000000 | raw_line=26-3 105 11- 자툴
2026-08-18 16:07:15 INFO LINE | mode=3 | looking_for=25-10 / BID | threshold=10000000 | raw_line=25-9 매도 있으실까요?
2026-08-18 16:07:15 INFO LINE | mode=3 | looking_for=25-10 / BID | threshold=10000000 | raw_line=26-6 375+ 10
2026-08-18 16:07:15 INFO LINE | mode=3 | looking_for=25-10 / BID | threshold=10000000 | raw_line=25-4 매도호가 있나요?
2026-08-18 16:07:15 INFO LINE | mode=3 | looking_for=25-10 / BID | threshold=10000000 | raw_line=25-5 34 345 추가사자
2026-08-18 16:07:15 INFO LINE | mode=3 | looking_for=25-10 / BID | threshold=10000000 | raw_line=26-6 팔자
2026-08-18 16:07:15 INFO LINE | mode=3 | looking_for=25-10 / BID | threshold=10000000 | raw_line=26-5 84 -
2026-08-18 16:07:15 INFO LINE | mode=3 | looking_for=25-10 / BID | threshold=10000000 | raw_line=26-3 11+
2026-08-18 16:07:15 INFO LINE | mode=3 | looking_for=25-10 / BID | threshold=10000000 | raw_line=26-3 105/11- 50억
2026-08-18 16:07:15 INFO LINE | mode=3 | looking_for=25-10 / BID | threshold=10000000 | raw_line=26-3 11+ 30억
2026-08-18 16:07:15 INFO LINE | mode=3 | looking_for=25-10 / BID | threshold=10000000 | raw_line=26-3 105 11-
2026-08-18 16:07:15 INFO LINE | mode=3 | looking_for=25-10 / BID | threshold=10000000 | raw_line=25-10  755 사자   50
2026-08-18 16:07:15 INFO LINE | mode=3 | looking_for=25-10 / BID | threshold=10000000 | raw_line=ㅎㅈ
2026-08-18 16:07:15 INFO LINE | mode=3 | looking_for=25-10 / BID | threshold=10000000 | raw_line=ㅎㅈ
2026-08-18 16:07:15 INFO LINE | mode=3 | looking_for=25-10 / BID | threshold=10000000 | raw_line=ㅎㅈ
2026-08-18 16:07:15 INFO LINE_OMITTED | +2
2026-08-18 16:07:16 INFO EXCEL_CONNECTED | workbook=sample.xlsm sheet=트레이딩
2026-08-18 16:07:16 INFO LINE | mode=3 | looking_for=25-10 / BID | threshold=10000000 | raw_line=26-5 84 845+ 60
2026-08-18 16:07:16 INFO LINE | mode=3 | looking_for=25-10 / BID | threshold=10000000 | raw_line=25-6 -2.5원 사자
2026-08-18 16:07:16 INFO LINE | mode=3 | looking_for=25-10 / BID | threshold=10000000 | raw_line=24-7 895-
2026-08-18 16:07:16 INFO LINE | mode=3 | looking_for=25-10 / BID | threshold=10000000 | raw_line=26-2 75 755+ 10
2026-08-18 16:07:16 INFO LINE | mode=3 | looking_for=25-10 / BID | threshold=10000000 | raw_line=26-6 375+ 10
2026-08-18 16:07:16 INFO LINE | mode=3 | looking_for=25-10 / BID | threshold=10000000 | raw_line=26-3 11선 팔자 30억
2026-08-18 16:07:16 INFO LINE | mode=3 | looking_for=25-10 / BID | threshold=10000000 | raw_line=26-5  84-
2026-08-18 16:07:16 INFO LINE | mode=3 | looking_for=25-10 / BID | threshold=10000000 | raw_line=26-6  37 375- 자투리 가능
2026-08-18 16:07:16 INFO LINE | mode=3 | looking_for=25-10 / BID | threshold=10000000 | raw_line=26-6 37 375- 10억
2026-08-18 16:07:16 INFO LINE | mode=3 | looking_for=25-10 / BID | threshold=10000000 | raw_line=25-5 34+
2026-08-18 16:07:16 INFO LINE | mode=3 | looking_for=25-10 / BID | threshold=10000000 | raw_line=26-2 75- 40
2026-08-18 16:07:16 INFO LINE | mode=3 | looking_for=25-10 / BID | threshold=10000000 | raw_line=26-6 37 375- 10
2026-08-18 16:07:16 INFO LINE | mode=3 | looking_for=25-10 / BID | threshold=10000000 | raw_line=26-6 37 375- 20
2026-08-18 16:07:16 INFO LINE | mode=3 | looking_for=25-10 / BID | threshold=10000000 | raw_line=확정
2026-08-18 16:07:16 INFO LINE | mode=3 | looking_for=25-10 / BID | threshold=10000000 | raw_line=확정
2026-08-18 16:07:17 INFO EXCEL_CONNECTED | workbook=sample.xlsm sheet=트레이딩
2026-08-18 16:07:17 INFO LINE | mode=3 | looking_for=25-10 / BID | threshold=10000000 | raw_line=선네고
2026-08-18 16:07:17 INFO LINE | mode=3 | looking_for=25-10 / BID | threshold=10000000 | raw_line=선네고
2026-08-18 16:07:18 INFO EXCEL_CONNECTED | workbook=sample.xlsm sheet=트레이딩
2026-08-18 16:07:18 INFO LINE | mode=3 | looking_for=25-10 / BID | threshold=10000000 | raw_line=26-3 105 11- 자툴
2026-08-18 16:07:18 INFO LINE | mode=3 | looking_for=25-10 / BID | threshold=10000000 | raw_line=26-3 105 11-
2026-08-18 16:07:18 INFO LINE | mode=3 | looking_for=25-10 / BID | threshold=10000000 | raw_line=11선 사자
2026-08-18 16:07:18 INFO LINE | mode=3 | looking_for=25-10 / BID | threshold=10000000 | raw_line=11선 사자
2026-08-18 16:07:19 INFO EXCEL_CONNECTED | workbook=sample.xlsm sheet=트레이딩
2026-08-18 16:07:19 INFO LINE | mode=3 | looking_for=25-10 / BID | threshold=10000000 | raw_line=26-6 37 375- 20
2026-08-18 16:07:19 INFO LINE | mode=3 | looking_for=25-10 / BID | threshold=10000000 | raw_line=26-3 11선 팔자 30억
2026-08-18 16:07:19 INFO LINE | mode=3 | looking_for=25-10 / BID | threshold=10000000 | raw_line=26-6 375+ 10
2026-08-18 16:07:19 INFO LINE | mode=3 | looking_for=25-10 / BID | threshold=10000000 | raw_line=26-5 84-
2026-08-18 16:07:19 INFO LINE | mode=3 | looking_for=25-10 / BID | threshold=10000000 | raw_line=26-2 75 755 + 10
2026-08-18 16:07:19 INFO LINE | mode=3 | looking_for=25-10 / BID | threshold=10000000 | raw_line=25-5 34 345 추가사자
2026-08-18 16:07:19 INFO LINE | mode=3 | looking_for=25-10 / BID | threshold=10000000 | raw_line=26-5 84- 10억
2026-08-18 16:07:19 INFO LINE | mode=3 | looking_for=25-10 / BID | threshold=10000000 | raw_line=26.11.25(수) 중금EB4 (민3.047 끝.31) 팔자 200억
2026-08-18 16:07:19 INFO LINE | mode=3 | looking_for=25-10 / BID | threshold=10000000 | raw_line=네
2026-08-18 16:07:19 INFO LINE | mode=3 | looking_for=25-10 / BID | threshold=10000000 | raw_line=네
2026-08-18 16:07:19 INFO LINE | mode=3 | looking_for=25-10 / BID | threshold=10000000 | raw_line=제가매도
2026-08-18 16:07:19 INFO LINE | mode=3 | looking_for=25-10 / BID | threshold=10000000 | raw_line=제가매도
2026-08-18 16:07:20 INFO EXCEL_CONNECTED | workbook=sample.xlsm sheet=트레이딩
2026-08-18 16:07:20 INFO LINE | mode=3 | looking_for=25-10 / BID | threshold=10000000 | raw_line=26.12.23 산금 (민 3.133/.81 수 AAA) 팔자 -2원 3.215%
2026-08-18 16:07:20 INFO LINE | mode=3 | looking_for=25-10 / BID | threshold=10000000 | raw_line=26.11.20(금) 중금(~GF53) 팔자 (민 3.032, 끝전.97, 쿠폰 2.49)
2026-08-18 16:07:20 INFO LINE | mode=3 | looking_for=25-10 / BID | threshold=10000000 | raw_line=1선
2026-08-18 16:07:20 INFO LINE | mode=3 | looking_for=25-10 / BID | threshold=10000000 | raw_line=1선
2026-08-18 16:07:20 INFO LINE | mode=3 | looking_for=25-10 / BID | threshold=10000000 | raw_line=ㅎㅈ
2026-08-18 16:07:20 INFO LINE | mode=3 | looking_for=25-10 / BID | threshold=10000000 | raw_line=ㅎㅈ
2026-08-18 16:07:20 INFO LINE | mode=3 | looking_for=25-10 / BID | threshold=10000000 | raw_line=소희
2026-08-18 16:07:20 INFO EXCEL_CONNECTED | workbook=sample.xlsm sheet=트레이딩
2026-08-18 16:07:21 INFO LINE | mode=3 | looking_for=25-10 / BID | threshold=10000000 | raw_line=26-3 100억 당팔
2026-08-18 16:07:21 INFO EXCEL_CONNECTED | workbook=sample.xlsm sheet=트레이딩
2026-08-18 16:07:21 INFO LINE | mode=3 | looking_for=25-10 / BID | threshold=10000000 | raw_line=26-6 37 375- 10
2026-08-18 16:07:21 INFO LINE | mode=3 | looking_for=25-10 / BID | threshold=10000000 | raw_line=26-6 37 375- 20
2026-08-18 16:07:21 INFO LINE | mode=3 | looking_for=25-10 / BID | threshold=10000000 | raw_line=26-3 11선 팔자 30억
2026-08-18 16:07:21 INFO LINE | mode=3 | looking_for=25-10 / BID | threshold=10000000 | raw_line=26-6 375+ 10
2026-08-18 16:07:21 INFO LINE | mode=3 | looking_for=25-10 / BID | threshold=10000000 | raw_line=26-5 84-
2026-08-18 16:07:21 INFO LINE | mode=3 | looking_for=25-10 / BID | threshold=10000000 | raw_line=26-2 75 755 + 10
2026-08-18 16:07:21 INFO LINE | mode=3 | looking_for=25-10 / BID | threshold=10000000 | raw_line=25-5 34 345 추가사자
2026-08-18 16:07:23 INFO EXCEL_CONNECTED | workbook=sample.xlsm sheet=트레이딩
2026-08-18 16:07:23 INFO LINE | mode=3 | looking_for=25-10 / BID | threshold=10000000 | raw_line=26-3 11+ 30억
2026-08-18 16:07:23 INFO EXCEL_CONNECTED | workbook=sample.xlsm sheet=트레이딩
2026-08-18 16:07:23 INFO LINE | mode=3 | looking_for=25-10 / BID | threshold=10000000 | raw_line=26-2 75- 40
2026-08-18 16:07:23 INFO LINE | mode=3 | looking_for=25-10 / BID | threshold=10000000 | raw_line=26-6 37 375- 10
2026-08-18 16:07:23 INFO LINE | mode=3 | looking_for=25-10 / BID | threshold=10000000 | raw_line=26-6 37 375- 20
2026-08-18 16:07:23 INFO LINE | mode=3 | looking_for=25-10 / BID | threshold=10000000 | raw_line=26-3 11선 팔자 30억
2026-08-18 16:07:23 INFO LINE | mode=3 | looking_for=25-10 / BID | threshold=10000000 | raw_line=26-6 375+ 10
2026-08-18 16:07:23 INFO LINE | mode=3 | looking_for=25-10 / BID | threshold=10000000 | raw_line=26-5 84-
2026-08-18 16:07:23 INFO LINE | mode=3 | looking_for=25-10 / BID | threshold=10000000 | raw_line=26-2 75 755 + 10
2026-08-18 16:07:24 INFO EXCEL_CONNECTED | workbook=sample.xlsm sheet=트레이딩
2026-08-18 16:07:24 INFO LINE | mode=3 | looking_for=25-10 / BID | threshold=10000000 | raw_line=2026.08.18 / 16:07
2026-08-18 16:07:24 INFO LINE | mode=3 | looking_for=25-10 / BID | threshold=10000000 | raw_line=26-3 11+ 40억까지
2026-08-18 16:07:25 INFO EXCEL_CONNECTED | workbook=sample.xlsm sheet=트레이딩
2026-08-18 16:07:26 INFO LINE | mode=3 | looking_for=25-10 / BID | threshold=10000000 | raw_line=26-3 105/11- 자툴
2026-08-18 16:07:26 INFO LINE | mode=3 | looking_for=25-10 / BID | threshold=10000000 | raw_line=오빠 감사.
2026-08-18 16:07:26 INFO EXCEL_CONNECTED | workbook=sample.xlsm sheet=트레이딩
2026-08-18 16:07:26 INFO LINE | mode=3 | looking_for=25-10 / BID | threshold=10000000 | raw_line=26-6 37 375- 10억
2026-08-18 16:07:26 INFO LINE | mode=3 | looking_for=25-10 / BID | threshold=10000000 | raw_line=25-5 34+
2026-08-18 16:07:26 INFO LINE | mode=3 | looking_for=25-10 / BID | threshold=10000000 | raw_line=26-2 75- 40
2026-08-18 16:07:26 INFO LINE | mode=3 | looking_for=25-10 / BID | threshold=10000000 | raw_line=26-6 37 375- 10
2026-08-18 16:07:26 INFO LINE | mode=3 | looking_for=25-10 / BID | threshold=10000000 | raw_line=26-6 37 375- 20
2026-08-18 16:07:26 INFO LINE | mode=3 | looking_for=25-10 / BID | threshold=10000000 | raw_line=26-3 11선 팔자 30억
2026-08-18 16:07:26 INFO LINE | mode=3 | looking_for=25-10 / BID | threshold=10000000 | raw_line=26-6 375+ 10
2026-08-18 16:07:27 INFO EXCEL_CONNECTED | workbook=sample.xlsm sheet=트레이딩
2026-08-18 16:07:27 INFO LINE | mode=3 | looking_for=25-10 / BID | threshold=10000000 | raw_line=25-5 34+ 짜투리 가능
2026-08-18 16:07:28 INFO EXCEL_CONNECTED | workbook=sample.xlsm sheet=트레이딩
2026-08-18 16:07:28 INFO LINE | mode=3 | looking_for=25-10 / BID | threshold=10000000 | raw_line=국당 31-
2026-08-18 16:07:28 INFO LINE | mode=3 | looking_for=25-10 / BID | threshold=10000000 | raw_line=27.1.19(화) 산금D18 (민3.216 끝.53) 팔자 200억
2026-08-18 16:07:28 INFO LINE | mode=3 | looking_for=25-10 / BID | threshold=10000000 | raw_line=26.9.8(화) 롯데카드539-5(민3.27,끝.3,AA-변고정) ~200억 팔자 +1.5원 3.062% (수반) /민사자
2026-08-18 16:07:28 INFO EXCEL_CONNECTED | workbook=sample.xlsm sheet=트레이딩
2026-08-18 16:07:29 INFO LINE | mode=3 | looking_for=25-10 / BID | threshold=10000000 | raw_line=26-5  84-
2026-08-18 16:07:29 INFO LINE | mode=3 | looking_for=25-10 / BID | threshold=10000000 | raw_line=26-6  37 375- 자투리 가능
2026-08-18 16:07:29 INFO LINE | mode=3 | looking_for=25-10 / BID | threshold=10000000 | raw_line=26-6 37 375- 10억
2026-08-18 16:07:29 INFO LINE | mode=3 | looking_for=25-10 / BID | threshold=10000000 | raw_line=25-5 34+
2026-08-18 16:07:29 INFO LINE | mode=3 | looking_for=25-10 / BID | threshold=10000000 | raw_line=26-2 75- 40
2026-08-18 16:07:29 INFO LINE | mode=3 | looking_for=25-10 / BID | threshold=10000000 | raw_line=26-6 37 375- 10
2026-08-18 16:07:29 INFO LINE | mode=3 | looking_for=25-10 / BID | threshold=10000000 | raw_line=26-6 37 375- 20
2026-08-18 16:07:29 INFO LINE | mode=3 | looking_for=25-10 / BID | threshold=10000000 | raw_line=27.7.10 수출입은행 (민 3.610 끝 .57) -3원 팔자 3.652% /-3.5원 사자
2026-08-18 16:07:29 INFO LINE | mode=3 | looking_for=25-10 / BID | threshold=10000000 | raw_line=27.3.22(월) 롯데캐피탈458-2(민4.187/끝.67) -6원 4.301 팔자
2026-08-18 16:07:30 INFO EXCEL_CONNECTED | workbook=sample.xlsm sheet=트레이딩
2026-08-18 16:07:30 INFO LINE | mode=3 | looking_for=25-10 / BID | threshold=10000000 | raw_line=25-4 665+
2026-08-18 16:07:31 INFO EXCEL_CONNECTED | workbook=sample.xlsm sheet=트레이딩
2026-08-18 16:07:31 INFO LINE | mode=3 | looking_for=25-10 / BID | threshold=10000000 | raw_line=26-3 11 사자
2026-08-18 16:07:31 INFO EXCEL_CONNECTED | workbook=sample.xlsm sheet=트레이딩
2026-08-18 16:07:31 INFO LINE | mode=3 | looking_for=25-10 / BID | threshold=10000000 | raw_line=26-6 37 375- 20
2026-08-18 16:07:32 INFO EXCEL_CONNECTED | workbook=sample.xlsm sheet=트레이딩
2026-08-18 16:07:32 INFO LINE | mode=3 | looking_for=25-10 / BID | threshold=10000000 | raw_line=26-2 75 755+ 10
2026-08-18 16:07:32 INFO LINE | mode=3 | looking_for=25-10 / BID | threshold=10000000 | raw_line=26-6 375+ 10
2026-08-18 16:07:32 INFO LINE | mode=3 | looking_for=25-10 / BID | threshold=10000000 | raw_line=26-3 11선 팔자 30억
2026-08-18 16:07:32 INFO LINE | mode=3 | looking_for=25-10 / BID | threshold=10000000 | raw_line=26-5  84-
2026-08-18 16:07:32 INFO LINE | mode=3 | looking_for=25-10 / BID | threshold=10000000 | raw_line=26-6  37 375- 자투리 가능
2026-08-18 16:07:32 INFO LINE | mode=3 | looking_for=25-10 / BID | threshold=10000000 | raw_line=26-6 37 375- 10억
2026-08-18 16:07:32 INFO LINE | mode=3 | looking_for=25-10 / BID | threshold=10000000 | raw_line=25-5 34+
2026-08-18 16:07:34 INFO EXCEL_CONNECTED | workbook=sample.xlsm sheet=트레이딩
2026-08-18 16:07:34 INFO LINE | mode=3 | looking_for=25-10 / BID | threshold=10000000 | raw_line=26-3 105 11-
2026-08-18 16:07:34 INFO EXCEL_CONNECTED | workbook=sample.xlsm sheet=트레이딩
2026-08-18 16:07:34 INFO LINE | mode=3 | looking_for=25-10 / BID | threshold=10000000 | raw_line=24-7 895-
2026-08-18 16:07:34 INFO LINE | mode=3 | looking_for=25-10 / BID | threshold=10000000 | raw_line=26-2 75 755+ 10
2026-08-18 16:07:34 INFO LINE | mode=3 | looking_for=25-10 / BID | threshold=10000000 | raw_line=26-6 375+ 10
2026-08-18 16:07:34 INFO LINE | mode=3 | looking_for=25-10 / BID | threshold=10000000 | raw_line=26-3 11선 팔자 30억
2026-08-18 16:07:34 INFO LINE | mode=3 | looking_for=25-10 / BID | threshold=10000000 | raw_line=26-5  84-
2026-08-18 16:07:34 INFO LINE | mode=3 | looking_for=25-10 / BID | threshold=10000000 | raw_line=26-6  37 375- 자투리 가능
2026-08-18 16:07:34 INFO LINE | mode=3 | looking_for=25-10 / BID | threshold=10000000 | raw_line=26-6 37 375- 10억
2026-08-18 16:07:34 INFO LINE | mode=3 | looking_for=25-10 / BID | threshold=10000000 | raw_line=26.12.23 산금 (민 3.133/.81 수 AAA) 팔자 -2원 3.215%
2026-08-18 16:07:34 INFO LINE | mode=3 | looking_for=25-10 / BID | threshold=10000000 | raw_line=26.9.8(화) 롯데카드539-5(민3.27,끝.3,AA-변고정) ~200억 팔자 +1.5원 3.062% (수반) /민사자
2026-08-18 16:07:36 INFO EXCEL_CONNECTED | workbook=sample.xlsm sheet=트레이딩
2026-08-18 16:07:36 INFO LINE | mode=3 | looking_for=25-10 / BID | threshold=10000000 | raw_line=27.9.12(일) 서교공(민 3.748, .31) -3원 팔자~3.78%
2026-08-18 16:07:36 INFO EXCEL_CONNECTED | workbook=sample.xlsm sheet=트레이딩
2026-08-18 16:07:36 INFO LINE | mode=3 | looking_for=25-10 / BID | threshold=10000000 | raw_line=27.6.4(금)평택도시공사2026-1(사)(민3.764%/끝.18원/AA0)팔자
2026-08-18 16:07:36 INFO LINE | mode=3 | looking_for=25-10 / BID | threshold=10000000 | raw_line=27.9.5(일) 수협중앙회(민3.753, 끝.66, AAA, 경과이자O) -4원 3.798 팔자
2026-08-18 16:07:36 INFO LINE | mode=3 | looking_for=25-10 / BID | threshold=10000000 | raw_line=26.11.6(금) SK렌터카58-1 (민3.414 끝.45 A0) 팔자
2026-08-18 16:07:37 INFO EXCEL_CONNECTED | workbook=sample.xlsm sheet=트레이딩
2026-08-18 16:07:37 INFO LINE | mode=3 | looking_for=25-10 / BID | threshold=10000000 | raw_line=263 11 115+짜투리 선
2026-08-18 16:07:40 INFO EXCEL_CONNECTED | workbook=sample.xlsm sheet=트레이딩
2026-08-18 16:07:40 INFO LINE | mode=3 | looking_for=25-10 / BID | threshold=10000000 | raw_line=27.10.25(월) 한국전력 (민3.780) 팔자
2026-08-18 16:07:40 INFO EXCEL_CONNECTED | workbook=sample.xlsm sheet=트레이딩
2026-08-18 16:07:41 INFO LINE | mode=3 | looking_for=25-10 / BID | threshold=10000000 | raw_line=26-3 105 11- 자툴
2026-08-18 16:07:41 INFO LINE | mode=3 | looking_for=25-10 / BID | threshold=10000000 | raw_line=26-3 11 사자  50억
2026-08-18 16:07:41 INFO LINE | mode=3 | looking_for=25-10 / BID | threshold=10000000 | raw_line=26-3 11 115+짜투리 선
2026-08-18 16:07:41 INFO LINE | mode=3 | looking_for=25-10 / BID | threshold=10000000 | raw_line=통당 75+
2026-08-18 16:07:41 INFO EXCEL_CONNECTED | workbook=sample.xlsm sheet=트레이딩
2026-08-18 16:07:41 INFO LINE | mode=3 | looking_for=25-10 / BID | threshold=10000000 | raw_line=26-3 105 11-
2026-08-18 16:07:41 INFO LINE | mode=3 | looking_for=25-10 / BID | threshold=10000000 | raw_line=26-5 84 845+ 60
2026-08-18 16:07:41 INFO LINE | mode=3 | looking_for=25-10 / BID | threshold=10000000 | raw_line=25-6 -2.5원 사자
2026-08-18 16:07:41 INFO LINE | mode=3 | looking_for=25-10 / BID | threshold=10000000 | raw_line=24-7 895-
2026-08-18 16:07:41 INFO LINE | mode=3 | looking_for=25-10 / BID | threshold=10000000 | raw_line=26-2 75 755+ 10
2026-08-18 16:07:41 INFO LINE | mode=3 | looking_for=25-10 / BID | threshold=10000000 | raw_line=26-6 375+ 10
2026-08-18 16:07:41 INFO LINE | mode=3 | looking_for=25-10 / BID | threshold=10000000 | raw_line=26-3 11선 팔자 30억
2026-08-18 16:07:41 INFO LINE | mode=3 | looking_for=25-10 / BID | threshold=10000000 | raw_line=삼통 885-
2026-08-18 16:07:41 INFO LINE | mode=3 | looking_for=25-10 / BID | threshold=10000000 | raw_line=통당 74-
2026-08-18 16:07:41 INFO LINE | mode=3 | looking_for=25-10 / BID | threshold=10000000 | raw_line=구구삼통 66 +
2026-08-18 16:07:41 INFO LINE | mode=3 | looking_for=25-10 / BID | threshold=10000000 | raw_line=삼통 885-
2026-08-18 16:07:41 INFO LINE | mode=3 | looking_for=25-10 / BID | threshold=10000000 | raw_line=삼통 89+
2026-08-18 16:07:41 INFO LINE | mode=3 | looking_for=25-10 / BID | threshold=10000000 | raw_line=삼통 885 -
2026-08-18 16:07:42 INFO STOPPED
2026-08-18 16:07:42 INFO EXCEL_CONNECTED | workbook=sample.xlsm sheet=트레이딩
2026-08-18 16:07:56 INFO EXCEL_CONNECTED | workbook=sample.xlsm sheet=트레이딩
2026-08-18 16:07:56 INFO EXCEL_CONNECTED | workbook=sample.xlsm sheet=트레이딩
2026-08-18 16:07:56 INFO WATCHING | mode=3 source=(uia)/FORESTBOND send=notepad.exe/메모장 looking_for=25-5 / BID threshold=10000000.0 slots=[('25-5', 19, 'BUY')]
2026-08-18 16:07:59 INFO EXCEL_CONNECTED | workbook=sample.xlsm sheet=트레이딩
2026-08-18 16:07:59 INFO LINE | mode=3 | looking_for=25-5 / BID | threshold=10000000 | raw_line=26-5 84- 자툴
2026-08-18 16:07:59 INFO LINE | mode=3 | looking_for=25-5 / BID | threshold=10000000 | raw_line=29.4.27(금) 산은캐피탈786-4(민4.376) 팔자
2026-08-18 16:07:59 INFO LINE | mode=3 | looking_for=25-5 / BID | threshold=10000000 | raw_line=28.2.14(월) LG이노텍44-3 (민4.033 끝.03 AA-) 팔자
2026-08-18 16:07:59 INFO EXCEL_CONNECTED | workbook=sample.xlsm sheet=트레이딩
2026-08-18 16:07:59 INFO LINE | mode=3 | looking_for=25-5 / BID | threshold=10000000 | raw_line=25-4 665+
2026-08-18 16:07:59 INFO LINE | mode=3 | looking_for=25-5 / BID | threshold=10000000 | raw_line=국당 31-
2026-08-18 16:07:59 INFO LINE | mode=3 | looking_for=25-5 / BID | threshold=10000000 | raw_line=25-5 34+ 짜투리 가능
2026-08-18 16:07:59 INFO LINE | mode=3 | looking_for=25-5 / BID | threshold=10000000 | raw_line=26-3 105/11- 자툴
2026-08-18 16:07:59 INFO LINE | mode=3 | looking_for=25-5 / BID | threshold=10000000 | raw_line=26-3 11+ 40억까지
2026-08-18 16:07:59 INFO LINE | mode=3 | looking_for=25-5 / BID | threshold=10000000 | raw_line=26-3 11+ 30억
2026-08-18 16:07:59 INFO LINE | mode=3 | looking_for=25-5 / BID | threshold=10000000 | raw_line=26-3 100억 당팔
2026-08-18 16:07:59 INFO LINE | mode=3 | looking_for=25-5 / BID | threshold=10000000 | raw_line=: 27.1.29(금) 아이엠캐피탈 민 3.611 (.97) -1원 = 3.655 팔자 /
2026-08-18 16:07:59 INFO LINE | mode=3 | looking_for=25-5 / BID | threshold=10000000 | raw_line=28.8.28 SK316-1 (민4.287 .71 AA+) 100억 팔자  오버1팔자 / 오버4사자
2026-08-18 16:08:00 INFO EXCEL_CONNECTED | workbook=sample.xlsm sheet=트레이딩
2026-08-18 16:08:00 INFO LINE | mode=3 | looking_for=25-5 / BID | threshold=10000000 | raw_line=26-2 75 755+ 10
2026-08-18 16:08:00 INFO LINE | mode=3 | looking_for=25-5 / BID | threshold=10000000 | raw_line=26.9.13(일) SK(민3.192  .44  AA+ 2.088%) +1.5원 팔자
2026-08-18 16:08:01 INFO EXCEL_CONNECTED | workbook=sample.xlsm sheet=트레이딩
2026-08-18 16:08:01 INFO LINE | mode=3 | looking_for=25-5 / BID | threshold=10000000 | raw_line=26-3 105 11- 자툴
2026-08-18 16:08:03 INFO EXCEL_CONNECTED | workbook=sample.xlsm sheet=트레이딩
2026-08-18 16:08:03 INFO LINE | mode=3 | looking_for=25-5 / BID | threshold=10000000 | raw_line=25-9 655+ 10
2026-08-18 16:08:03 INFO LINE | mode=3 | looking_for=25-5 / BID | threshold=10000000 | raw_line=26-5 84 845+ 60
2026-08-18 16:08:04 INFO EXCEL_CONNECTED | workbook=sample.xlsm sheet=트레이딩
2026-08-18 16:08:04 INFO LINE | mode=3 | looking_for=25-5 / BID | threshold=10000000 | raw_line=11/24 신한증권CP 50억*2장 3.22팔자
2026-08-18 16:08:04 INFO LINE | mode=3 | looking_for=25-5 / BID | threshold=10000000 | raw_line=ㅎㅈ
2026-08-18 16:08:04 INFO LINE | mode=3 | looking_for=25-5 / BID | threshold=10000000 | raw_line=ㅎㅈ
2026-08-18 16:08:04 INFO LINE | mode=3 | looking_for=25-5 / BID | threshold=10000000 | raw_line=ㅎㅈ
2026-08-18 16:08:04 INFO LINE | mode=3 | looking_for=25-5 / BID | threshold=10000000 | raw_line=ㅎㅈ
2026-08-18 16:08:04 INFO EXCEL_CONNECTED | workbook=sample.xlsm sheet=트레이딩
2026-08-18 16:08:04 INFO LINE | mode=3 | looking_for=25-5 / BID | threshold=10000000 | raw_line=26-6 37 375-
2026-08-18 16:08:04 INFO LINE | mode=3 | looking_for=25-5 / BID | threshold=10000000 | raw_line=10.28 키움증권CP 50억 3.18/19 팔자
2026-08-18 16:08:04 INFO LINE | mode=3 | looking_for=25-5 / BID | threshold=10000000 | raw_line=9.30 한투지주CP 50억 3.04/05 팔자
2026-08-18 16:08:04 INFO LINE | mode=3 | looking_for=25-5 / BID | threshold=10000000 | raw_line=선네고
2026-08-18 16:08:04 INFO LINE | mode=3 | looking_for=25-5 / BID | threshold=10000000 | raw_line=선네고
2026-08-18 16:08:04 INFO LINE | mode=3 | looking_for=25-5 / BID | threshold=10000000 | raw_line=확정
2026-08-18 16:08:04 INFO LINE | mode=3 | looking_for=25-5 / BID | threshold=10000000 | raw_line=확정
2026-08-18 16:08:04 INFO LINE | mode=3 | looking_for=25-5 / BID | threshold=10000000 | raw_line=리딩
2026-08-18 16:08:05 INFO EXCEL_CONNECTED | workbook=sample.xlsm sheet=트레이딩
2026-08-18 16:08:05 INFO LINE | mode=3 | looking_for=25-5 / BID | threshold=10000000 | raw_line=26-3 11 사자  50억
2026-08-18 16:08:05 INFO LINE | mode=3 | looking_for=25-5 / BID | threshold=10000000 | raw_line=26-3 11 115+짜투리 선
2026-08-18 16:08:05 INFO LINE | mode=3 | looking_for=25-5 / BID | threshold=10000000 | raw_line=26-3 105 11-
2026-08-18 16:08:05 INFO LINE | mode=3 | looking_for=25-5 / BID | threshold=10000000 | raw_line=26-6 37 375- 20
2026-08-18 16:08:05 INFO LINE | mode=3 | looking_for=25-5 / BID | threshold=10000000 | raw_line=26-3 11 사자
2026-08-18 16:08:05 INFO LINE | mode=3 | looking_for=25-5 / BID | threshold=10000000 | raw_line=25-4 665+
2026-08-18 16:08:05 INFO LINE | mode=3 | looking_for=25-5 / BID | threshold=10000000 | raw_line=국당 31-
2026-08-18 16:08:05 INFO LINE | mode=3 | looking_for=25-5 / BID | threshold=10000000 | raw_line=27.3.22(월) 롯데캐피탈458-2(민4.187/끝.67) -6원 4.301 팔자
2026-08-18 16:08:06 INFO EXCEL_CONNECTED | workbook=sample.xlsm sheet=트레이딩
2026-08-18 16:08:06 INFO LINE | mode=3 | looking_for=25-5 / BID | threshold=10000000 | raw_line=31.3.6(목) 엘지화학57-4(민4.481,끝.8,AA+) 팔자
2026-08-18 16:08:06 INFO LINE | mode=3 | looking_for=25-5 / BID | threshold=10000000 | raw_line=상상인
2026-08-18 16:08:06 INFO LINE | mode=3 | looking_for=25-5 / BID | threshold=10000000 | raw_line=상상인
2026-08-18 16:08:07 INFO EXCEL_CONNECTED | workbook=sample.xlsm sheet=트레이딩
2026-08-18 16:08:07 INFO LINE | mode=3 | looking_for=25-5 / BID | threshold=10000000 | raw_line=26-7 74 +
2026-08-18 16:08:07 INFO EXCEL_CONNECTED | workbook=sample.xlsm sheet=트레이딩
2026-08-18 16:08:07 INFO LINE | mode=3 | looking_for=25-5 / BID | threshold=10000000 | raw_line=26-3 105 11- 자툴
2026-08-18 16:08:07 INFO LINE | mode=3 | looking_for=25-5 / BID | threshold=10000000 | raw_line=26-3 11 사자  50억
2026-08-18 16:08:07 INFO LINE | mode=3 | looking_for=25-5 / BID | threshold=10000000 | raw_line=26-3 11 115+짜투리 선
2026-08-18 16:08:07 INFO LINE | mode=3 | looking_for=25-5 / BID | threshold=10000000 | raw_line=26-3 105 11-
2026-08-18 16:08:07 INFO LINE | mode=3 | looking_for=25-5 / BID | threshold=10000000 | raw_line=26-6 37 375- 20
2026-08-18 16:08:07 INFO LINE | mode=3 | looking_for=25-5 / BID | threshold=10000000 | raw_line=26-3 11 사자
2026-08-18 16:08:07 INFO LINE | mode=3 | looking_for=25-5 / BID | threshold=10000000 | raw_line=25-4 665+
2026-08-18 16:08:07 INFO LINE | mode=3 | looking_for=25-5 / BID | threshold=10000000 | raw_line=감사합니다
2026-08-18 16:08:07 INFO LINE | mode=3 | looking_for=25-5 / BID | threshold=10000000 | raw_line=감사합니다
2026-08-18 16:08:08 INFO EXCEL_CONNECTED | workbook=sample.xlsm sheet=트레이딩
2026-08-18 16:08:08 INFO LINE | mode=3 | looking_for=25-5 / BID | threshold=10000000 | raw_line=제가매도
2026-08-18 16:08:08 INFO LINE | mode=3 | looking_for=25-5 / BID | threshold=10000000 | raw_line=제가매도
2026-08-18 16:08:08 INFO LINE | mode=3 | looking_for=25-5 / BID | threshold=10000000 | raw_line=11선 사자
2026-08-18 16:08:08 INFO LINE | mode=3 | looking_for=25-5 / BID | threshold=10000000 | raw_line=11선 사자
2026-08-18 16:08:08 INFO LINE | mode=3 | looking_for=25-5 / BID | threshold=10000000 | raw_line=선네고
2026-08-18 16:08:09 INFO EXCEL_CONNECTED | workbook=sample.xlsm sheet=트레이딩
2026-08-18 16:08:09 INFO LINE | mode=3 | looking_for=25-5 / BID | threshold=10000000 | raw_line=28.2.14(월) LG이노텍44-3 (민4.033 끝.03 AA-) 팔자
2026-08-18 16:08:10 INFO EXCEL_CONNECTED | workbook=sample.xlsm sheet=트레이딩
2026-08-18 16:08:10 INFO LINE | mode=3 | looking_for=25-5 / BID | threshold=10000000 | raw_line=26-2 75/755+ 짜툴
2026-08-18 16:08:10 INFO LINE | mode=3 | looking_for=25-5 / BID | threshold=10000000 | raw_line=국고 23-10 10억 사자관심
2026-08-18 16:08:10 INFO EXCEL_CONNECTED | workbook=sample.xlsm sheet=트레이딩
2026-08-18 16:08:10 INFO LINE | mode=3 | looking_for=25-5 / BID | threshold=10000000 | raw_line=26-3 11+
2026-08-18 16:08:10 INFO LINE | mode=3 | looking_for=25-5 / BID | threshold=10000000 | raw_line=25-10
2026-08-18 16:08:10 INFO LINE | mode=3 | looking_for=25-5 / BID | threshold=10000000 | raw_line=26-3 105 11- 자툴
2026-08-18 16:08:10 INFO LINE | mode=3 | looking_for=25-5 / BID | threshold=10000000 | raw_line=26-3 11 사자  50억
2026-08-18 16:08:10 INFO LINE | mode=3 | looking_for=25-5 / BID | threshold=10000000 | raw_line=26-3 11 115+짜투리 선
2026-08-18 16:08:10 INFO LINE | mode=3 | looking_for=25-5 / BID | threshold=10000000 | raw_line=26-3 105 11-
2026-08-18 16:08:10 INFO LINE | mode=3 | looking_for=25-5 / BID | threshold=10000000 | raw_line=26-6 37 375- 20
2026-08-18 16:08:10 INFO LINE | mode=3 | looking_for=25-5 / BID | threshold=10000000 | raw_line=통당 75+
2026-08-18 16:08:10 INFO LINE | mode=3 | looking_for=25-5 / BID | threshold=10000000 | raw_line=26.9.29(화) 국민카드 CP 50억 3.00 팔자
2026-08-18 16:08:11 INFO EXCEL_CONNECTED | workbook=sample.xlsm sheet=트레이딩
2026-08-18 16:08:11 INFO LINE | mode=3 | looking_for=25-5 / BID | threshold=10000000 | raw_line=삼통 89+
2026-08-18 16:08:11 INFO LINE | mode=3 | looking_for=25-5 / BID | threshold=10000000 | raw_line=삼통 885-
2026-08-18 16:08:11 INFO LINE | mode=3 | looking_for=25-5 / BID | threshold=10000000 | raw_line=통당 74-
2026-08-18 16:08:11 INFO LINE | mode=3 | looking_for=25-5 / BID | threshold=10000000 | raw_line=삼통 89+
2026-08-18 16:08:11 INFO LINE | mode=3 | looking_for=25-5 / BID | threshold=10000000 | raw_line=삼통 885-
2026-08-18 16:08:11 INFO LINE | mode=3 | looking_for=25-5 / BID | threshold=10000000 | raw_line=통당 74-
2026-08-18 16:08:14 INFO EXCEL_CONNECTED | workbook=sample.xlsm sheet=트레이딩
2026-08-18 16:08:14 INFO LINE | mode=3 | looking_for=25-5 / BID | threshold=10000000 | raw_line=26-3 11+ 30억
2026-08-18 16:08:14 INFO LINE | mode=3 | looking_for=25-5 / BID | threshold=10000000 | raw_line=27.3.22(월) 롯데캐피탈458-2(민4.187/끝.67) -6원 4.301 팔자
2026-08-18 16:08:15 INFO EXCEL_CONNECTED | workbook=sample.xlsm sheet=트레이딩
2026-08-18 16:08:15 INFO LINE | mode=3 | looking_for=25-5 / BID | threshold=10000000 | raw_line=26-2 75 755 + 10
2026-08-18 16:08:15 INFO LINE | mode=3 | looking_for=25-5 / BID | threshold=10000000 | raw_line=27.12.10(금) 현대캐피탈2085-2(민4.017, 끝.79, AA+) 팔자
2026-08-18 16:08:15 INFO LINE | mode=3 | looking_for=25-5 / BID | threshold=10000000 | raw_line=선네고
2026-08-18 16:08:15 INFO EXCEL_CONNECTED | workbook=sample.xlsm sheet=트레이딩
2026-08-18 16:08:15 INFO LINE | mode=3 | looking_for=25-5 / BID | threshold=10000000 | raw_line=26-3 11+ 50
2026-08-18 16:08:15 INFO LINE | mode=3 | looking_for=25-5 / BID | threshold=10000000 | raw_line=22-1 -1원 팔자
2026-08-18 16:08:15 INFO LINE | mode=3 | looking_for=25-5 / BID | threshold=10000000 | raw_line=26-3 11+
2026-08-18 16:08:15 INFO LINE | mode=3 | looking_for=25-5 / BID | threshold=10000000 | raw_line=25-10
2026-08-18 16:08:15 INFO LINE | mode=3 | looking_for=25-5 / BID | threshold=10000000 | raw_line=26-3 105 11- 자툴
2026-08-18 16:08:15 INFO LINE | mode=3 | looking_for=25-5 / BID | threshold=10000000 | raw_line=26-3 11 사자  50억
2026-08-18 16:08:15 INFO LINE | mode=3 | looking_for=25-5 / BID | threshold=10000000 | raw_line=26-3 11 115+짜투리 선
2026-08-18 16:08:15 INFO LINE | mode=3 | looking_for=25-5 / BID | threshold=10000000 | raw_line=26.9.13(일) SK(민3.192  .44  AA+ 2.088%) +1.5원 팔자
2026-08-18 16:08:17 INFO EXCEL_CONNECTED | workbook=sample.xlsm sheet=트레이딩
2026-08-18 16:08:17 INFO LINE | mode=3 | looking_for=25-5 / BID | threshold=10000000 | raw_line=26-3 0.75당팔
2026-08-18 16:08:17 INFO LINE | mode=3 | looking_for=25-5 / BID | threshold=10000000 | raw_line=27.7.21.농금채은행(민.3.668,끝.78)팔자 ~ -3원 3.709%
2026-08-18 16:08:17 INFO LINE | mode=3 | looking_for=25-5 / BID | threshold=10000000 | raw_line=27.2.12(금) 한국전력1463 (민3.372 끝.08) -2원 3.416% 팔자
2026-08-18 16:08:17 INFO EXCEL_CONNECTED | workbook=sample.xlsm sheet=트레이딩
2026-08-18 16:08:18 INFO LINE | mode=3 | looking_for=25-5 / BID | threshold=10000000 | raw_line=26-3 11+ 40억까지
2026-08-18 16:08:18 INFO LINE | mode=3 | looking_for=25-5 / BID | threshold=10000000 | raw_line=26-2 75- 40
2026-08-18 16:08:18 INFO LINE | mode=3 | looking_for=25-5 / BID | threshold=10000000 | raw_line=26-5 84 845+ 30
2026-08-18 16:08:18 INFO LINE | mode=3 | looking_for=25-5 / BID | threshold=10000000 | raw_line=27.7.21.농금채은행(민.3.668,끝.78)팔자 ~ -3원 3.709%
2026-08-18 16:08:18 INFO LINE | mode=3 | looking_for=25-5 / BID | threshold=10000000 | raw_line=27.7.10(토) 농금은행 (민3.664 .02) 100억 매도 -3원
2026-08-18 16:08:18 INFO LINE | mode=3 | looking_for=25-5 / BID | threshold=10000000 | raw_line=27.7.18(일) 평택도시공사2025-3(녹) -6원 3.864 팔자  (민3.79  .53)
2026-08-18 16:08:18 INFO LINE | mode=3 | looking_for=25-5 / BID | threshold=10000000 | raw_line=28.2.4(금) 하남도시공사 (민4.043,AA0) 팔자
2026-08-18 16:08:18 INFO LINE | mode=3 | looking_for=25-5 / BID | threshold=10000000 | raw_line=28.10.17(화) 케이비캐피탈581-2(민4.298) 오버2 팔자
2026-08-18 16:08:18 INFO EXCEL_CONNECTED | workbook=sample.xlsm sheet=트레이딩
2026-08-18 16:08:18 INFO LINE | mode=3 | looking_for=25-5 / BID | threshold=10000000 | raw_line=26-5 84- 자툴
2026-08-18 16:08:18 INFO LINE | mode=3 | looking_for=25-5 / BID | threshold=10000000 | raw_line=33.5.31 서울도철26-05 (민4.396) 팔자
2026-08-18 16:08:18 INFO LINE | mode=3 | looking_for=25-5 / BID | threshold=10000000 | raw_line=25-9 655- 10억
2026-08-18 16:08:18 INFO LINE | mode=3 | looking_for=25-5 / BID | threshold=10000000 | raw_line=26-3 105/11- 자툴
2026-08-18 16:08:18 INFO LINE | mode=3 | looking_for=25-5 / BID | threshold=10000000 | raw_line=26-3 11+ 50
2026-08-18 16:08:18 INFO LINE | mode=3 | looking_for=25-5 / BID | threshold=10000000 | raw_line=22-1 -1원 팔자
2026-08-18 16:08:18 INFO LINE | mode=3 | looking_for=25-5 / BID | threshold=10000000 | raw_line=26-3 11+
2026-08-18 16:08:18 INFO LINE | mode=3 | looking_for=25-5 / BID | threshold=10000000 | raw_line=28.10.17(화) 케이비캐581-2(민 4.298%) 오버2 팔자
2026-08-18 16:08:19 INFO EXCEL_CONNECTED | workbook=sample.xlsm sheet=트레이딩
2026-08-18 16:08:19 INFO LINE | mode=3 | looking_for=25-5 / BID | threshold=10000000 | raw_line=27.10.20(수) 산금 (민3.671/끝.67/~FA0) 팔자 -3원 매도 @ 3.703
2026-08-18 16:08:20 INFO EXCEL_CONNECTED | workbook=sample.xlsm sheet=트레이딩
2026-08-18 16:08:20 INFO LINE | mode=3 | looking_for=25-5 / BID | threshold=10000000 | raw_line=27.2.25.하나은행(민.3.295,끝.86)팔자
2026-08-18 16:08:21 INFO EXCEL_CONNECTED | workbook=sample.xlsm sheet=트레이딩
2026-08-18 16:08:21 INFO LINE | mode=3 | looking_for=25-5 / BID | threshold=10000000 | raw_line=30.8.28(수) 국민은행(상)(후) 팔자 (민4.477/끝전.89/AA) 오바5 팔자
2026-08-18 16:08:24 INFO EXCEL_CONNECTED | workbook=sample.xlsm sheet=트레이딩
2026-08-18 16:08:24 INFO LINE | mode=3 | looking_for=25-5 / BID | threshold=10000000 | raw_line=26-3 11- 10
2026-08-18 16:08:24 INFO EXCEL_CONNECTED | workbook=sample.xlsm sheet=트레이딩
2026-08-18 16:08:24 INFO LINE | mode=3 | looking_for=25-5 / BID | threshold=10000000 | raw_line=2026.08.18 / 16:08
2026-08-18 16:08:24 INFO LINE | mode=3 | looking_for=25-5 / BID | threshold=10000000 | raw_line=25-11 매수호가있나요
2026-08-18 16:08:24 INFO LINE | mode=3 | looking_for=25-5 / BID | threshold=10000000 | raw_line=27.12.10(금) 현대캐피탈2085-2(민4.017, 끝.79, AA+) 팔자
2026-08-18 16:08:24 INFO LINE | mode=3 | looking_for=25-5 / BID | threshold=10000000 | raw_line=ㅎㅈ
2026-08-18 16:08:24 INFO LINE | mode=3 | looking_for=25-5 / BID | threshold=10000000 | raw_line=ㅎㅈ
2026-08-18 16:08:25 INFO EXCEL_CONNECTED | workbook=sample.xlsm sheet=트레이딩
2026-08-18 16:08:25 INFO LINE | mode=3 | looking_for=25-5 / BID | threshold=10000000 | raw_line=26-3 105 11- 자툴
2026-08-18 16:08:25 INFO LINE | mode=3 | looking_for=25-5 / BID | threshold=10000000 | raw_line=26-2 75 755+ 10
2026-08-18 16:08:25 INFO LINE | mode=3 | looking_for=25-5 / BID | threshold=10000000 | raw_line=26-5 84- 자툴
2026-08-18 16:08:25 INFO LINE | mode=3 | looking_for=25-5 / BID | threshold=10000000 | raw_line=33.5.31 서울도철26-05 (민4.396) 팔자
2026-08-18 16:08:25 INFO LINE | mode=3 | looking_for=25-5 / BID | threshold=10000000 | raw_line=25-9 655- 10억
2026-08-18 16:08:25 INFO LINE | mode=3 | looking_for=25-5 / BID | threshold=10000000 | raw_line=26-3 105/11- 자툴
2026-08-18 16:08:25 INFO LINE | mode=3 | looking_for=25-5 / BID | threshold=10000000 | raw_line=26-3 11+ 50
2026-08-18 16:08:25 INFO LINE | mode=3 | looking_for=25-5 / BID | threshold=10000000 | raw_line=네
2026-08-18 16:08:25 INFO LINE | mode=3 | looking_for=25-5 / BID | threshold=10000000 | raw_line=네
2026-08-18 16:08:25 INFO LINE | mode=3 | looking_for=25-5 / BID | threshold=10000000 | raw_line=제가매도
2026-08-18 16:08:25 INFO LINE | mode=3 | looking_for=25-5 / BID | threshold=10000000 | raw_line=제가매도
2026-08-18 16:08:25 INFO LINE | mode=3 | looking_for=25-5 / BID | threshold=10000000 | raw_line=11선 사자
2026-08-18 16:08:26 INFO EXCEL_CONNECTED | workbook=sample.xlsm sheet=트레이딩
2026-08-18 16:08:26 INFO LINE | mode=3 | looking_for=25-5 / BID | threshold=10000000 | raw_line=26-3 11+ ㅎㅈ
2026-08-18 16:08:26 INFO LINE | mode=3 | looking_for=25-5 / BID | threshold=10000000 | raw_line=26-3 11+ 50
2026-08-18 16:08:26 INFO LINE | mode=3 | looking_for=25-5 / BID | threshold=10000000 | raw_line=ㅎㅈ
2026-08-18 16:08:26 INFO LINE | mode=3 | looking_for=25-5 / BID | threshold=10000000 | raw_line=ㅎㅈ
2026-08-18 16:08:27 INFO EXCEL_CONNECTED | workbook=sample.xlsm sheet=트레이딩
2026-08-18 16:08:27 INFO LINE | mode=3 | looking_for=25-5 / BID | threshold=10000000 | raw_line=27.10.16 신한채~FA4 (민3.735,끝전.06)팔자
2026-08-18 16:08:29 INFO EXCEL_CONNECTED | workbook=sample.xlsm sheet=트레이딩
2026-08-18 16:08:29 INFO LINE | mode=3 | looking_for=25-5 / BID | threshold=10000000 | raw_line=26-3 11+  100
2026-08-18 16:08:29 INFO LINE | mode=3 | looking_for=25-5 / BID | threshold=10000000 | raw_line=26-3 105 11-
2026-08-18 16:08:29 INFO EXCEL_CONNECTED | workbook=sample.xlsm sheet=트레이딩
2026-08-18 16:08:29 INFO LINE | mode=3 | looking_for=25-5 / BID | threshold=10000000 | raw_line=26-7 74 +
2026-08-18 16:08:29 INFO LINE | mode=3 | looking_for=25-5 / BID | threshold=10000000 | raw_line=26-6 37 375-
2026-08-18 16:08:29 INFO LINE | mode=3 | looking_for=25-5 / BID | threshold=10000000 | raw_line=25-9 655+ 10
2026-08-18 16:08:29 INFO LINE | mode=3 | looking_for=25-5 / BID | threshold=10000000 | raw_line=26-5 84 845+ 60
2026-08-18 16:08:29 INFO LINE | mode=3 | looking_for=25-5 / BID | threshold=10000000 | raw_line=26-3 105 11- 자툴
2026-08-18 16:08:29 INFO LINE | mode=3 | looking_for=25-5 / BID | threshold=10000000 | raw_line=26-2 75 755+ 10
2026-08-18 16:08:29 INFO LINE | mode=3 | looking_for=25-5 / BID | threshold=10000000 | raw_line=26-5 84- 자툴
2026-08-18 16:08:31 INFO EXCEL_CONNECTED | workbook=sample.xlsm sheet=트레이딩
2026-08-18 16:08:31 INFO LINE | mode=3 | looking_for=25-5 / BID | threshold=10000000 | raw_line=26-3 11+ 50
2026-08-18 16:08:31 INFO LINE | mode=3 | looking_for=25-5 / BID | threshold=10000000 | raw_line=26-5 84-
2026-08-18 16:08:31 INFO EXCEL_CONNECTED | workbook=sample.xlsm sheet=트레이딩
2026-08-18 16:08:31 INFO LINE | mode=3 | looking_for=25-5 / BID | threshold=10000000 | raw_line=26-2 75/755+ 짜툴
2026-08-18 16:08:31 INFO LINE | mode=3 | looking_for=25-5 / BID | threshold=10000000 | raw_line=국고 23-10 10억 사자관심
2026-08-18 16:08:31 INFO LINE | mode=3 | looking_for=25-5 / BID | threshold=10000000 | raw_line=26-7 74 +
2026-08-18 16:08:31 INFO LINE | mode=3 | looking_for=25-5 / BID | threshold=10000000 | raw_line=26-6 37 375-
2026-08-18 16:08:31 INFO LINE | mode=3 | looking_for=25-5 / BID | threshold=10000000 | raw_line=25-9 655+ 10
2026-08-18 16:08:31 INFO LINE | mode=3 | looking_for=25-5 / BID | threshold=10000000 | raw_line=26-5 84 845+ 60
2026-08-18 16:08:31 INFO LINE | mode=3 | looking_for=25-5 / BID | threshold=10000000 | raw_line=26-3 105 11- 자툴
2026-08-18 16:08:32 INFO EXCEL_CONNECTED | workbook=sample.xlsm sheet=트레이딩
2026-08-18 16:08:32 INFO LINE | mode=3 | looking_for=25-5 / BID | threshold=10000000 | raw_line=25-10  755+
2026-08-18 16:08:32 INFO LINE | mode=3 | looking_for=25-5 / BID | threshold=10000000 | raw_line=26-3 11 사자  50억
2026-08-18 16:08:32 INFO LINE | mode=3 | looking_for=25-5 / BID | threshold=10000000 | raw_line=제가매도
2026-08-18 16:08:33 INFO EXCEL_CONNECTED | workbook=sample.xlsm sheet=트레이딩
2026-08-18 16:08:33 INFO LINE | mode=3 | looking_for=25-5 / BID | threshold=10000000 | raw_line=26-2 75 755 + 10
2026-08-18 16:08:33 INFO LINE | mode=3 | looking_for=25-5 / BID | threshold=10000000 | raw_line=26-5 84- 10억
2026-08-18 16:08:33 INFO LINE | mode=3 | looking_for=25-5 / BID | threshold=10000000 | raw_line=삼통 89+ 동통
2026-08-18 16:08:33 INFO EXCEL_CONNECTED | workbook=sample.xlsm sheet=트레이딩
2026-08-18 16:08:33 INFO LINE | mode=3 | looking_for=25-5 / BID | threshold=10000000 | raw_line=25-9 65- 10억
2026-08-18 16:08:33 INFO LINE | mode=3 | looking_for=25-5 / BID | threshold=10000000 | raw_line=25-5 335- 10억
2026-08-18 16:08:33 INFO LINE | mode=3 | looking_for=25-5 / BID | threshold=10000000 | raw_line=삼통 885-
2026-08-18 16:08:33 INFO LINE | mode=3 | looking_for=25-5 / BID | threshold=10000000 | raw_line=삼통 885-
2026-08-18 16:08:33 INFO LINE | mode=3 | looking_for=25-5 / BID | threshold=10000000 | raw_line=삼통 89+
2026-08-18 16:08:33 INFO LINE | mode=3 | looking_for=25-5 / BID | threshold=10000000 | raw_line=삼통 885-
2026-08-18 16:08:33 INFO LINE | mode=3 | looking_for=25-5 / BID | threshold=10000000 | raw_line=통당 74-
2026-08-18 16:08:33 INFO LINE | mode=3 | looking_for=25-5 / BID | threshold=10000000 | raw_line=삼통 89+
2026-08-18 16:08:34 INFO EXCEL_CONNECTED | workbook=sample.xlsm sheet=트레이딩
2026-08-18 16:08:34 INFO LINE | mode=3 | looking_for=25-5 / BID | threshold=10000000 | raw_line=26-3 11+ 40억까지
2026-08-18 16:08:34 INFO LINE | mode=3 | looking_for=25-5 / BID | threshold=10000000 | raw_line=26-2 75- 40
2026-08-18 16:08:34 INFO LINE | mode=3 | looking_for=25-5 / BID | threshold=10000000 | raw_line=26-5 84 845+ 30
2026-08-18 16:08:34 INFO LINE | mode=3 | looking_for=25-5 / BID | threshold=10000000 | raw_line=26-3 0.75당팔
2026-08-18 16:08:34 INFO LINE | mode=3 | looking_for=25-5 / BID | threshold=10000000 | raw_line=26-2 75 755 + 10
2026-08-18 16:08:34 INFO LINE | mode=3 | looking_for=25-5 / BID | threshold=10000000 | raw_line=26-3 11+ 30억
2026-08-18 16:08:34 INFO LINE | mode=3 | looking_for=25-5 / BID | threshold=10000000 | raw_line=26-2 75/755+ 짜툴
2026-08-18 16:08:37 INFO EXCEL_CONNECTED | workbook=sample.xlsm sheet=트레이딩
2026-08-18 16:08:37 INFO LINE | mode=3 | looking_for=25-5 / BID | threshold=10000000 | raw_line=26-5 84 845+ 30
2026-08-18 16:08:37 INFO LINE | mode=3 | looking_for=25-5 / BID | threshold=10000000 | raw_line=26-3 105/11- 자툴
2026-08-18 16:08:37 INFO EXCEL_CONNECTED | workbook=sample.xlsm sheet=트레이딩
2026-08-18 16:08:37 INFO LINE | mode=3 | looking_for=25-5 / BID | threshold=10000000 | raw_line=26-2 75- 10
2026-08-18 16:08:38 INFO EXCEL_CONNECTED | workbook=sample.xlsm sheet=트레이딩
2026-08-18 16:08:38 INFO LINE | mode=3 | looking_for=25-5 / BID | threshold=10000000 | raw_line=26-3 11+ 50
2026-08-18 16:08:38 INFO LINE | mode=3 | looking_for=25-5 / BID | threshold=10000000 | raw_line=25-11 매수호가있나요
2026-08-18 16:08:38 INFO LINE | mode=3 | looking_for=25-5 / BID | threshold=10000000 | raw_line=26-3 11- 10
2026-08-18 16:08:38 INFO LINE | mode=3 | looking_for=25-5 / BID | threshold=10000000 | raw_line=26-3 11+ 40억까지
2026-08-18 16:08:38 INFO LINE | mode=3 | looking_for=25-5 / BID | threshold=10000000 | raw_line=26-2 75- 40
2026-08-18 16:08:38 INFO LINE | mode=3 | looking_for=25-5 / BID | threshold=10000000 | raw_line=26-5 84 845+ 30
2026-08-18 16:08:38 INFO LINE | mode=3 | looking_for=25-5 / BID | threshold=10000000 | raw_line=26-3 0.75당팔
2026-08-18 16:08:39 INFO EXCEL_CONNECTED | workbook=sample.xlsm sheet=트레이딩
2026-08-18 16:08:39 INFO LINE | mode=3 | looking_for=25-5 / BID | threshold=10000000 | raw_line=21-5 145-
2026-08-18 16:08:39 INFO LINE | mode=3 | looking_for=25-5 / BID | threshold=10000000 | raw_line=26-6  37 375- 자투리 가능
2026-08-18 16:08:39 INFO LINE | mode=3 | looking_for=25-5 / BID | threshold=10000000 | raw_line=26-3 11사자
2026-08-18 16:08:40 INFO EXCEL_CONNECTED | workbook=sample.xlsm sheet=트레이딩
2026-08-18 16:08:40 INFO LINE | mode=3 | looking_for=25-5 / BID | threshold=10000000 | raw_line=26-5 84- 40
2026-08-18 16:08:40 INFO LINE | mode=3 | looking_for=25-5 / BID | threshold=10000000 | raw_line=26-3 11+ 50
2026-08-18 16:08:40 INFO LINE | mode=3 | looking_for=25-5 / BID | threshold=10000000 | raw_line=삼통 885-
2026-08-18 16:08:40 INFO EXCEL_CONNECTED | workbook=sample.xlsm sheet=트레이딩
2026-08-18 16:08:40 INFO LINE | mode=3 | looking_for=25-5 / BID | threshold=10000000 | raw_line=26-3 105 11-
2026-08-18 16:08:40 INFO LINE | mode=3 | looking_for=25-5 / BID | threshold=10000000 | raw_line=삼통 885-
2026-08-18 16:08:40 INFO LINE | mode=3 | looking_for=25-5 / BID | threshold=10000000 | raw_line=삼통 885-
2026-08-18 16:08:40 INFO LINE | mode=3 | looking_for=25-5 / BID | threshold=10000000 | raw_line=삼통 89+
2026-08-18 16:08:40 INFO LINE | mode=3 | looking_for=25-5 / BID | threshold=10000000 | raw_line=삼통 885-
2026-08-18 16:08:40 INFO LINE | mode=3 | looking_for=25-5 / BID | threshold=10000000 | raw_line=통당 74-
2026-08-18 16:08:40 INFO LINE | mode=3 | looking_for=25-5 / BID | threshold=10000000 | raw_line=삼통 89+
2026-08-18 16:08:41 INFO EXCEL_CONNECTED | workbook=sample.xlsm sheet=트레이딩
2026-08-18 16:08:41 INFO LINE | mode=3 | looking_for=25-5 / BID | threshold=10000000 | raw_line=26-3 11 사자  50억
2026-08-18 16:08:41 INFO LINE | mode=3 | looking_for=25-5 / BID | threshold=10000000 | raw_line=26-3 11+ 50
2026-08-18 16:08:41 INFO LINE | mode=3 | looking_for=25-5 / BID | threshold=10000000 | raw_line=26-5 84-
2026-08-18 16:08:41 INFO LINE | mode=3 | looking_for=25-5 / BID | threshold=10000000 | raw_line=26-3 11+  100
2026-08-18 16:08:41 INFO LINE | mode=3 | looking_for=25-5 / BID | threshold=10000000 | raw_line=26-3 105 11-
2026-08-18 16:08:41 INFO LINE | mode=3 | looking_for=25-5 / BID | threshold=10000000 | raw_line=26-3 11+ ㅎㅈ
2026-08-18 16:08:41 INFO LINE | mode=3 | looking_for=25-5 / BID | threshold=10000000 | raw_line=26-3 11+ 50
2026-08-18 16:08:42 INFO EXCEL_CONNECTED | workbook=sample.xlsm sheet=트레이딩
2026-08-18 16:08:42 INFO LINE | mode=3 | looking_for=25-5 / BID | threshold=10000000 | raw_line=26-6 37 375- 20
2026-08-18 16:08:43 INFO EXCEL_CONNECTED | workbook=sample.xlsm sheet=트레이딩
2026-08-18 16:08:43 INFO LINE | mode=3 | looking_for=25-5 / BID | threshold=10000000 | raw_line=26-3 11+ 10
2026-08-18 16:08:43 INFO LINE | mode=3 | looking_for=25-5 / BID | threshold=10000000 | raw_line=26-3 11사자
2026-08-18 16:08:43 INFO EXCEL_CONNECTED | workbook=sample.xlsm sheet=트레이딩
2026-08-18 16:08:43 INFO LINE | mode=3 | looking_for=25-5 / BID | threshold=10000000 | raw_line=26-2 75 755 + 10
2026-08-18 16:08:43 INFO LINE | mode=3 | looking_for=25-5 / BID | threshold=10000000 | raw_line=26-5 84- 10억
2026-08-18 16:08:43 INFO LINE | mode=3 | looking_for=25-5 / BID | threshold=10000000 | raw_line=25-10  755+
2026-08-18 16:08:43 INFO LINE | mode=3 | looking_for=25-5 / BID | threshold=10000000 | raw_line=26-3 11 사자  50억
2026-08-18 16:08:43 INFO LINE | mode=3 | looking_for=25-5 / BID | threshold=10000000 | raw_line=26-3 11+ 50
2026-08-18 16:08:43 INFO LINE | mode=3 | looking_for=25-5 / BID | threshold=10000000 | raw_line=26-5 84-
2026-08-18 16:08:43 INFO LINE | mode=3 | looking_for=25-5 / BID | threshold=10000000 | raw_line=26-3 11+  100
2026-08-18 16:08:44 INFO EXCEL_CONNECTED | workbook=sample.xlsm sheet=트레이딩
2026-08-18 16:08:44 INFO LINE | mode=3 | looking_for=25-5 / BID | threshold=10000000 | raw_line=26-3 11 사자  50억
2026-08-18 16:08:48 INFO EXCEL_CONNECTED | workbook=sample.xlsm sheet=트레이딩
2026-08-18 16:08:48 INFO LINE | mode=3 | looking_for=25-5 / BID | threshold=10000000 | raw_line=26-6 매수 있으실까요
2026-08-18 16:08:48 INFO LINE | mode=3 | looking_for=25-5 / BID | threshold=10000000 | raw_line=26-1 67+ 10
2026-08-18 16:08:53 INFO EXCEL_CONNECTED | workbook=sample.xlsm sheet=트레이딩
2026-08-18 16:08:53 INFO LINE | mode=3 | looking_for=25-5 / BID | threshold=10000000 | raw_line=26-6 37 375-
2026-08-18 16:08:54 INFO EXCEL_CONNECTED | workbook=sample.xlsm sheet=트레이딩
2026-08-18 16:08:54 INFO LINE | mode=3 | looking_for=25-5 / BID | threshold=10000000 | raw_line=22-1 -1원 팔자
2026-08-18 16:08:54 INFO LINE | mode=3 | looking_for=25-5 / BID | threshold=10000000 | raw_line=27.7.21.농금채은행(민.3.668,끝.78)팔자 ~ -3원 3.709%
2026-08-18 16:08:57 INFO EXCEL_CONNECTED | workbook=sample.xlsm sheet=트레이딩
2026-08-18 16:08:57 INFO LINE | mode=3 | looking_for=25-5 / BID | threshold=10000000 | raw_line=25-6 -2.5원 사자 100
2026-08-18 16:08:57 INFO LINE | mode=3 | looking_for=25-5 / BID | threshold=10000000 | raw_line=통당 75+
2026-08-18 16:08:58 INFO EXCEL_CONNECTED | workbook=sample.xlsm sheet=트레이딩
2026-08-18 16:08:58 INFO LINE | mode=3 | looking_for=25-5 / BID | threshold=10000000 | raw_line=26-3 105 11- 자툴
2026-08-18 16:08:58 INFO EXCEL_CONNECTED | workbook=sample.xlsm sheet=트레이딩
2026-08-18 16:08:58 INFO LINE | mode=3 | looking_for=25-5 / BID | threshold=10000000 | raw_line=26-3 11사자
2026-08-18 16:08:58 INFO LINE | mode=3 | looking_for=25-5 / BID | threshold=10000000 | raw_line=국고 23-10 10억 사자관심
2026-08-18 16:08:59 INFO EXCEL_CONNECTED | workbook=sample.xlsm sheet=트레이딩
2026-08-18 16:08:59 INFO LINE | mode=3 | looking_for=25-5 / BID | threshold=10000000 | raw_line=26-3 11+ 50
2026-08-18 16:08:59 INFO LINE | mode=3 | looking_for=25-5 / BID | threshold=10000000 | raw_line=21-5 145-
2026-08-18 16:08:59 INFO LINE | mode=3 | looking_for=25-5 / BID | threshold=10000000 | raw_line=26-6  37 375- 자투리 가능
2026-08-18 16:08:59 INFO LINE | mode=3 | looking_for=25-5 / BID | threshold=10000000 | raw_line=26-3 11사자
2026-08-18 16:08:59 INFO LINE | mode=3 | looking_for=25-5 / BID | threshold=10000000 | raw_line=26-2 75- 10
2026-08-18 16:08:59 INFO LINE | mode=3 | looking_for=25-5 / BID | threshold=10000000 | raw_line=26-5 84 845+ 30
2026-08-18 16:08:59 INFO LINE | mode=3 | looking_for=25-5 / BID | threshold=10000000 | raw_line=26-3 105/11- 자툴
2026-08-18 16:09:00 INFO EXCEL_CONNECTED | workbook=sample.xlsm sheet=트레이딩
2026-08-18 16:09:00 INFO LINE | mode=3 | looking_for=25-5 / BID | threshold=10000000 | raw_line=26-6  375 팔자  10
2026-08-18 16:09:01 INFO EXCEL_CONNECTED | workbook=sample.xlsm sheet=트레이딩
2026-08-18 16:09:01 INFO LINE | mode=3 | looking_for=25-5 / BID | threshold=10000000 | raw_line=국당 31-
2026-08-18 16:09:01 INFO LINE | mode=3 | looking_for=25-5 / BID | threshold=10000000 | raw_line=26-3 11+ 40억까지
2026-08-18 16:09:01 INFO EXCEL_CONNECTED | workbook=sample.xlsm sheet=트레이딩
2026-08-18 16:09:01 INFO LINE | mode=3 | looking_for=25-5 / BID | threshold=10000000 | raw_line=26-3 11사자
2026-08-18 16:09:01 INFO LINE | mode=3 | looking_for=25-5 / BID | threshold=10000000 | raw_line=26-6 37 375- 20
2026-08-18 16:09:01 INFO LINE | mode=3 | looking_for=25-5 / BID | threshold=10000000 | raw_line=26-3 105 11-
2026-08-18 16:09:01 INFO LINE | mode=3 | looking_for=25-5 / BID | threshold=10000000 | raw_line=26-5 84- 40
2026-08-18 16:09:01 INFO LINE | mode=3 | looking_for=25-5 / BID | threshold=10000000 | raw_line=26-3 11+ 50
2026-08-18 16:09:01 INFO LINE | mode=3 | looking_for=25-5 / BID | threshold=10000000 | raw_line=21-5 145-
2026-08-18 16:09:01 INFO LINE | mode=3 | looking_for=25-5 / BID | threshold=10000000 | raw_line=26-6  37 375- 자투리 가능
2026-08-18 16:09:02 INFO EXCEL_CONNECTED | workbook=sample.xlsm sheet=트레이딩
2026-08-18 16:09:02 INFO LINE | mode=3 | looking_for=25-5 / BID | threshold=10000000 | raw_line=25-10  755+
2026-08-18 16:09:03 INFO EXCEL_CONNECTED | workbook=sample.xlsm sheet=트레이딩
2026-08-18 16:09:04 INFO LINE | mode=3 | looking_for=25-5 / BID | threshold=10000000 | raw_line=26-6 375- 20
2026-08-18 16:09:04 INFO LINE | mode=3 | looking_for=25-5 / BID | threshold=10000000 | raw_line=27.7.18 평택도시공사 (민3.79  .53) -6원 팔자 27.11.27 농어촌공사 (민3.773  .94) -8원 팔자
2026-08-18 16:09:04 INFO LINE | mode=3 | looking_for=25-5 / BID | threshold=10000000 | raw_line=27.10.16 신한채 (민3.735,끝.06,~FA4) 팔자
2026-08-18 16:09:04 INFO EXCEL_CONNECTED | workbook=sample.xlsm sheet=트레이딩
2026-08-18 16:09:04 INFO LINE | mode=3 | looking_for=25-5 / BID | threshold=10000000 | raw_line=26-3 11+ 10
2026-08-18 16:09:04 INFO LINE | mode=3 | looking_for=25-5 / BID | threshold=10000000 | raw_line=26-3 11사자
2026-08-18 16:09:04 INFO LINE | mode=3 | looking_for=25-5 / BID | threshold=10000000 | raw_line=26-6 37 375- 20
2026-08-18 16:09:04 INFO LINE | mode=3 | looking_for=25-5 / BID | threshold=10000000 | raw_line=26-3 105 11-
2026-08-18 16:09:04 INFO LINE | mode=3 | looking_for=25-5 / BID | threshold=10000000 | raw_line=26-5 84- 40
2026-08-18 16:09:04 INFO LINE | mode=3 | looking_for=25-5 / BID | threshold=10000000 | raw_line=26-3 11+ 50
2026-08-18 16:09:04 INFO LINE | mode=3 | looking_for=25-5 / BID | threshold=10000000 | raw_line=21-5 145-
2026-08-18 16:09:04 INFO LINE | mode=3 | looking_for=25-5 / BID | threshold=10000000 | raw_line=28.12.8 수자원공사292 (금, 민3.969, 끝.90) 오버4팔자
2026-08-18 16:09:04 INFO LINE | mode=3 | looking_for=25-5 / BID | threshold=10000000 | raw_line=27.7.18(일) 평택도시공사2025-3(녹) -6원 3.864 팔자  (민3.79  .53)
2026-08-18 16:09:04 INFO LINE | mode=3 | looking_for=25-5 / BID | threshold=10000000 | raw_line=30.8.28(수) 국민은행(상/후)(민 4.477, 끝전.89 ,AA0) 팔자..오버5팔자 동통
2026-08-18 16:09:05 INFO EXCEL_CONNECTED | workbook=sample.xlsm sheet=트레이딩
2026-08-18 16:09:05 INFO LINE | mode=3 | looking_for=25-5 / BID | threshold=10000000 | raw_line=26-3 105 11- 100 (자툴 가능)
2026-08-18 16:09:05 INFO LINE | mode=3 | looking_for=25-5 / BID | threshold=10000000 | raw_line=27.12.7 케이비캐(사) (민 4.061 끝전7) 팔자 오바3 동
2026-08-18 16:09:06 INFO EXCEL_CONNECTED | workbook=sample.xlsm sheet=트레이딩
2026-08-18 16:09:06 INFO LINE | mode=3 | looking_for=25-5 / BID | threshold=10000000 | raw_line=11/24 신한증권CP 50억*2장 3.22팔자
2026-08-18 16:09:06 INFO EXCEL_CONNECTED | workbook=sample.xlsm sheet=트레이딩
2026-08-18 16:09:06 INFO LINE | mode=3 | looking_for=25-5 / BID | threshold=10000000 | raw_line=11/24 신한증권CP 50억*2장 3.22팔자	/// 30 사자
2026-08-18 16:09:06 INFO LINE | mode=3 | looking_for=25-5 / BID | threshold=10000000 | raw_line=10.28 키움증권CP 50억 3.18/19 팔자
2026-08-18 16:09:09 INFO EXCEL_CONNECTED | workbook=sample.xlsm sheet=트레이딩
2026-08-18 16:09:09 INFO LINE | mode=3 | looking_for=25-5 / BID | threshold=10000000 | raw_line=25-9 66+ 30억
2026-08-18 16:09:10 INFO EXCEL_CONNECTED | workbook=sample.xlsm sheet=트레이딩
2026-08-18 16:09:10 INFO LINE | mode=3 | looking_for=25-5 / BID | threshold=10000000 | raw_line=26-3 11+ 50
2026-08-18 16:09:10 INFO EXCEL_CONNECTED | workbook=sample.xlsm sheet=트레이딩
2026-08-18 16:09:10 INFO LINE | mode=3 | looking_for=25-5 / BID | threshold=10000000 | raw_line=26-6 매수 있으실까요
2026-08-18 16:09:10 INFO LINE | mode=3 | looking_for=25-5 / BID | threshold=10000000 | raw_line=26-1 67+ 10
2026-08-18 16:09:10 INFO LINE | mode=3 | looking_for=25-5 / BID | threshold=10000000 | raw_line=26-3 11 사자  50억
2026-08-18 16:09:10 INFO LINE | mode=3 | looking_for=25-5 / BID | threshold=10000000 | raw_line=26-3 11+ 10
2026-08-18 16:09:10 INFO LINE | mode=3 | looking_for=25-5 / BID | threshold=10000000 | raw_line=26-3 11사자
2026-08-18 16:09:10 INFO LINE | mode=3 | looking_for=25-5 / BID | threshold=10000000 | raw_line=26-6 37 375- 20
2026-08-18 16:09:10 INFO LINE | mode=3 | looking_for=25-5 / BID | threshold=10000000 | raw_line=26-3 105 11-
2026-08-18 16:09:10 INFO LINE | mode=3 | looking_for=25-5 / BID | threshold=10000000 | raw_line=30.8.28(수) 국민은행(상)(후) 팔자 (민4.477/끝전.89/AA) 오바5 팔자
2026-08-18 16:09:11 INFO EXCEL_CONNECTED | workbook=sample.xlsm sheet=트레이딩
2026-08-18 16:09:11 INFO LINE | mode=3 | looking_for=25-5 / BID | threshold=10000000 | raw_line=28.10.17(화) 케이비캐581-2(민 4.298%) 오버2 팔자
2026-08-18 16:09:12 INFO EXCEL_CONNECTED | workbook=sample.xlsm sheet=트레이딩
2026-08-18 16:09:12 INFO LINE | mode=3 | looking_for=25-5 / BID | threshold=10000000 | raw_line=26-2 75 755+ 10
2026-08-18 16:09:12 INFO LINE | mode=3 | looking_for=25-5 / BID | threshold=10000000 | raw_line=21-7 / 24-9 사자관심
2026-08-18 16:09:12 INFO EXCEL_CONNECTED | workbook=sample.xlsm sheet=트레이딩
2026-08-18 16:09:12 INFO LINE | mode=3 | looking_for=25-5 / BID | threshold=10000000 | raw_line=22-1 -1원 팔자
2026-08-18 16:09:12 INFO LINE | mode=3 | looking_for=25-5 / BID | threshold=10000000 | raw_line=26-6 37 375-
2026-08-18 16:09:12 INFO LINE | mode=3 | looking_for=25-5 / BID | threshold=10000000 | raw_line=26-6 매수 있으실까요
2026-08-18 16:09:12 INFO LINE | mode=3 | looking_for=25-5 / BID | threshold=10000000 | raw_line=26-1 67+ 10
2026-08-18 16:09:12 INFO LINE | mode=3 | looking_for=25-5 / BID | threshold=10000000 | raw_line=26-3 11 사자  50억
2026-08-18 16:09:12 INFO LINE | mode=3 | looking_for=25-5 / BID | threshold=10000000 | raw_line=26-3 11+ 10
2026-08-18 16:09:12 INFO LINE | mode=3 | looking_for=25-5 / BID | threshold=10000000 | raw_line=26-3 11사자
2026-08-18 16:09:15 INFO EXCEL_CONNECTED | workbook=sample.xlsm sheet=트레이딩
2026-08-18 16:09:15 INFO LINE | mode=3 | looking_for=25-5 / BID | threshold=10000000 | raw_line=26-2 75 755+ 자투리
2026-08-18 16:09:16 INFO EXCEL_CONNECTED | workbook=sample.xlsm sheet=트레이딩
2026-08-18 16:09:16 INFO LINE | mode=3 | looking_for=25-5 / BID | threshold=10000000 | raw_line=27.2.25.하나은행(민.3.295,끝.86)팔자
2026-08-18 16:09:16 INFO EXCEL_CONNECTED | workbook=sample.xlsm sheet=트레이딩
2026-08-18 16:09:16 INFO LINE | mode=3 | looking_for=25-5 / BID | threshold=10000000 | raw_line=26-2 75- 40
2026-08-18 16:09:16 INFO LINE | mode=3 | looking_for=25-5 / BID | threshold=10000000 | raw_line=27.2.25.하나은행(민.3.295,끝.86)팔자.3
2026-08-18 16:09:17 INFO EXCEL_CONNECTED | workbook=sample.xlsm sheet=트레이딩
2026-08-18 16:09:17 INFO LINE | mode=3 | looking_for=25-5 / BID | threshold=10000000 | raw_line=26-3 105 11- 자툴
2026-08-18 16:09:17 INFO LINE | mode=3 | looking_for=25-5 / BID | threshold=10000000 | raw_line=25-6 -2.5원 사자 100
2026-08-18 16:09:17 INFO LINE | mode=3 | looking_for=25-5 / BID | threshold=10000000 | raw_line=22-1 -1원 팔자
2026-08-18 16:09:17 INFO LINE | mode=3 | looking_for=25-5 / BID | threshold=10000000 | raw_line=26-6 37 375-
2026-08-18 16:09:17 INFO LINE | mode=3 | looking_for=25-5 / BID | threshold=10000000 | raw_line=26-6 매수 있으실까요
2026-08-18 16:09:17 INFO LINE | mode=3 | looking_for=25-5 / BID | threshold=10000000 | raw_line=26-1 67+ 10
2026-08-18 16:09:17 INFO LINE | mode=3 | looking_for=25-5 / BID | threshold=10000000 | raw_line=26-3 11 사자  50억
2026-08-18 16:09:18 INFO EXCEL_CONNECTED | workbook=sample.xlsm sheet=트레이딩
2026-08-18 16:09:18 INFO LINE | mode=3 | looking_for=25-5 / BID | threshold=10000000 | raw_line=26-6 375- 20
2026-08-18 16:09:18 INFO LINE | mode=3 | looking_for=25-5 / BID | threshold=10000000 | raw_line=26-2 75 755+ 10
2026-08-18 16:09:18 INFO LINE | mode=3 | looking_for=25-5 / BID | threshold=10000000 | raw_line=25-11 36-
2026-08-18 16:09:19 INFO EXCEL_CONNECTED | workbook=sample.xlsm sheet=트레이딩
2026-08-18 16:09:19 INFO LINE | mode=3 | looking_for=25-5 / BID | threshold=10000000 | raw_line=26-3 11사자
2026-08-18 16:09:19 INFO LINE | mode=3 | looking_for=25-5 / BID | threshold=10000000 | raw_line=26-6 375-
2026-08-18 16:09:19 INFO EXCEL_CONNECTED | workbook=sample.xlsm sheet=트레이딩
2026-08-18 16:09:19 INFO LINE | mode=3 | looking_for=25-5 / BID | threshold=10000000 | raw_line=국당 31-
2026-08-18 16:09:19 INFO LINE | mode=3 | looking_for=25-5 / BID | threshold=10000000 | raw_line=26-3 11+ 40억까지
2026-08-18 16:09:19 INFO LINE | mode=3 | looking_for=25-5 / BID | threshold=10000000 | raw_line=26-6  375 팔자  10
2026-08-18 16:09:19 INFO LINE | mode=3 | looking_for=25-5 / BID | threshold=10000000 | raw_line=26-3 11사자
2026-08-18 16:09:19 INFO LINE | mode=3 | looking_for=25-5 / BID | threshold=10000000 | raw_line=국고 23-10 10억 사자관심
2026-08-18 16:09:19 INFO LINE | mode=3 | looking_for=25-5 / BID | threshold=10000000 | raw_line=26-3 105 11- 자툴
2026-08-18 16:09:19 INFO LINE | mode=3 | looking_for=25-5 / BID | threshold=10000000 | raw_line=25-6 -2.5원 사자 100
2026-08-18 16:09:21 INFO EXCEL_CONNECTED | workbook=sample.xlsm sheet=트레이딩
2026-08-18 16:09:21 INFO LINE | mode=3 | looking_for=25-5 / BID | threshold=10000000 | raw_line=26-3 105/11- 자툴
2026-08-18 16:09:21 INFO EXCEL_CONNECTED | workbook=sample.xlsm sheet=트레이딩
2026-08-18 16:09:21 INFO LINE | mode=3 | looking_for=25-5 / BID | threshold=10000000 | raw_line=25-10  755+
2026-08-18 16:09:21 INFO LINE | mode=3 | looking_for=25-5 / BID | threshold=10000000 | raw_line=국당 31-
2026-08-18 16:09:21 INFO LINE | mode=3 | looking_for=25-5 / BID | threshold=10000000 | raw_line=26-3 11+ 40억까지
2026-08-18 16:09:21 INFO LINE | mode=3 | looking_for=25-5 / BID | threshold=10000000 | raw_line=26-6  375 팔자  10
2026-08-18 16:09:21 INFO LINE | mode=3 | looking_for=25-5 / BID | threshold=10000000 | raw_line=26-3 11사자
2026-08-18 16:09:21 INFO LINE | mode=3 | looking_for=25-5 / BID | threshold=10000000 | raw_line=국고 23-10 10억 사자관심
2026-08-18 16:09:21 INFO LINE | mode=3 | looking_for=25-5 / BID | threshold=10000000 | raw_line=26-3 105 11- 자툴
2026-08-18 16:09:22 INFO EXCEL_CONNECTED | workbook=sample.xlsm sheet=트레이딩
2026-08-18 16:09:22 INFO LINE | mode=3 | looking_for=25-5 / BID | threshold=10000000 | raw_line=28.8.6 수출입채 [민3.833%/끝88/AAA] 팔자
2026-08-18 16:09:22 INFO LINE | mode=3 | looking_for=25-5 / BID | threshold=10000000 | raw_line=30.8.28(수) 국민은행(상/후)(민 4.477, 끝전.89 ,AA0) 팔자..오버5팔자 동통
2026-08-18 16:09:23 INFO EXCEL_CONNECTED | workbook=sample.xlsm sheet=트레이딩
2026-08-18 16:09:23 INFO LINE | mode=3 | looking_for=25-5 / BID | threshold=10000000 | raw_line=26-3 105 11-
2026-08-18 16:09:23 INFO LINE | mode=3 | looking_for=25-5 / BID | threshold=10000000 | raw_line=26-2 75 755 + 10
2026-08-18 16:09:23 INFO LINE | mode=3 | looking_for=25-5 / BID | threshold=10000000 | raw_line=25-11 365-
2026-08-18 16:09:23 INFO EXCEL_CONNECTED | workbook=sample.xlsm sheet=트레이딩
2026-08-18 16:09:24 INFO LINE | mode=3 | looking_for=25-5 / BID | threshold=10000000 | raw_line=25-9 66+ 30억
2026-08-18 16:09:24 INFO LINE | mode=3 | looking_for=25-5 / BID | threshold=10000000 | raw_line=26-3 105 11- 100 (자툴 가능)
2026-08-18 16:09:24 INFO LINE | mode=3 | looking_for=25-5 / BID | threshold=10000000 | raw_line=26-6 375- 20
2026-08-18 16:09:24 INFO LINE | mode=3 | looking_for=25-5 / BID | threshold=10000000 | raw_line=25-10  755+
2026-08-18 16:09:24 INFO LINE | mode=3 | looking_for=25-5 / BID | threshold=10000000 | raw_line=국당 31-
2026-08-18 16:09:24 INFO LINE | mode=3 | looking_for=25-5 / BID | threshold=10000000 | raw_line=26-3 11+ 40억까지
2026-08-18 16:09:24 INFO LINE | mode=3 | looking_for=25-5 / BID | threshold=10000000 | raw_line=26-6  375 팔자  10
2026-08-18 16:09:24 INFO EXCEL_CONNECTED | workbook=sample.xlsm sheet=트레이딩
2026-08-18 16:09:24 INFO LINE | mode=3 | looking_for=25-5 / BID | threshold=10000000 | raw_line=2026.08.18 / 16:09
2026-08-18 16:09:26 INFO EXCEL_CONNECTED | workbook=sample.xlsm sheet=트레이딩
2026-08-18 16:09:27 INFO LINE | mode=3 | looking_for=25-5 / BID | threshold=10000000 | raw_line=28.6.23 중금채 [민3.836%/끝95/AAA] 팔자
2026-08-18 16:09:27 INFO EXCEL_CONNECTED | workbook=sample.xlsm sheet=트레이딩
2026-08-18 16:09:27 INFO LINE | mode=3 | looking_for=25-5 / BID | threshold=10000000 | raw_line=27.1.25(월)중금(민3.233%/끝.54원)-3원팔자 3.316% 동통
2026-08-18 16:09:27 INFO LINE | mode=3 | looking_for=25-5 / BID | threshold=10000000 | raw_line=27.1.25(월) 중금(민 3.233, .54) -3원 팔자~3.316%동
2026-08-18 16:09:29 INFO EXCEL_CONNECTED | workbook=sample.xlsm sheet=트레이딩
2026-08-18 16:09:29 INFO LINE | mode=3 | looking_for=25-5 / BID | threshold=10000000 | raw_line=25-10  755+
2026-08-18 16:09:29 INFO EXCEL_CONNECTED | workbook=sample.xlsm sheet=트레이딩
2026-08-18 16:09:29 INFO LINE | mode=3 | looking_for=25-5 / BID | threshold=10000000 | raw_line=26-3 11+ 50
2026-08-18 16:09:29 INFO LINE | mode=3 | looking_for=25-5 / BID | threshold=10000000 | raw_line=25-9 66+ 30억
2026-08-18 16:09:29 INFO LINE | mode=3 | looking_for=25-5 / BID | threshold=10000000 | raw_line=26-3 105 11- 100 (자툴 가능)
2026-08-18 16:09:29 INFO LINE | mode=3 | looking_for=25-5 / BID | threshold=10000000 | raw_line=26-6 375- 20
2026-08-18 16:09:29 INFO LINE | mode=3 | looking_for=25-5 / BID | threshold=10000000 | raw_line=25-10  755+
2026-08-18 16:09:29 INFO LINE | mode=3 | looking_for=25-5 / BID | threshold=10000000 | raw_line=국당 31-
2026-08-18 16:09:29 INFO LINE | mode=3 | looking_for=25-5 / BID | threshold=10000000 | raw_line=26-3 11+ 40억까지
2026-08-18 16:09:31 INFO EXCEL_CONNECTED | workbook=sample.xlsm sheet=트레이딩
2026-08-18 16:09:31 INFO LINE | mode=3 | looking_for=25-5 / BID | threshold=10000000 | raw_line=26-3 0.75당팔
2026-08-18 16:09:31 INFO LINE | mode=3 | looking_for=25-5 / BID | threshold=10000000 | raw_line=28.6.17 산금채 [민3.834%/끝45/AAA] 팔자
2026-08-18 16:09:31 INFO EXCEL_CONNECTED | workbook=sample.xlsm sheet=트레이딩
2026-08-18 16:09:31 INFO LINE | mode=3 | looking_for=25-5 / BID | threshold=10000000 | raw_line=21-7 / 24-9 사자관심
2026-08-18 16:09:31 INFO LINE | mode=3 | looking_for=25-5 / BID | threshold=10000000 | raw_line=26-3 11+ 50
2026-08-18 16:09:31 INFO LINE | mode=3 | looking_for=25-5 / BID | threshold=10000000 | raw_line=25-9 66+ 30억
2026-08-18 16:09:31 INFO LINE | mode=3 | looking_for=25-5 / BID | threshold=10000000 | raw_line=26-3 105 11- 100 (자툴 가능)
2026-08-18 16:09:31 INFO LINE | mode=3 | looking_for=25-5 / BID | threshold=10000000 | raw_line=26-6 375- 20
2026-08-18 16:09:31 INFO LINE | mode=3 | looking_for=25-5 / BID | threshold=10000000 | raw_line=25-10  755+
2026-08-18 16:09:31 INFO LINE | mode=3 | looking_for=25-5 / BID | threshold=10000000 | raw_line=국당 31-
2026-08-18 16:09:31 INFO LINE | mode=3 | looking_for=25-5 / BID | threshold=10000000 | raw_line=27.1.25(월)중금(민3.233%/끝.54원)-3원팔자 3.316% 동통
2026-08-18 16:09:31 INFO LINE | mode=3 | looking_for=25-5 / BID | threshold=10000000 | raw_line=27.1.25(월) 중금(민 3.233, .54) -3원 팔자~3.316%동
2026-08-18 16:09:31 INFO LINE | mode=3 | looking_for=25-5 / BID | threshold=10000000 | raw_line=27.7.30(금) 신한은행 (민3.671, 끝.57) -5원팔자
2026-08-18 16:09:32 INFO EXCEL_CONNECTED | workbook=sample.xlsm sheet=트레이딩
2026-08-18 16:09:32 INFO LINE | mode=3 | looking_for=25-5 / BID | threshold=10000000 | raw_line=27.10.16 신한채 (민3.735,끝.06,~FA4) 팔자
2026-08-18 16:09:33 INFO EXCEL_CONNECTED | workbook=sample.xlsm sheet=트레이딩
2026-08-18 16:09:33 INFO LINE | mode=3 | looking_for=25-5 / BID | threshold=10000000 | raw_line=27.7.18(일) 평택도시공사(녹) (민3.790, 끝전.53, AA) -6원 팔자
2026-08-18 16:09:34 INFO EXCEL_CONNECTED | workbook=sample.xlsm sheet=트레이딩
2026-08-18 16:09:34 INFO LINE | mode=3 | looking_for=25-5 / BID | threshold=10000000 | raw_line=27.11.27(토) 농어촌공사  팔자(민3.773  .94) -8원 3.845
2026-08-18 16:09:34 INFO LINE | mode=3 | looking_for=25-5 / BID | threshold=10000000 | raw_line=28.12.8 수자원공사292 (금, 민3.969, 끝.90) 오버4팔자
2026-08-18 16:09:38 INFO EXCEL_CONNECTED | workbook=sample.xlsm sheet=트레이딩
2026-08-18 16:09:39 INFO LINE | mode=3 | looking_for=25-5 / BID | threshold=10000000 | raw_line=27.2.25.하나은행(민.3.295,끝.86)팔자.3
2026-08-18 16:09:40 INFO EXCEL_CONNECTED | workbook=sample.xlsm sheet=트레이딩
2026-08-18 16:09:40 INFO LINE | mode=3 | looking_for=25-5 / BID | threshold=10000000 | raw_line=삼통 885 89-
2026-08-18 16:09:40 INFO LINE | mode=3 | looking_for=25-5 / BID | threshold=10000000 | raw_line=통당 74-
2026-08-18 16:09:41 INFO EXCEL_CONNECTED | workbook=sample.xlsm sheet=트레이딩
2026-08-18 16:09:41 INFO LINE | mode=3 | looking_for=25-5 / BID | threshold=10000000 | raw_line=27.7.21.농금채은행(민.3.668,끝.78)팔자 ~ -3원 3.709%
2026-08-18 16:09:41 INFO EXCEL_CONNECTED | workbook=sample.xlsm sheet=트레이딩
2026-08-18 16:09:41 INFO LINE | mode=3 | looking_for=25-5 / BID | threshold=10000000 | raw_line=27.12.15 산금(민3.725%) 팔자
2026-08-18 16:09:41 INFO LINE | mode=3 | looking_for=25-5 / BID | threshold=10000000 | raw_line=27.1.25(월)중금(민3.233%/끝.54원)-3원팔자 3.316% 동통
2026-08-18 16:09:42 INFO EXCEL_CONNECTED | workbook=sample.xlsm sheet=트레이딩
2026-08-18 16:09:42 INFO LINE | mode=3 | looking_for=25-5 / BID | threshold=10000000 | raw_line=26-6 매수 호가 있으실까요?
2026-08-18 16:09:44 INFO EXCEL_CONNECTED | workbook=sample.xlsm sheet=트레이딩
2026-08-18 16:09:44 INFO LINE | mode=3 | looking_for=25-5 / BID | threshold=10000000 | raw_line=26-3 105 11- 20억 추가
2026-08-18 16:09:44 INFO LINE | mode=3 | looking_for=25-5 / BID | threshold=10000000 | raw_line=26-3 11사자
2026-08-18 16:09:44 INFO LINE | mode=3 | looking_for=25-5 / BID | threshold=10000000 | raw_line=26-2  75- 자투리
2026-08-18 16:09:45 INFO EXCEL_CONNECTED | workbook=sample.xlsm sheet=트레이딩
2026-08-18 16:09:46 INFO LINE | mode=3 | looking_for=25-5 / BID | threshold=10000000 | raw_line=26-3 11+ 30억
2026-08-18 16:09:46 INFO EXCEL_CONNECTED | workbook=sample.xlsm sheet=트레이딩
2026-08-18 16:09:46 INFO LINE | mode=3 | looking_for=25-5 / BID | threshold=10000000 | raw_line=26-2 75 755+ 10
2026-08-18 16:09:46 INFO LINE | mode=3 | looking_for=25-5 / BID | threshold=10000000 | raw_line=25-11 36-
2026-08-18 16:09:46 INFO LINE | mode=3 | looking_for=25-5 / BID | threshold=10000000 | raw_line=26-2 75- 40
2026-08-18 16:09:46 INFO LINE | mode=3 | looking_for=25-5 / BID | threshold=10000000 | raw_line=26-2 75 755+ 자투리
2026-08-18 16:09:46 INFO LINE | mode=3 | looking_for=25-5 / BID | threshold=10000000 | raw_line=26-2 75 755+ 10
2026-08-18 16:09:46 INFO LINE | mode=3 | looking_for=25-5 / BID | threshold=10000000 | raw_line=21-7 / 24-9 사자관심
2026-08-18 16:09:46 INFO LINE | mode=3 | looking_for=25-5 / BID | threshold=10000000 | raw_line=26-3 11+ 50
2026-08-18 16:09:46 INFO LINE | mode=3 | looking_for=25-5 / BID | threshold=10000000 | raw_line=삼통 89+
2026-08-18 16:09:47 INFO EXCEL_CONNECTED | workbook=sample.xlsm sheet=트레이딩
2026-08-18 16:09:47 INFO LINE | mode=3 | looking_for=25-5 / BID | threshold=10000000 | raw_line=26-2 75 755+ 10
2026-08-18 16:09:49 INFO EXCEL_CONNECTED | workbook=sample.xlsm sheet=트레이딩
2026-08-18 16:09:49 INFO LINE | mode=3 | looking_for=25-5 / BID | threshold=10000000 | raw_line=25-11 36- 10
2026-08-18 16:09:51 INFO EXCEL_CONNECTED | workbook=sample.xlsm sheet=트레이딩
2026-08-18 16:09:51 INFO LINE | mode=3 | looking_for=25-5 / BID | threshold=10000000 | raw_line=26-3 105 11-
2026-08-18 16:09:52 INFO EXCEL_CONNECTED | workbook=sample.xlsm sheet=트레이딩
2026-08-18 16:09:52 INFO LINE | mode=3 | looking_for=25-5 / BID | threshold=10000000 | raw_line=26-3 11사자
2026-08-18 16:09:52 INFO LINE | mode=3 | looking_for=25-5 / BID | threshold=10000000 | raw_line=26-6 375-
2026-08-18 16:09:52 INFO LINE | mode=3 | looking_for=25-5 / BID | threshold=10000000 | raw_line=26-6 375- 20
2026-08-18 16:09:52 INFO LINE | mode=3 | looking_for=25-5 / BID | threshold=10000000 | raw_line=26-2 75 755+ 10
2026-08-18 16:09:52 INFO LINE | mode=3 | looking_for=25-5 / BID | threshold=10000000 | raw_line=25-11 36-
2026-08-18 16:09:52 INFO LINE | mode=3 | looking_for=25-5 / BID | threshold=10000000 | raw_line=26-2 75- 40
2026-08-18 16:09:52 INFO LINE | mode=3 | looking_for=25-5 / BID | threshold=10000000 | raw_line=26-2 75 755+ 자투리
2026-08-18 16:09:55 INFO EXCEL_CONNECTED | workbook=sample.xlsm sheet=트레이딩
2026-08-18 16:09:55 INFO LINE | mode=3 | looking_for=25-5 / BID | threshold=10000000 | raw_line=통당 75+
2026-08-18 16:09:55 INFO EXCEL_CONNECTED | workbook=sample.xlsm sheet=트레이딩
2026-08-18 16:09:55 INFO LINE | mode=3 | looking_for=25-5 / BID | threshold=10000000 | raw_line=국통 0.85 당사 50억
2026-08-18 16:09:55 INFO LINE | mode=3 | looking_for=25-5 / BID | threshold=10000000 | raw_line=삼통 885-
2026-08-18 16:09:55 INFO LINE | mode=3 | looking_for=25-5 / BID | threshold=10000000 | raw_line=통당 74-
2026-08-18 16:09:55 INFO LINE | mode=3 | looking_for=25-5 / BID | threshold=10000000 | raw_line=국통 0.85 당사 50억
2026-08-18 16:09:55 INFO LINE | mode=3 | looking_for=25-5 / BID | threshold=10000000 | raw_line=삼통 885-
2026-08-18 16:09:55 INFO LINE | mode=3 | looking_for=25-5 / BID | threshold=10000000 | raw_line=삼통 885-
2026-08-18 16:09:57 INFO EXCEL_CONNECTED | workbook=sample.xlsm sheet=트레이딩
2026-08-18 16:09:57 INFO LINE | mode=3 | looking_for=25-5 / BID | threshold=10000000 | raw_line=27.7.10(토) 농금은행 (민3.664 .02) 100억 매도 -3원
2026-08-18 16:09:57 INFO EXCEL_CONNECTED | workbook=sample.xlsm sheet=트레이딩
2026-08-18 16:09:57 INFO LINE | mode=3 | looking_for=25-5 / BID | threshold=10000000 | raw_line=26.8.28(금) 중금 팔자 (민 2.930, 끝전.53) 수10
2026-08-18 16:10:00 INFO EXCEL_CONNECTED | workbook=sample.xlsm sheet=트레이딩
2026-08-18 16:10:00 INFO LINE | mode=3 | looking_for=25-5 / BID | threshold=10000000 | raw_line=26-3 105 11- 20억
2026-08-18 16:10:00 INFO LINE | mode=3 | looking_for=25-5 / BID | threshold=10000000 | raw_line=26-3 11+ 50
2026-08-18 16:10:01 INFO EXCEL_CONNECTED | workbook=sample.xlsm sheet=트레이딩
2026-08-18 16:10:01 INFO LINE | mode=3 | looking_for=25-5 / BID | threshold=10000000 | raw_line=26-6 38+ 10
2026-08-18 16:10:01 INFO EXCEL_CONNECTED | workbook=sample.xlsm sheet=트레이딩
2026-08-18 16:10:01 INFO LINE | mode=3 | looking_for=25-5 / BID | threshold=10000000 | raw_line=26-3 105 11-
2026-08-18 16:10:02 INFO EXCEL_CONNECTED | workbook=sample.xlsm sheet=트레이딩
2026-08-18 16:10:02 INFO LINE | mode=3 | looking_for=25-5 / BID | threshold=10000000 | raw_line=26-3 105 11-
2026-08-18 16:10:02 INFO LINE | mode=3 | looking_for=25-5 / BID | threshold=10000000 | raw_line=26-2 75 755 + 10
2026-08-18 16:10:02 INFO LINE | mode=3 | looking_for=25-5 / BID | threshold=10000000 | raw_line=25-11 365-
2026-08-18 16:10:02 INFO LINE | mode=3 | looking_for=25-5 / BID | threshold=10000000 | raw_line=26-3 105/11- 자툴
2026-08-18 16:10:02 INFO LINE | mode=3 | looking_for=25-5 / BID | threshold=10000000 | raw_line=26-3 11사자
2026-08-18 16:10:02 INFO LINE | mode=3 | looking_for=25-5 / BID | threshold=10000000 | raw_line=26-6 375-
2026-08-18 16:10:02 INFO LINE | mode=3 | looking_for=25-5 / BID | threshold=10000000 | raw_line=26-6 375- 20
2026-08-18 16:10:04 INFO EXCEL_CONNECTED | workbook=sample.xlsm sheet=트레이딩
2026-08-18 16:10:04 INFO LINE | mode=3 | looking_for=25-5 / BID | threshold=10000000 | raw_line=26-6 375.38+ 10
2026-08-18 16:10:04 INFO LINE | mode=3 | looking_for=25-5 / BID | threshold=10000000 | raw_line=통당 74 -
2026-08-18 16:10:04 INFO LINE | mode=3 | looking_for=25-5 / BID | threshold=10000000 | raw_line=27.12.15 산금(민3.725%) 팔자
2026-08-18 16:10:04 INFO EXCEL_CONNECTED | workbook=sample.xlsm sheet=트레이딩
2026-08-18 16:10:04 INFO LINE | mode=3 | looking_for=25-5 / BID | threshold=10000000 | raw_line=25-10  755+
2026-08-18 16:10:04 INFO LINE | mode=3 | looking_for=25-5 / BID | threshold=10000000 | raw_line=26-3 105 11-
2026-08-18 16:10:04 INFO LINE | mode=3 | looking_for=25-5 / BID | threshold=10000000 | raw_line=26-2 75 755 + 10
2026-08-18 16:10:04 INFO LINE | mode=3 | looking_for=25-5 / BID | threshold=10000000 | raw_line=25-11 365-
2026-08-18 16:10:04 INFO LINE | mode=3 | looking_for=25-5 / BID | threshold=10000000 | raw_line=26-3 105/11- 자툴
2026-08-18 16:10:04 INFO LINE | mode=3 | looking_for=25-5 / BID | threshold=10000000 | raw_line=26-3 11사자
2026-08-18 16:10:04 INFO LINE | mode=3 | looking_for=25-5 / BID | threshold=10000000 | raw_line=26-6 375-
2026-08-18 16:10:04 INFO LINE | mode=3 | looking_for=25-5 / BID | threshold=10000000 | raw_line=통당 74 -
2026-08-18 16:10:04 INFO LINE | mode=3 | looking_for=25-5 / BID | threshold=10000000 | raw_line=국통 0.85 당사 50억
2026-08-18 16:10:04 INFO LINE | mode=3 | looking_for=25-5 / BID | threshold=10000000 | raw_line=삼통 885-
2026-08-18 16:10:04 INFO LINE | mode=3 | looking_for=25-5 / BID | threshold=10000000 | raw_line=통당 74-
2026-08-18 16:10:04 INFO LINE | mode=3 | looking_for=25-5 / BID | threshold=10000000 | raw_line=국통 0.85 당사 50억
2026-08-18 16:10:04 INFO LINE | mode=3 | looking_for=25-5 / BID | threshold=10000000 | raw_line=삼통 885-
2026-08-18 16:10:06 INFO EXCEL_CONNECTED | workbook=sample.xlsm sheet=트레이딩
2026-08-18 16:10:06 INFO LINE | mode=3 | looking_for=25-5 / BID | threshold=10000000 | raw_line=26-2 75 755 + 10
2026-08-18 16:10:06 INFO EXCEL_CONNECTED | workbook=sample.xlsm sheet=트레이딩
2026-08-18 16:10:06 INFO LINE | mode=3 | looking_for=25-5 / BID | threshold=10000000 | raw_line=26-3 0.75당팔
2026-08-18 16:10:06 INFO LINE | mode=3 | looking_for=25-5 / BID | threshold=10000000 | raw_line=25-10  755+
2026-08-18 16:10:06 INFO LINE | mode=3 | looking_for=25-5 / BID | threshold=10000000 | raw_line=26-3 105 11-
2026-08-18 16:10:06 INFO LINE | mode=3 | looking_for=25-5 / BID | threshold=10000000 | raw_line=26-2 75 755 + 10
2026-08-18 16:10:06 INFO LINE | mode=3 | looking_for=25-5 / BID | threshold=10000000 | raw_line=25-11 365-
2026-08-18 16:10:06 INFO LINE | mode=3 | looking_for=25-5 / BID | threshold=10000000 | raw_line=26-3 105/11- 자툴
2026-08-18 16:10:06 INFO LINE | mode=3 | looking_for=25-5 / BID | threshold=10000000 | raw_line=26-3 11사자
2026-08-18 16:10:08 INFO EXCEL_CONNECTED | workbook=sample.xlsm sheet=트레이딩
2026-08-18 16:10:08 INFO LINE | mode=3 | looking_for=25-5 / BID | threshold=10000000 | raw_line=25-4 매도 잇으신가요
2026-08-18 16:10:08 INFO LINE | mode=3 | looking_for=25-5 / BID | threshold=10000000 | raw_line=26-3 11+ 30억
2026-08-18 16:10:08 INFO EXCEL_CONNECTED | workbook=sample.xlsm sheet=트레이딩
2026-08-18 16:10:08 INFO LINE | mode=3 | looking_for=25-5 / BID | threshold=10000000 | raw_line=26-2  75- 자투리
2026-08-18 16:10:08 INFO LINE | mode=3 | looking_for=25-5 / BID | threshold=10000000 | raw_line=26-6 매수 호가 있으실까요?
2026-08-18 16:10:08 INFO LINE | mode=3 | looking_for=25-5 / BID | threshold=10000000 | raw_line=26-3 0.75당팔
2026-08-18 16:10:08 INFO LINE | mode=3 | looking_for=25-5 / BID | threshold=10000000 | raw_line=25-10  755+
2026-08-18 16:10:08 INFO LINE | mode=3 | looking_for=25-5 / BID | threshold=10000000 | raw_line=26-3 105 11-
2026-08-18 16:10:08 INFO LINE | mode=3 | looking_for=25-5 / BID | threshold=10000000 | raw_line=26-2 75 755 + 10
2026-08-18 16:10:08 INFO LINE | mode=3 | looking_for=25-5 / BID | threshold=10000000 | raw_line=25-11 365-
2026-08-18 16:10:10 INFO EXCEL_CONNECTED | workbook=sample.xlsm sheet=트레이딩
2026-08-18 16:10:10 INFO LINE | mode=3 | looking_for=25-5 / BID | threshold=10000000 | raw_line=26-3 11사자
2026-08-18 16:10:10 INFO EXCEL_CONNECTED | workbook=sample.xlsm sheet=트레이딩
2026-08-18 16:10:11 INFO LINE | mode=3 | looking_for=25-5 / BID | threshold=10000000 | raw_line=26-3 11사자
2026-08-18 16:10:11 INFO LINE | mode=3 | looking_for=25-5 / BID | threshold=10000000 | raw_line=26-2  75- 자투리
2026-08-18 16:10:11 INFO LINE | mode=3 | looking_for=25-5 / BID | threshold=10000000 | raw_line=26-6 매수 호가 있으실까요?
2026-08-18 16:10:11 INFO LINE | mode=3 | looking_for=25-5 / BID | threshold=10000000 | raw_line=26-3 0.75당팔
2026-08-18 16:10:11 INFO LINE | mode=3 | looking_for=25-5 / BID | threshold=10000000 | raw_line=25-10  755+
2026-08-18 16:10:11 INFO LINE | mode=3 | looking_for=25-5 / BID | threshold=10000000 | raw_line=26-3 105 11-
2026-08-18 16:10:11 INFO LINE | mode=3 | looking_for=25-5 / BID | threshold=10000000 | raw_line=26-2 75 755 + 10
2026-08-18 16:10:12 INFO EXCEL_CONNECTED | workbook=sample.xlsm sheet=트레이딩
2026-08-18 16:10:13 INFO LINE | mode=3 | looking_for=25-5 / BID | threshold=10000000 | raw_line=26-1 호가 있나요?
2026-08-18 16:10:13 INFO EXCEL_CONNECTED | workbook=sample.xlsm sheet=트레이딩
2026-08-18 16:10:13 INFO LINE | mode=3 | looking_for=25-5 / BID | threshold=10000000 | raw_line=26-3 105 11- 20억 추가
2026-08-18 16:10:13 INFO LINE | mode=3 | looking_for=25-5 / BID | threshold=10000000 | raw_line=26-3 11사자
2026-08-18 16:10:13 INFO LINE | mode=3 | looking_for=25-5 / BID | threshold=10000000 | raw_line=26-2  75- 자투리
2026-08-18 16:10:13 INFO LINE | mode=3 | looking_for=25-5 / BID | threshold=10000000 | raw_line=26-6 매수 호가 있으실까요?
2026-08-18 16:10:13 INFO LINE | mode=3 | looking_for=25-5 / BID | threshold=10000000 | raw_line=26-3 0.75당팔
2026-08-18 16:10:13 INFO LINE | mode=3 | looking_for=25-5 / BID | threshold=10000000 | raw_line=25-10  755+
2026-08-18 16:10:13 INFO LINE | mode=3 | looking_for=25-5 / BID | threshold=10000000 | raw_line=26-3 105 11-
2026-08-18 16:10:14 INFO EXCEL_CONNECTED | workbook=sample.xlsm sheet=트레이딩
2026-08-18 16:10:14 INFO LINE | mode=3 | looking_for=25-5 / BID | threshold=10000000 | raw_line=28.5.8(월)해외인프라도시개발(민3.940%/끝.29원/AAA)오버5팔자 3.990%
2026-08-18 16:10:15 INFO EXCEL_CONNECTED | workbook=sample.xlsm sheet=트레이딩
2026-08-18 16:10:15 INFO LINE | mode=3 | looking_for=25-5 / BID | threshold=10000000 | raw_line=국당 31-
2026-08-18 16:10:15 INFO LINE | mode=3 | looking_for=25-5 / BID | threshold=10000000 | raw_line=26-2 75/755+ 짜툴
2026-08-18 16:10:15 INFO EXCEL_CONNECTED | workbook=sample.xlsm sheet=트레이딩
2026-08-18 16:10:15 INFO LINE | mode=3 | looking_for=25-5 / BID | threshold=10000000 | raw_line=26-6 375+ 10
2026-08-18 16:10:16 INFO EXCEL_CONNECTED | workbook=sample.xlsm sheet=트레이딩
2026-08-18 16:10:16 INFO LINE | mode=3 | looking_for=25-5 / BID | threshold=10000000 | raw_line=25-11 36- 10
2026-08-18 16:10:16 INFO LINE | mode=3 | looking_for=25-5 / BID | threshold=10000000 | raw_line=26-2 75 755+ 10
2026-08-18 16:10:16 INFO LINE | mode=3 | looking_for=25-5 / BID | threshold=10000000 | raw_line=26-3 11+ 30억
2026-08-18 16:10:16 INFO LINE | mode=3 | looking_for=25-5 / BID | threshold=10000000 | raw_line=26-3 105 11- 20억 추가
2026-08-18 16:10:16 INFO LINE | mode=3 | looking_for=25-5 / BID | threshold=10000000 | raw_line=26-3 11사자
2026-08-18 16:10:16 INFO LINE | mode=3 | looking_for=25-5 / BID | threshold=10000000 | raw_line=26-2  75- 자투리
2026-08-18 16:10:16 INFO LINE | mode=3 | looking_for=25-5 / BID | threshold=10000000 | raw_line=26-6 매수 호가 있으실까요?
2026-08-18 16:10:17 INFO EXCEL_CONNECTED | workbook=sample.xlsm sheet=트레이딩
2026-08-18 16:10:17 INFO LINE | mode=3 | looking_for=25-5 / BID | threshold=10000000 | raw_line=26-6 375- 10억 ㅎㅈ
2026-08-18 16:10:17 INFO LINE | mode=3 | looking_for=25-5 / BID | threshold=10000000 | raw_line=25-11 365-
2026-08-18 16:10:17 INFO LINE | mode=3 | looking_for=25-5 / BID | threshold=10000000 | raw_line=27.10.16 신한채~FA4 (민3.735,끝전.06) 팔자
2026-08-18 16:10:18 INFO EXCEL_CONNECTED | workbook=sample.xlsm sheet=트레이딩
2026-08-18 16:10:18 INFO LINE | mode=3 | looking_for=25-5 / BID | threshold=10000000 | raw_line=ㅎㅈ
2026-08-18 16:10:18 INFO LINE | mode=3 | looking_for=25-5 / BID | threshold=10000000 | raw_line=ㅎㅈ
2026-08-18 16:10:18 INFO EXCEL_CONNECTED | workbook=sample.xlsm sheet=트레이딩
2026-08-18 16:10:18 INFO LINE | mode=3 | looking_for=25-5 / BID | threshold=10000000 | raw_line=ds
2026-08-18 16:10:18 INFO LINE | mode=3 | looking_for=25-5 / BID | threshold=10000000 | raw_line=ds
2026-08-18 16:10:19 INFO EXCEL_CONNECTED | workbook=sample.xlsm sheet=트레이딩
2026-08-18 16:10:19 INFO LINE | mode=3 | looking_for=25-5 / BID | threshold=10000000 | raw_line=ㅎㅈ
2026-08-18 16:10:19 INFO LINE | mode=3 | looking_for=25-5 / BID | threshold=10000000 | raw_line=ㅎㅈ
2026-08-18 16:10:19 INFO LINE | mode=3 | looking_for=25-5 / BID | threshold=10000000 | raw_line=ㅎㅈ
2026-08-18 16:10:19 INFO LINE | mode=3 | looking_for=25-5 / BID | threshold=10000000 | raw_line=ㅎㅈ
2026-08-18 16:10:19 INFO LINE | mode=3 | looking_for=25-5 / BID | threshold=10000000 | raw_line=755+
2026-08-18 16:10:20 INFO EXCEL_CONNECTED | workbook=sample.xlsm sheet=트레이딩
2026-08-18 16:10:20 INFO LINE | mode=3 | looking_for=25-5 / BID | threshold=10000000 | raw_line=26-2 75 755+ 10
2026-08-18 16:10:20 INFO LINE | mode=3 | looking_for=25-5 / BID | threshold=10000000 | raw_line=26-1팔고 / 구통사자
2026-08-18 16:10:20 INFO LINE | mode=3 | looking_for=25-5 / BID | threshold=10000000 | raw_line=메리츠
2026-08-18 16:10:20 INFO LINE | mode=3 | looking_for=25-5 / BID | threshold=10000000 | raw_line=메리츠
2026-08-18 16:10:21 INFO EXCEL_CONNECTED | workbook=sample.xlsm sheet=트레이딩
2026-08-18 16:10:21 INFO LINE | mode=3 | looking_for=25-5 / BID | threshold=10000000 | raw_line=감사합니다
2026-08-18 16:10:21 INFO LINE | mode=3 | looking_for=25-5 / BID | threshold=10000000 | raw_line=감사합니다
2026-08-18 16:10:21 INFO EXCEL_CONNECTED | workbook=sample.xlsm sheet=트레이딩
2026-08-18 16:10:21 INFO LINE | mode=3 | looking_for=25-5 / BID | threshold=10000000 | raw_line=감사합니다
2026-08-18 16:10:21 INFO LINE | mode=3 | looking_for=25-5 / BID | threshold=10000000 | raw_line=감사합니다
2026-08-18 16:10:21 INFO LINE | mode=3 | looking_for=25-5 / BID | threshold=10000000 | raw_line=상상인
2026-08-18 16:10:21 INFO LINE | mode=3 | looking_for=25-5 / BID | threshold=10000000 | raw_line=상상인
2026-08-18 16:10:21 INFO LINE | mode=3 | looking_for=25-5 / BID | threshold=10000000 | raw_line=ㅎㅈ
2026-08-18 16:10:23 INFO EXCEL_CONNECTED | workbook=sample.xlsm sheet=트레이딩
2026-08-18 16:10:23 INFO LINE | mode=3 | looking_for=25-5 / BID | threshold=10000000 | raw_line=27.10.16 신한채 (민3.735,끝.06,~FA4) 팔자
2026-08-18 16:10:24 INFO EXCEL_CONNECTED | workbook=sample.xlsm sheet=트레이딩
2026-08-18 16:10:24 INFO LINE | mode=3 | looking_for=25-5 / BID | threshold=10000000 | raw_line=2026.08.18 / 16:10
2026-08-18 16:10:24 INFO LINE | mode=3 | looking_for=25-5 / BID | threshold=10000000 | raw_line=26-3 11+ 30억
2026-08-18 16:10:24 INFO LINE | mode=3 | looking_for=25-5 / BID | threshold=10000000 | raw_line=27.12.15 산금(민3.725%) 팔자
2026-08-18 16:10:25 INFO EXCEL_CONNECTED | workbook=sample.xlsm sheet=트레이딩
2026-08-18 16:10:25 INFO LINE | mode=3 | looking_for=25-5 / BID | threshold=10000000 | raw_line=27.4.16(금) 농금지주44-2 팔자 민 3.678  .2
2026-08-18 16:10:25 INFO EXCEL_CONNECTED | workbook=sample.xlsm sheet=트레이딩
2026-08-18 16:10:25 INFO LINE | mode=3 | looking_for=25-5 / BID | threshold=10000000 | raw_line=26.11.25(수) 중금EB4 (민3.047 끝.31) 팔자 200억
2026-08-18 16:10:25 INFO LINE | mode=3 | looking_for=25-5 / BID | threshold=10000000 | raw_line=27.7.12 우리카드(민3.872 .36 AA) 오버2 팔자 / 오버4 사자
2026-08-18 16:10:26 INFO EXCEL_CONNECTED | workbook=sample.xlsm sheet=트레이딩
2026-08-18 16:10:26 INFO LINE | mode=3 | looking_for=25-5 / BID | threshold=10000000 | raw_line=27.12.7(화) 케이비캐피탈571-8(사) (민 4.061 .76) 오버3팔자
2026-08-18 16:10:27 INFO EXCEL_CONNECTED | workbook=sample.xlsm sheet=트레이딩
2026-08-18 16:10:27 INFO LINE | mode=3 | looking_for=25-5 / BID | threshold=10000000 | raw_line=26-3  105  11- 자투리 가능
2026-08-18 16:10:27 INFO EXCEL_CONNECTED | workbook=sample.xlsm sheet=트레이딩
2026-08-18 16:10:28 INFO LINE | mode=3 | looking_for=25-5 / BID | threshold=10000000 | raw_line=26-6 375.38+ 10
2026-08-18 16:10:28 INFO LINE | mode=3 | looking_for=25-5 / BID | threshold=10000000 | raw_line=26-3 105 11-
2026-08-18 16:10:28 INFO LINE | mode=3 | looking_for=25-5 / BID | threshold=10000000 | raw_line=26-6 38+ 10
2026-08-18 16:10:28 INFO LINE | mode=3 | looking_for=25-5 / BID | threshold=10000000 | raw_line=26-3 105 11- 20억
2026-08-18 16:10:28 INFO LINE | mode=3 | looking_for=25-5 / BID | threshold=10000000 | raw_line=26-3 11+ 50
2026-08-18 16:10:28 INFO LINE | mode=3 | looking_for=25-5 / BID | threshold=10000000 | raw_line=26-3 105 11-
2026-08-18 16:10:28 INFO LINE | mode=3 | looking_for=25-5 / BID | threshold=10000000 | raw_line=25-11 36- 10
2026-08-18 16:10:28 INFO LINE | mode=3 | looking_for=25-5 / BID | threshold=10000000 | raw_line=ㅎㅈ
2026-08-18 16:10:29 INFO EXCEL_CONNECTED | workbook=sample.xlsm sheet=트레이딩
2026-08-18 16:10:29 INFO LINE | mode=3 | looking_for=25-5 / BID | threshold=10000000 | raw_line=27.11.19 대전도시공사(민3.837 .53) 팔자
2026-08-18 16:10:30 INFO EXCEL_CONNECTED | workbook=sample.xlsm sheet=트레이딩
2026-08-18 16:10:30 INFO LINE | mode=3 | looking_for=25-5 / BID | threshold=10000000 | raw_line=26-7 사자 있나요
2026-08-18 16:10:30 INFO LINE | mode=3 | looking_for=25-5 / BID | threshold=10000000 | raw_line=27.10.16 신한채(민 3.735,끝전.06,~FA4) -4원 팔자
2026-08-18 16:10:30 INFO EXCEL_CONNECTED | workbook=sample.xlsm sheet=트레이딩
2026-08-18 16:10:30 INFO LINE | mode=3 | looking_for=25-5 / BID | threshold=10000000 | raw_line=26-2 75 755 + 10
2026-08-18 16:10:30 INFO LINE | mode=3 | looking_for=25-5 / BID | threshold=10000000 | raw_line=26-6 375.38+ 10
2026-08-18 16:10:30 INFO LINE | mode=3 | looking_for=25-5 / BID | threshold=10000000 | raw_line=26-3 105 11-
2026-08-18 16:10:30 INFO LINE | mode=3 | looking_for=25-5 / BID | threshold=10000000 | raw_line=26-6 38+ 10
2026-08-18 16:10:30 INFO LINE | mode=3 | looking_for=25-5 / BID | threshold=10000000 | raw_line=26-3 105 11- 20억
2026-08-18 16:10:30 INFO LINE | mode=3 | looking_for=25-5 / BID | threshold=10000000 | raw_line=26-3 11+ 50
2026-08-18 16:10:30 INFO LINE | mode=3 | looking_for=25-5 / BID | threshold=10000000 | raw_line=26-3 105 11-
2026-08-18 16:10:30 INFO LINE | mode=3 | looking_for=25-5 / BID | threshold=10000000 | raw_line=28.8.28(월) 신한은행 (민 3.919) 오버 4 팔자
2026-08-18 16:10:31 INFO EXCEL_CONNECTED | workbook=sample.xlsm sheet=트레이딩
2026-08-18 16:10:31 INFO LINE | mode=3 | looking_for=25-5 / BID | threshold=10000000 | raw_line=27.1.25(월) 중금(민 3.233, .54) -3원 팔자~3.316%동
2026-08-18 16:10:32 INFO EXCEL_CONNECTED | workbook=sample.xlsm sheet=트레이딩
2026-08-18 16:10:32 INFO LINE | mode=3 | looking_for=25-5 / BID | threshold=10000000 | raw_line=26-3 11+
2026-08-18 16:10:32 INFO LINE | mode=3 | looking_for=25-5 / BID | threshold=10000000 | raw_line=25-10  755+
2026-08-18 16:10:32 INFO LINE | mode=3 | looking_for=25-5 / BID | threshold=10000000 | raw_line=27.7.12(월) 우리카드229-4 (민 3.872 끝 .36 /AA0) 팔자
2026-08-18 16:10:32 INFO LINE | mode=3 | looking_for=25-5 / BID | threshold=10000000 | raw_line=26.9.13(일) SK(민3.192  .44  AA+ 2.088%) +1.5원 팔자 / +0.75원 사자
2026-08-18 16:10:33 INFO EXCEL_CONNECTED | workbook=sample.xlsm sheet=트레이딩
2026-08-18 16:10:33 INFO LINE | mode=3 | looking_for=25-5 / BID | threshold=10000000 | raw_line=25-11 365- 26-6 375+ 교체
2026-08-18 16:10:33 INFO EXCEL_CONNECTED | workbook=sample.xlsm sheet=트레이딩
2026-08-18 16:10:33 INFO LINE | mode=3 | looking_for=25-5 / BID | threshold=10000000 | raw_line=26-3 11사자
2026-08-18 16:10:33 INFO LINE | mode=3 | looking_for=25-5 / BID | threshold=10000000 | raw_line=25-4 매도 잇으신가요
2026-08-18 16:10:33 INFO LINE | mode=3 | looking_for=25-5 / BID | threshold=10000000 | raw_line=26-3 11+ 30억
2026-08-18 16:10:33 INFO LINE | mode=3 | looking_for=25-5 / BID | threshold=10000000 | raw_line=26-2 75 755 + 10
2026-08-18 16:10:33 INFO LINE | mode=3 | looking_for=25-5 / BID | threshold=10000000 | raw_line=26-6 375.38+ 10
2026-08-18 16:10:33 INFO LINE | mode=3 | looking_for=25-5 / BID | threshold=10000000 | raw_line=26-3 105 11-
2026-08-18 16:10:33 INFO LINE | mode=3 | looking_for=25-5 / BID | threshold=10000000 | raw_line=26-6 38+ 10
2026-08-18 16:10:34 INFO EXCEL_CONNECTED | workbook=sample.xlsm sheet=트레이딩
2026-08-18 16:10:34 INFO LINE | mode=3 | looking_for=25-5 / BID | threshold=10000000 | raw_line=28.7.28 산금채 민3.851.. 팔자
2026-08-18 16:10:35 INFO EXCEL_CONNECTED | workbook=sample.xlsm sheet=트레이딩
2026-08-18 16:10:35 INFO LINE | mode=3 | looking_for=25-5 / BID | threshold=10000000 | raw_line=26-3 105/11- 20 추가
2026-08-18 16:10:35 INFO LINE | mode=3 | looking_for=25-5 / BID | threshold=10000000 | raw_line=26.12.11(금) 롯데캐피탈450-3 (민 3.728% / 끝 .04 / A+) -2원 팔자 3.793%
2026-08-18 16:10:36 INFO EXCEL_CONNECTED | workbook=sample.xlsm sheet=트레이딩
2026-08-18 16:10:36 INFO LINE | mode=3 | looking_for=25-5 / BID | threshold=10000000 | raw_line=27.10.16(토) 신한채~ FA4 [민3.735 /끝.06]-4원 팔자
2026-08-18 16:10:36 INFO LINE | mode=3 | looking_for=25-5 / BID | threshold=10000000 | raw_line=26.10.23(금) 농협금융지주 (민3.124 .57 AAA) 팔자
2026-08-18 16:10:40 INFO EXCEL_CONNECTED | workbook=sample.xlsm sheet=트레이딩
2026-08-18 16:10:40 INFO LINE | mode=3 | looking_for=25-5 / BID | threshold=10000000 | raw_line=25-4 0.75 당사
2026-08-18 16:10:40 INFO LINE | mode=3 | looking_for=25-5 / BID | threshold=10000000 | raw_line=27.1.15(금) 미래증권 (민3.539 .77)+1.5원 팔자
2026-08-18 16:10:41 INFO EXCEL_CONNECTED | workbook=sample.xlsm sheet=트레이딩
2026-08-18 16:10:41 INFO LINE | mode=3 | looking_for=25-5 / BID | threshold=10000000 | raw_line=27.12.7(화) 케이비캐피탈571-8(사) (민 4.061 .76) 오버3팔자
2026-08-18 16:10:42 INFO EXCEL_CONNECTED | workbook=sample.xlsm sheet=트레이딩
2026-08-18 16:10:42 INFO LINE | mode=3 | looking_for=25-5 / BID | threshold=10000000 | raw_line=27.9.5(일) 수금중앙회 (민3.753 끝.66 경과이자o) 팔자
2026-08-18 16:10:43 INFO EXCEL_CONNECTED | workbook=sample.xlsm sheet=트레이딩
2026-08-18 16:10:43 INFO LINE | mode=3 | looking_for=25-5 / BID | threshold=10000000 | raw_line=28.10.17(화) KB캐피탈581-2 (민 4.298% / 끝 .32 / AA-) 오버2 팔자
2026-08-18 16:10:43 INFO EXCEL_CONNECTED | workbook=sample.xlsm sheet=트레이딩
2026-08-18 16:10:43 INFO LINE | mode=3 | looking_for=25-5 / BID | threshold=10000000 | raw_line=27.2.15(월) 국철공단403(민3.353 .55) 팔자 -2.5원 3.146 추가팔자
2026-08-18 16:10:43 INFO LINE | mode=3 | looking_for=25-5 / BID | threshold=10000000 | raw_line=26.12.11(금) 롯데캐피탈450-3 (민평 3.728%/ 끝.04/ A+) 팔자
2026-08-18 16:10:44 INFO EXCEL_CONNECTED | workbook=sample.xlsm sheet=트레이딩
2026-08-18 16:10:44 INFO LINE | mode=3 | looking_for=25-5 / BID | threshold=10000000 | raw_line=28.5.8(월)해외인프라도시개발(민3.940%/끝.29원/AAA)오버5팔자 3.990%
2026-08-18 16:10:44 INFO LINE | mode=3 | looking_for=25-5 / BID | threshold=10000000 | raw_line=27.2.12(금) 한국전력1463 (민3.372 끝.08) -2원 3.416% 팔자
2026-08-18 16:10:46 INFO EXCEL_CONNECTED | workbook=sample.xlsm sheet=트레이딩
2026-08-18 16:10:46 INFO LINE | mode=3 | looking_for=25-5 / BID | threshold=10000000 | raw_line=26-3 11+ 50
2026-08-18 16:10:46 INFO EXCEL_CONNECTED | workbook=sample.xlsm sheet=트레이딩
2026-08-18 16:10:46 INFO LINE | mode=3 | looking_for=25-5 / BID | threshold=10000000 | raw_line=국당 31-
2026-08-18 16:10:46 INFO LINE | mode=3 | looking_for=25-5 / BID | threshold=10000000 | raw_line=26-2 75/755+ 짜툴
2026-08-18 16:10:46 INFO LINE | mode=3 | looking_for=25-5 / BID | threshold=10000000 | raw_line=26-1 호가 있나요?
2026-08-18 16:10:46 INFO LINE | mode=3 | looking_for=25-5 / BID | threshold=10000000 | raw_line=26-3 11사자
2026-08-18 16:10:46 INFO LINE | mode=3 | looking_for=25-5 / BID | threshold=10000000 | raw_line=25-4 매도 잇으신가요
2026-08-18 16:10:46 INFO LINE | mode=3 | looking_for=25-5 / BID | threshold=10000000 | raw_line=26-3 11+ 30억
2026-08-18 16:10:46 INFO LINE | mode=3 | looking_for=25-5 / BID | threshold=10000000 | raw_line=26-2 75 755 + 10
2026-08-18 16:10:46 INFO LINE | mode=3 | looking_for=25-5 / BID | threshold=10000000 | raw_line=호텔롯데73-2(27.1.29(금) 민3.893(끝전9) AA-) 팔자
2026-08-18 16:10:47 INFO EXCEL_CONNECTED | workbook=sample.xlsm sheet=트레이딩
2026-08-18 16:10:47 INFO LINE | mode=3 | looking_for=25-5 / BID | threshold=10000000 | raw_line=26-3 105 11-
2026-08-18 16:10:47 INFO LINE | mode=3 | looking_for=25-5 / BID | threshold=10000000 | raw_line=26.9.8(화) 산금 (민2.94 끝.38 수10) 팔자
2026-08-18 16:10:47 INFO LINE | mode=3 | looking_for=25-5 / BID | threshold=10000000 | raw_line=27.3.22(월) 롯데캐피탈458-2 (민 4.187% / 끝 .67 / A+) -6원 팔자 4.301%
2026-08-18 16:10:48 INFO EXCEL_CONNECTED | workbook=sample.xlsm sheet=트레이딩
2026-08-18 16:10:48 INFO LINE | mode=3 | looking_for=25-5 / BID | threshold=10000000 | raw_line=26-3 11사자
2026-08-18 16:10:48 INFO LINE | mode=3 | looking_for=25-5 / BID | threshold=10000000 | raw_line=27.10.23(토) 광주도시공사24-4 (민3.843/.61/aa+) 팔자
2026-08-18 16:10:48 INFO EXCEL_CONNECTED | workbook=sample.xlsm sheet=트레이딩
2026-08-18 16:10:49 INFO LINE | mode=3 | looking_for=25-5 / BID | threshold=10000000 | raw_line=25-11 365-
2026-08-18 16:10:49 INFO LINE | mode=3 | looking_for=25-5 / BID | threshold=10000000 | raw_line=26-6 375+ 10
2026-08-18 16:10:49 INFO LINE | mode=3 | looking_for=25-5 / BID | threshold=10000000 | raw_line=국당 31-
2026-08-18 16:10:49 INFO LINE | mode=3 | looking_for=25-5 / BID | threshold=10000000 | raw_line=26-2 75/755+ 짜툴
2026-08-18 16:10:49 INFO LINE | mode=3 | looking_for=25-5 / BID | threshold=10000000 | raw_line=26-1 호가 있나요?
2026-08-18 16:10:49 INFO LINE | mode=3 | looking_for=25-5 / BID | threshold=10000000 | raw_line=26-3 11사자
2026-08-18 16:10:49 INFO LINE | mode=3 | looking_for=25-5 / BID | threshold=10000000 | raw_line=25-4 매도 잇으신가요
2026-08-18 16:10:49 INFO LINE | mode=3 | looking_for=25-5 / BID | threshold=10000000 | raw_line=27.11.27(토) 한국농어촌공사26(민3.773,끝.9,AAA) -8원 팔자 3.845%
2026-08-18 16:10:49 INFO LINE | mode=3 | looking_for=25-5 / BID | threshold=10000000 | raw_line=28.5.8(월)해외인프라도시개발(민3.940%/끝.29원/AAA)오버5팔자 3.990%
2026-08-18 16:10:50 INFO EXCEL_CONNECTED | workbook=sample.xlsm sheet=트레이딩
2026-08-18 16:10:51 INFO LINE | mode=3 | looking_for=25-5 / BID | threshold=10000000 | raw_line=20-4 01-
2026-08-18 16:10:51 INFO LINE | mode=3 | looking_for=25-5 / BID | threshold=10000000 | raw_line=26.11.7(토) 중금~GEB4 (민 3.011% / 끝 .95 / AAA) 팔자(수반)
2026-08-18 16:10:51 INFO LINE | mode=3 | looking_for=25-5 / BID | threshold=10000000 | raw_line=26.10.7(수) 한국전력1426 (민3.004 끝.79 수반) 팔자
2026-08-18 16:10:51 INFO EXCEL_CONNECTED | workbook=sample.xlsm sheet=트레이딩
2026-08-18 16:10:51 INFO LINE | mode=3 | looking_for=25-5 / BID | threshold=10000000 | raw_line=26-6 375- 10억 ㅎㅈ
2026-08-18 16:10:51 INFO LINE | mode=3 | looking_for=25-5 / BID | threshold=10000000 | raw_line=25-11 365-
2026-08-18 16:10:51 INFO LINE | mode=3 | looking_for=25-5 / BID | threshold=10000000 | raw_line=26-6 375+ 10
2026-08-18 16:10:51 INFO LINE | mode=3 | looking_for=25-5 / BID | threshold=10000000 | raw_line=국당 31-
2026-08-18 16:10:51 INFO LINE | mode=3 | looking_for=25-5 / BID | threshold=10000000 | raw_line=26-2 75/755+ 짜툴
2026-08-18 16:10:51 INFO LINE | mode=3 | looking_for=25-5 / BID | threshold=10000000 | raw_line=26-1 호가 있나요?
2026-08-18 16:10:51 INFO LINE | mode=3 | looking_for=25-5 / BID | threshold=10000000 | raw_line=26-3 11사자
2026-08-18 16:10:51 INFO LINE | mode=3 | looking_for=25-5 / BID | threshold=10000000 | raw_line=27.7.21.농금채은행(민.3.668,끝.78)팔자 ~ -3원 3.709%
2026-08-18 16:10:51 INFO LINE | mode=3 | looking_for=25-5 / BID | threshold=10000000 | raw_line=29.7.2(월) 수출입 (민4.001) 팔자
2026-08-18 16:10:51 INFO LINE | mode=3 | looking_for=25-5 / BID | threshold=10000000 | raw_line=27.9.12(일) 서교공(민 3.748, .31) -3원 팔자~3.78%
2026-08-18 16:10:51 INFO LINE | mode=3 | looking_for=25-5 / BID | threshold=10000000 | raw_line=27.11.27(토) 한국농어촌공사26(민3.773,끝.9,AAA) -8원 팔자 3.845%
2026-08-18 16:10:53 INFO EXCEL_CONNECTED | workbook=sample.xlsm sheet=트레이딩
2026-08-18 16:10:53 INFO LINE | mode=3 | looking_for=25-5 / BID | threshold=10000000 | raw_line=28.7.14(금) 아이비케이캐피탈356-4(AA-) 민4.235.. 팔자
2026-08-18 16:10:53 INFO EXCEL_CONNECTED | workbook=sample.xlsm sheet=트레이딩
2026-08-18 16:10:53 INFO LINE | mode=3 | looking_for=25-5 / BID | threshold=10000000 | raw_line=통당 74-
2026-08-18 16:10:53 INFO LINE | mode=3 | looking_for=25-5 / BID | threshold=10000000 | raw_line=28.10.17(화) KB캐피탈581-2(민4.298, 끝 .32, AA-) 오버2 팔자
2026-08-18 16:10:54 INFO EXCEL_CONNECTED | workbook=sample.xlsm sheet=트레이딩
2026-08-18 16:10:54 INFO LINE | mode=3 | looking_for=25-5 / BID | threshold=10000000 | raw_line=통당 75+
2026-08-18 16:10:54 INFO LINE | mode=3 | looking_for=25-5 / BID | threshold=10000000 | raw_line=통당 74 -
2026-08-18 16:10:54 INFO LINE | mode=3 | looking_for=25-5 / BID | threshold=10000000 | raw_line=국통 0.85 당사 50억
2026-08-18 16:10:54 INFO LINE | mode=3 | looking_for=25-5 / BID | threshold=10000000 | raw_line=삼통 885-
2026-08-18 16:10:54 INFO LINE | mode=3 | looking_for=25-5 / BID | threshold=10000000 | raw_line=통당 74-
2026-08-18 16:10:54 INFO LINE | mode=3 | looking_for=25-5 / BID | threshold=10000000 | raw_line=국통 0.85 당사 50억
2026-08-18 16:10:55 INFO EXCEL_CONNECTED | workbook=sample.xlsm sheet=트레이딩
2026-08-18 16:10:55 INFO LINE | mode=3 | looking_for=25-5 / BID | threshold=10000000 | raw_line=27.9.12(일) 서울교통공사 [민 3.748, 끝.31] -3원 팔자3.78
2026-08-18 16:10:55 INFO LINE | mode=3 | looking_for=25-5 / BID | threshold=10000000 | raw_line=26.12.12(토) 국은채 (민 3.126 끝전.5 aaa) -1원 팔자
2026-08-18 16:10:56 INFO EXCEL_CONNECTED | workbook=sample.xlsm sheet=트레이딩
2026-08-18 16:10:56 INFO LINE | mode=3 | looking_for=25-5 / BID | threshold=10000000 | raw_line=26-3 105 11-
2026-08-18 16:10:56 INFO LINE | mode=3 | looking_for=25-5 / BID | threshold=10000000 | raw_line=삼통 89+ 동통
2026-08-18 16:10:56 INFO LINE | mode=3 | looking_for=25-5 / BID | threshold=10000000 | raw_line=27.10.25(월) 한국전력 (민3.780) 팔자
2026-08-18 16:10:56 INFO LINE | mode=3 | looking_for=25-5 / BID | threshold=10000000 | raw_line=27.9.12(일) 서교공(민 3.748, .31) -3원 팔자~3.78%
2026-08-18 16:10:56 INFO LINE | mode=3 | looking_for=25-5 / BID | threshold=10000000 | raw_line=27.2.25.하나은행(민.3.295,끝.86)팔자
2026-08-18 16:10:56 INFO EXCEL_CONNECTED | workbook=sample.xlsm sheet=트레이딩
2026-08-18 16:10:56 INFO LINE | mode=3 | looking_for=25-5 / BID | threshold=10000000 | raw_line=26-1팔고 / 구통사자
2026-08-18 16:10:56 INFO LINE | mode=3 | looking_for=25-5 / BID | threshold=10000000 | raw_line=26-6 375- 10억 ㅎㅈ
2026-08-18 16:10:56 INFO LINE | mode=3 | looking_for=25-5 / BID | threshold=10000000 | raw_line=25-11 365-
2026-08-18 16:10:56 INFO LINE | mode=3 | looking_for=25-5 / BID | threshold=10000000 | raw_line=26-6 375+ 10
2026-08-18 16:10:56 INFO LINE | mode=3 | looking_for=25-5 / BID | threshold=10000000 | raw_line=국당 31-
2026-08-18 16:10:56 INFO LINE | mode=3 | looking_for=25-5 / BID | threshold=10000000 | raw_line=26-2 75/755+ 짜툴
2026-08-18 16:10:56 INFO LINE | mode=3 | looking_for=25-5 / BID | threshold=10000000 | raw_line=26-1 호가 있나요?
2026-08-18 16:10:56 INFO LINE | mode=3 | looking_for=25-5 / BID | threshold=10000000 | raw_line=삼통 885-
2026-08-18 16:10:56 INFO LINE | mode=3 | looking_for=25-5 / BID | threshold=10000000 | raw_line=통당 75+
2026-08-18 16:10:56 INFO LINE | mode=3 | looking_for=25-5 / BID | threshold=10000000 | raw_line=통당 74 -
2026-08-18 16:10:56 INFO LINE | mode=3 | looking_for=25-5 / BID | threshold=10000000 | raw_line=국통 0.85 당사 50억
2026-08-18 16:10:56 INFO LINE | mode=3 | looking_for=25-5 / BID | threshold=10000000 | raw_line=삼통 885-
2026-08-18 16:10:57 INFO EXCEL_CONNECTED | workbook=sample.xlsm sheet=트레이딩
2026-08-18 16:10:57 INFO LINE | mode=3 | looking_for=25-5 / BID | threshold=10000000 | raw_line=삼통 89+
2026-08-18 16:10:58 INFO EXCEL_CONNECTED | workbook=sample.xlsm sheet=트레이딩
2026-08-18 16:10:58 INFO LINE | mode=3 | looking_for=25-5 / BID | threshold=10000000 | raw_line=28.1.20(목) 남동발전63-1 (민4.038 .65) 100억 팔자 +3bp
2026-08-18 16:10:59 INFO EXCEL_CONNECTED | workbook=sample.xlsm sheet=트레이딩
2026-08-18 16:10:59 INFO LINE | mode=3 | looking_for=25-5 / BID | threshold=10000000 | raw_line=27.1.25(월) 중금(민 3.233, .54) -3원 팔자~3.316%동
2026-08-18 16:10:59 INFO LINE | mode=3 | looking_for=25-5 / BID | threshold=10000000 | raw_line=29.4.23 KB지주 (민 4.212 월) 팔자 오바2
2026-08-18 16:10:59 INFO EXCEL_CONNECTED | workbook=sample.xlsm sheet=트레이딩
2026-08-18 16:10:59 INFO LINE | mode=3 | looking_for=25-5 / BID | threshold=10000000 | raw_line=27.10.20(수) 산금 (민3.671/끝.67/~FA0) 팔자 -3원 매도 @ 3.703
2026-08-18 16:10:59 INFO LINE | mode=3 | looking_for=25-5 / BID | threshold=10000000 | raw_line=27.7.21.농금채은행(민.3.668,끝.78)팔자 ~ -3원 3.709%
2026-08-18 16:10:59 INFO LINE | mode=3 | looking_for=25-5 / BID | threshold=10000000 | raw_line=27.3.22(월) 롯데캐피탈458-2(민4.187, 끝.67, A+) -6원 4.301 팔자
2026-08-18 16:11:01 INFO EXCEL_CONNECTED | workbook=sample.xlsm sheet=트레이딩
2026-08-18 16:11:01 INFO LINE | mode=3 | looking_for=25-5 / BID | threshold=10000000 | raw_line=국당 31-
2026-08-18 16:11:01 INFO LINE | mode=3 | looking_for=25-5 / BID | threshold=10000000 | raw_line=27.1.25(월) 중금(민 3.233, .54) -3원 팔자~3.316%동
2026-08-18 16:11:01 INFO EXCEL_CONNECTED | workbook=sample.xlsm sheet=트레이딩
2026-08-18 16:11:02 INFO LINE | mode=3 | looking_for=25-5 / BID | threshold=10000000 | raw_line=26-2 75 755+ 10
2026-08-18 16:11:02 INFO LINE | mode=3 | looking_for=25-5 / BID | threshold=10000000 | raw_line=26-1팔고 / 구통사자
2026-08-18 16:11:02 INFO LINE | mode=3 | looking_for=25-5 / BID | threshold=10000000 | raw_line=26-6 375- 10억 ㅎㅈ
2026-08-18 16:11:02 INFO LINE | mode=3 | looking_for=25-5 / BID | threshold=10000000 | raw_line=25-11 365-
2026-08-18 16:11:02 INFO LINE | mode=3 | looking_for=25-5 / BID | threshold=10000000 | raw_line=26-6 375+ 10
2026-08-18 16:11:02 INFO LINE | mode=3 | looking_for=25-5 / BID | threshold=10000000 | raw_line=국당 31-
2026-08-18 16:11:02 INFO LINE | mode=3 | looking_for=25-5 / BID | threshold=10000000 | raw_line=26-2 75/755+ 짜툴
2026-08-18 16:11:02 INFO LINE | mode=3 | looking_for=25-5 / BID | threshold=10000000 | raw_line=27.7.21.농금채은행(민.3.668,끝.78)팔자 ~ -3원 3.709%
2026-08-18 16:11:02 INFO LINE | mode=3 | looking_for=25-5 / BID | threshold=10000000 | raw_line=27.10.20(수) 산금 (민3.671/끝.67/~FA0) 팔자 -3원 매도 @ 3.703
2026-08-18 16:11:02 INFO LINE | mode=3 | looking_for=25-5 / BID | threshold=10000000 | raw_line=28.8.28(월) 신한은행 (민 3.919) 오버 4 팔자
2026-08-18 16:11:02 INFO EXCEL_CONNECTED | workbook=sample.xlsm sheet=트레이딩
2026-08-18 16:11:02 INFO LINE | mode=3 | looking_for=25-5 / BID | threshold=10000000 | raw_line=삼통 885-
2026-08-18 16:11:04 INFO EXCEL_CONNECTED | workbook=sample.xlsm sheet=트레이딩
2026-08-18 16:11:04 INFO LINE | mode=3 | looking_for=25-5 / BID | threshold=10000000 | raw_line=26-3 11+
2026-08-18 16:11:04 INFO LINE | mode=3 | looking_for=25-5 / BID | threshold=10000000 | raw_line=통당 74 745-
2026-08-18 16:11:04 INFO LINE | mode=3 | looking_for=25-5 / BID | threshold=10000000 | raw_line=28.1.20(목) 남동발전63-1 (민4.038 .65) 100억 팔자 +3bp
2026-08-18 16:11:06 INFO EXCEL_CONNECTED | workbook=sample.xlsm sheet=트레이딩
2026-08-18 16:11:06 INFO LINE | mode=3 | looking_for=25-5 / BID | threshold=10000000 | raw_line=26-6 375- 10억
2026-08-18 16:11:06 INFO EXCEL_CONNECTED | workbook=sample.xlsm sheet=트레이딩
2026-08-18 16:11:07 INFO LINE | mode=3 | looking_for=25-5 / BID | threshold=10000000 | raw_line=25-3 965-
2026-08-18 16:11:07 INFO EXCEL_CONNECTED | workbook=sample.xlsm sheet=트레이딩
2026-08-18 16:11:07 INFO LINE | mode=3 | looking_for=25-5 / BID | threshold=10000000 | raw_line=26-7 사자 있나요
2026-08-18 16:11:07 INFO LINE | mode=3 | looking_for=25-5 / BID | threshold=10000000 | raw_line=26-3  105  11- 자투리 가능
2026-08-18 16:11:07 INFO LINE | mode=3 | looking_for=25-5 / BID | threshold=10000000 | raw_line=26-3 11+ 30억
2026-08-18 16:11:07 INFO LINE | mode=3 | looking_for=25-5 / BID | threshold=10000000 | raw_line=26-2 75 755+ 10
2026-08-18 16:11:07 INFO LINE | mode=3 | looking_for=25-5 / BID | threshold=10000000 | raw_line=26-1팔고 / 구통사자
2026-08-18 16:11:07 INFO LINE | mode=3 | looking_for=25-5 / BID | threshold=10000000 | raw_line=26-6 375- 10억 ㅎㅈ
2026-08-18 16:11:07 INFO LINE | mode=3 | looking_for=25-5 / BID | threshold=10000000 | raw_line=25-11 365-
2026-08-18 16:11:09 INFO EXCEL_CONNECTED | workbook=sample.xlsm sheet=트레이딩
2026-08-18 16:11:09 INFO LINE | mode=3 | looking_for=25-5 / BID | threshold=10000000 | raw_line=26-2 75- 10
2026-08-18 16:11:09 INFO EXCEL_CONNECTED | workbook=sample.xlsm sheet=트레이딩
2026-08-18 16:11:09 INFO LINE | mode=3 | looking_for=25-5 / BID | threshold=10000000 | raw_line=25-10  755+
2026-08-18 16:11:09 INFO LINE | mode=3 | looking_for=25-5 / BID | threshold=10000000 | raw_line=26-7 사자 있나요
2026-08-18 16:11:09 INFO LINE | mode=3 | looking_for=25-5 / BID | threshold=10000000 | raw_line=26-3  105  11- 자투리 가능
2026-08-18 16:11:09 INFO LINE | mode=3 | looking_for=25-5 / BID | threshold=10000000 | raw_line=26-3 11+ 30억
2026-08-18 16:11:09 INFO LINE | mode=3 | looking_for=25-5 / BID | threshold=10000000 | raw_line=26-2 75 755+ 10
2026-08-18 16:11:09 INFO LINE | mode=3 | looking_for=25-5 / BID | threshold=10000000 | raw_line=26-1팔고 / 구통사자
2026-08-18 16:11:09 INFO LINE | mode=3 | looking_for=25-5 / BID | threshold=10000000 | raw_line=26-6 375- 10억 ㅎㅈ
2026-08-18 16:11:10 INFO EXCEL_CONNECTED | workbook=sample.xlsm sheet=트레이딩
2026-08-18 16:11:10 INFO LINE | mode=3 | looking_for=25-5 / BID | threshold=10000000 | raw_line=26.8.28(금) 중금 팔자 (민 2.930, 끝전.53) 수10
2026-08-18 16:11:11 INFO EXCEL_CONNECTED | workbook=sample.xlsm sheet=트레이딩
2026-08-18 16:11:11 INFO LINE | mode=3 | looking_for=25-5 / BID | threshold=10000000 | raw_line=26-2 75 755 + 10
2026-08-18 16:11:11 INFO EXCEL_CONNECTED | workbook=sample.xlsm sheet=트레이딩
2026-08-18 16:11:12 INFO LINE | mode=3 | looking_for=25-5 / BID | threshold=10000000 | raw_line=26-6 375-
2026-08-18 16:11:12 INFO EXCEL_CONNECTED | workbook=sample.xlsm sheet=트레이딩
2026-08-18 16:11:12 INFO LINE | mode=3 | looking_for=25-5 / BID | threshold=10000000 | raw_line=25-11 365- 26-6 375+ 교체
2026-08-18 16:11:12 INFO LINE | mode=3 | looking_for=25-5 / BID | threshold=10000000 | raw_line=26-3 11+
2026-08-18 16:11:12 INFO LINE | mode=3 | looking_for=25-5 / BID | threshold=10000000 | raw_line=25-10  755+
2026-08-18 16:11:12 INFO LINE | mode=3 | looking_for=25-5 / BID | threshold=10000000 | raw_line=26-7 사자 있나요
2026-08-18 16:11:12 INFO LINE | mode=3 | looking_for=25-5 / BID | threshold=10000000 | raw_line=26-3  105  11- 자투리 가능
2026-08-18 16:11:12 INFO LINE | mode=3 | looking_for=25-5 / BID | threshold=10000000 | raw_line=26-3 11+ 30억
2026-08-18 16:11:12 INFO LINE | mode=3 | looking_for=25-5 / BID | threshold=10000000 | raw_line=26-2 75 755+ 10
2026-08-18 16:11:13 INFO EXCEL_CONNECTED | workbook=sample.xlsm sheet=트레이딩
2026-08-18 16:11:13 INFO LINE | mode=3 | looking_for=25-5 / BID | threshold=10000000 | raw_line=26.9.29(화) 국민카드 CP 50억 3.00 팔자
2026-08-18 16:11:14 INFO EXCEL_CONNECTED | workbook=sample.xlsm sheet=트레이딩
2026-08-18 16:11:14 INFO LINE | mode=3 | looking_for=25-5 / BID | threshold=10000000 | raw_line=26-2 75 755+ 10
2026-08-18 16:11:14 INFO LINE | mode=3 | looking_for=25-5 / BID | threshold=10000000 | raw_line=25-10  755+
2026-08-18 16:11:14 INFO EXCEL_CONNECTED | workbook=sample.xlsm sheet=트레이딩
2026-08-18 16:11:14 INFO LINE | mode=3 | looking_for=25-5 / BID | threshold=10000000 | raw_line=25-4 0.75 당사
2026-08-18 16:11:14 INFO LINE | mode=3 | looking_for=25-5 / BID | threshold=10000000 | raw_line=26-3 105/11- 20 추가
2026-08-18 16:11:14 INFO LINE | mode=3 | looking_for=25-5 / BID | threshold=10000000 | raw_line=25-11 365- 26-6 375+ 교체
2026-08-18 16:11:14 INFO LINE | mode=3 | looking_for=25-5 / BID | threshold=10000000 | raw_line=26-3 11+
2026-08-18 16:11:14 INFO LINE | mode=3 | looking_for=25-5 / BID | threshold=10000000 | raw_line=25-10  755+
2026-08-18 16:11:14 INFO LINE | mode=3 | looking_for=25-5 / BID | threshold=10000000 | raw_line=26-7 사자 있나요
2026-08-18 16:11:14 INFO LINE | mode=3 | looking_for=25-5 / BID | threshold=10000000 | raw_line=26-3  105  11- 자투리 가능
2026-08-18 16:11:17 INFO STOPPED
2026-08-18 16:11:17 INFO EXCEL_CONNECTED | workbook=sample.xlsm sheet=트레이딩
2026-08-18 16:11:26 INFO EXCEL_CONNECTED | workbook=sample.xlsm sheet=트레이딩
2026-08-18 16:11:26 INFO EXCEL_CONNECTED | workbook=sample.xlsm sheet=트레이딩
2026-08-18 16:11:26 INFO WATCHING | mode=3 source=(uia)/FORESTBOND send=notepad.exe/메모장 looking_for=25-10 / BID threshold=10000000.0 slots=[('25-10', 41, 'BUY')]
2026-08-18 16:11:27 INFO EXCEL_CONNECTED | workbook=sample.xlsm sheet=트레이딩
2026-08-18 16:11:27 INFO LINE | mode=3 | looking_for=25-10 / BID | threshold=10000000 | raw_line=25-6 매도 있나요?
2026-08-18 16:11:27 INFO LINE | mode=3 | looking_for=25-10 / BID | threshold=10000000 | raw_line=26-6 38+
2026-08-18 16:11:28 INFO EXCEL_CONNECTED | workbook=sample.xlsm sheet=트레이딩
2026-08-18 16:11:28 INFO LINE | mode=3 | looking_for=25-10 / BID | threshold=10000000 | raw_line=25-9 65- 10억
2026-08-18 16:11:28 INFO EXCEL_CONNECTED | workbook=sample.xlsm sheet=트레이딩
2026-08-18 16:11:28 INFO LINE | mode=3 | looking_for=25-10 / BID | threshold=10000000 | raw_line=20-4 01-
2026-08-18 16:11:28 INFO LINE | mode=3 | looking_for=25-10 / BID | threshold=10000000 | raw_line=26-3 11사자
2026-08-18 16:11:28 INFO LINE | mode=3 | looking_for=25-10 / BID | threshold=10000000 | raw_line=26-3 105 11-
2026-08-18 16:11:28 INFO LINE | mode=3 | looking_for=25-10 / BID | threshold=10000000 | raw_line=26-3 11+ 50
2026-08-18 16:11:28 INFO LINE | mode=3 | looking_for=25-10 / BID | threshold=10000000 | raw_line=25-4 0.75 당사
2026-08-18 16:11:28 INFO LINE | mode=3 | looking_for=25-10 / BID | threshold=10000000 | raw_line=26-3 105/11- 20 추가
2026-08-18 16:11:28 INFO LINE | mode=3 | looking_for=25-10 / BID | threshold=10000000 | raw_line=25-11 365- 26-6 375+ 교체
2026-08-18 16:11:28 INFO LINE | mode=3 | looking_for=25-10 / BID | threshold=10000000 | raw_line=28.10.17(화) KB캐피탈581-2(민4.298, 끝 .32, AA-) 오버2 팔자
2026-08-18 16:11:29 INFO EXCEL_CONNECTED | workbook=sample.xlsm sheet=트레이딩
2026-08-18 16:11:29 INFO LINE | mode=3 | looking_for=25-10 / BID | threshold=10000000 | raw_line=통당 75+
2026-08-18 16:11:31 INFO EXCEL_CONNECTED | workbook=sample.xlsm sheet=트레이딩
2026-08-18 16:11:31 INFO LINE | mode=3 | looking_for=25-10 / BID | threshold=10000000 | raw_line=20-9  08 -
2026-08-18 16:11:31 INFO LINE | mode=3 | looking_for=25-10 / BID | threshold=10000000 | raw_line=삼통 885-
2026-08-18 16:11:33 INFO EXCEL_CONNECTED | workbook=sample.xlsm sheet=트레이딩
2026-08-18 16:11:33 INFO LINE | mode=3 | looking_for=25-10 / BID | threshold=10000000 | raw_line=삼통 89+
2026-08-18 16:11:33 INFO EXCEL_CONNECTED | workbook=sample.xlsm sheet=트레이딩
2026-08-18 16:11:33 INFO LINE | mode=3 | looking_for=25-10 / BID | threshold=10000000 | raw_line=통당 75+
2026-08-18 16:11:33 INFO LINE | mode=3 | looking_for=25-10 / BID | threshold=10000000 | raw_line=삼통 885-
2026-08-18 16:11:33 INFO LINE | mode=3 | looking_for=25-10 / BID | threshold=10000000 | raw_line=삼통 89+ 동통
2026-08-18 16:11:33 INFO LINE | mode=3 | looking_for=25-10 / BID | threshold=10000000 | raw_line=통당 75+
2026-08-18 16:11:33 INFO LINE | mode=3 | looking_for=25-10 / BID | threshold=10000000 | raw_line=통안채 0.8 당팔
2026-08-18 16:11:34 INFO EXCEL_CONNECTED | workbook=sample.xlsm sheet=트레이딩
2026-08-18 16:11:34 INFO LINE | mode=3 | looking_for=25-10 / BID | threshold=10000000 | raw_line=26-2 75- 10
2026-08-18 16:11:34 INFO LINE | mode=3 | looking_for=25-10 / BID | threshold=10000000 | raw_line=구통 73+
2026-08-18 16:11:35 INFO EXCEL_CONNECTED | workbook=sample.xlsm sheet=트레이딩
2026-08-18 16:11:35 INFO LINE | mode=3 | looking_for=25-10 / BID | threshold=10000000 | raw_line=26-2 75- 10
2026-08-18 16:11:37 INFO EXCEL_CONNECTED | workbook=sample.xlsm sheet=트레이딩
2026-08-18 16:11:37 INFO LINE | mode=3 | looking_for=25-10 / BID | threshold=10000000 | raw_line=26-2 75 755+ 10
2026-08-18 16:11:37 INFO LINE | mode=3 | looking_for=25-10 / BID | threshold=10000000 | raw_line=26.8.28(금) 중금 (민2.93 끝.53 수10) 팔자 +0.85원 2.80
2026-08-18 16:11:39 INFO EXCEL_CONNECTED | workbook=sample.xlsm sheet=트레이딩
2026-08-18 16:11:39 INFO LINE | mode=3 | looking_for=25-10 / BID | threshold=10000000 | raw_line=26-3 11사자
2026-08-18 16:11:39 INFO LINE | mode=3 | looking_for=25-10 / BID | threshold=10000000 | raw_line=26-2 75 755 + 10
2026-08-18 16:11:39 INFO LINE | mode=3 | looking_for=25-10 / BID | threshold=10000000 | raw_line=통안채 0.8 당팔
2026-08-18 16:11:40 INFO EXCEL_CONNECTED | workbook=sample.xlsm sheet=트레이딩
2026-08-18 16:11:40 INFO LINE | mode=3 | looking_for=25-10 / BID | threshold=10000000 | raw_line=27.9.12(일) 서교공(민 3.748, .31) -3원 팔자~3.78%
2026-08-18 16:11:40 INFO EXCEL_CONNECTED | workbook=sample.xlsm sheet=트레이딩
2026-08-18 16:11:41 INFO LINE | mode=3 | looking_for=25-10 / BID | threshold=10000000 | raw_line=통당 75+
2026-08-18 16:11:41 INFO LINE | mode=3 | looking_for=25-10 / BID | threshold=10000000 | raw_line=27.7.18(일) 평택도시공사2025-3(녹) -6원 3.864 팔자  (민3.79  .53)
2026-08-18 16:11:41 INFO LINE | mode=3 | looking_for=25-10 / BID | threshold=10000000 | raw_line=27.9.12(일) 서교공(민 3.748, .31) -3원 팔자~3.78%
2026-08-18 16:11:41 INFO EXCEL_CONNECTED | workbook=sample.xlsm sheet=트레이딩
2026-08-18 16:11:41 INFO LINE | mode=3 | looking_for=25-10 / BID | threshold=10000000 | raw_line=27.7.18 평택도시공사 (민3.79  .53) -6원 팔자 27.11.27 농어촌공사 (민3.773  .94) -8원 팔자
2026-08-18 16:11:42 INFO EXCEL_CONNECTED | workbook=sample.xlsm sheet=트레이딩
2026-08-18 16:11:42 INFO LINE | mode=3 | looking_for=25-10 / BID | threshold=10000000 | raw_line=26-3 105 11-
2026-08-18 16:11:43 INFO EXCEL_CONNECTED | workbook=sample.xlsm sheet=트레이딩
2026-08-18 16:11:44 INFO LINE | mode=3 | looking_for=25-10 / BID | threshold=10000000 | raw_line=26-2 75/755+ 짜툴
2026-08-18 16:11:44 INFO LINE | mode=3 | looking_for=25-10 / BID | threshold=10000000 | raw_line=26-3 11+ 50
2026-08-18 16:11:44 INFO EXCEL_CONNECTED | workbook=sample.xlsm sheet=트레이딩
2026-08-18 16:11:44 INFO LINE | mode=3 | looking_for=25-10 / BID | threshold=10000000 | raw_line=25-10  755+
2026-08-18 16:11:44 INFO LINE | mode=3 | looking_for=25-10 / BID | threshold=10000000 | raw_line=26-6 375-
2026-08-18 16:11:44 INFO LINE | mode=3 | looking_for=25-10 / BID | threshold=10000000 | raw_line=26-2 75 755 + 10
2026-08-18 16:11:44 INFO LINE | mode=3 | looking_for=25-10 / BID | threshold=10000000 | raw_line=26-2 75- 10
2026-08-18 16:11:44 INFO LINE | mode=3 | looking_for=25-10 / BID | threshold=10000000 | raw_line=25-3 965-
2026-08-18 16:11:44 INFO LINE | mode=3 | looking_for=25-10 / BID | threshold=10000000 | raw_line=26-6 375- 10억
2026-08-18 16:11:44 INFO LINE | mode=3 | looking_for=25-10 / BID | threshold=10000000 | raw_line=26-3 11+
2026-08-18 16:11:44 INFO QUOTE_FOUND | 25-10 | raw_token=755+ | 3.755 | BUY | row=41 | raw_line=25-10  755+
2026-08-18 16:11:44 INFO EXCEL_CONNECTED | workbook=sample.xlsm sheet=트레이딩
2026-08-18 16:11:44 INFO EXCEL_WRITE | D41=3.755
2026-08-18 16:11:46 INFO PNL | F44=6317674.560558235
2026-08-18 16:11:47 INFO EXCEL_CONNECTED | workbook=sample.xlsm sheet=트레이딩
2026-08-18 16:11:47 INFO TRIGGERED
2026-08-18 16:11:48 INFO MESSAGE_SENT | title=메모장
2026-08-18 16:11:48 INFO SENT
2026-08-18 16:11:48 INFO EXCEL_CONNECTED | workbook=sample.xlsm sheet=트레이딩
2026-08-18 16:11:48 INFO EXCEL_CONNECTED | workbook=sample.xlsm sheet=트레이딩
2026-08-18 16:11:48 INFO WATCHING
2026-08-18 16:11:49 INFO EXCEL_CONNECTED | workbook=sample.xlsm sheet=트레이딩
2026-08-18 16:11:49 INFO LINE | mode=3 | looking_for=25-10 / BID | threshold=10000000 | raw_line=20-9 호가 있나요?
2026-08-18 16:11:49 INFO LINE | mode=3 | looking_for=25-10 / BID | threshold=10000000 | raw_line=26-2 75- 10
2026-08-18 16:11:49 INFO LINE | mode=3 | looking_for=25-10 / BID | threshold=10000000 | raw_line=26-2 75- 40
2026-08-18 16:11:49 INFO LINE | mode=3 | looking_for=25-10 / BID | threshold=10000000 | raw_line=26-3 105/11- 20
2026-08-18 16:11:49 INFO LINE | mode=3 | looking_for=25-10 / BID | threshold=10000000 | raw_line=27.2.15(월) 국철공단403(민3.353 .55) 팔자 -2.5원 3.146 추가팔자
2026-08-18 16:11:49 INFO EXCEL_CONNECTED | workbook=sample.xlsm sheet=트레이딩
2026-08-18 16:11:49 INFO LINE | mode=3 | looking_for=25-10 / BID | threshold=10000000 | raw_line=27.7.18(일) 평택도시공사(녹) (민3.790, 끝전.53, AA) -6원 팔자
2026-08-18 16:11:51 INFO EXCEL_CONNECTED | workbook=sample.xlsm sheet=트레이딩
2026-08-18 16:11:51 INFO LINE | mode=3 | looking_for=25-10 / BID | threshold=10000000 | raw_line=20-4 호가 있나요?
2026-08-18 16:11:51 INFO EXCEL_CONNECTED | workbook=sample.xlsm sheet=트레이딩
2026-08-18 16:11:51 INFO LINE | mode=3 | looking_for=25-10 / BID | threshold=10000000 | raw_line=25-9 65- 10억
2026-08-18 16:11:51 INFO LINE | mode=3 | looking_for=25-10 / BID | threshold=10000000 | raw_line=25-6 매도 있나요?
2026-08-18 16:11:51 INFO LINE | mode=3 | looking_for=25-10 / BID | threshold=10000000 | raw_line=26-6 38+
2026-08-18 16:11:51 INFO LINE | mode=3 | looking_for=25-10 / BID | threshold=10000000 | raw_line=26-2 75- 10
2026-08-18 16:11:51 INFO LINE | mode=3 | looking_for=25-10 / BID | threshold=10000000 | raw_line=26-2 75 755+ 10
2026-08-18 16:11:51 INFO LINE | mode=3 | looking_for=25-10 / BID | threshold=10000000 | raw_line=25-10  755+
2026-08-18 16:11:51 INFO LINE | mode=3 | looking_for=25-10 / BID | threshold=10000000 | raw_line=26-6 375-
2026-08-18 16:11:51 INFO QUOTE_FOUND | 25-10 | raw_token=755+ | 3.755 | BUY | row=41 | raw_line=25-10  755+
2026-08-18 16:11:51 INFO EXCEL_CONNECTED | workbook=sample.xlsm sheet=트레이딩
2026-08-18 16:11:52 INFO EXCEL_WRITE | D41=3.755
2026-08-18 16:11:52 INFO PNL | F44=6317674.560558235
2026-08-18 16:11:52 INFO EXCEL_CONNECTED | workbook=sample.xlsm sheet=트레이딩
2026-08-18 16:11:52 INFO TRIGGERED
2026-08-18 16:11:52 INFO MESSAGE_SENT | title=메모장
2026-08-18 16:11:52 INFO SENT
2026-08-18 16:11:52 INFO EXCEL_CONNECTED | workbook=sample.xlsm sheet=트레이딩
2026-08-18 16:11:53 INFO EXCEL_CONNECTED | workbook=sample.xlsm sheet=트레이딩
2026-08-18 16:11:53 INFO WATCHING
2026-08-18 16:11:54 INFO EXCEL_CONNECTED | workbook=sample.xlsm sheet=트레이딩
2026-08-18 16:11:54 INFO LINE | mode=3 | looking_for=25-10 / BID | threshold=10000000 | raw_line=26-3 105.11-
2026-08-18 16:11:55 INFO EXCEL_CONNECTED | workbook=sample.xlsm sheet=트레이딩
2026-08-18 16:11:55 INFO LINE | mode=3 | looking_for=25-10 / BID | threshold=10000000 | raw_line=27.7.18 평택도시공사 (민3.79  .53) -6원 팔자 27.11.27 농어촌공사 (민3.773  .94) -8원 팔자
2026-08-18 16:11:56 INFO EXCEL_CONNECTED | workbook=sample.xlsm sheet=트레이딩
2026-08-18 16:11:56 INFO LINE | mode=3 | looking_for=25-10 / BID | threshold=10000000 | raw_line=29.2.19(월) 한국철도공사 (민4.032 .61) +4bp
2026-08-18 16:11:57 INFO EXCEL_CONNECTED | workbook=sample.xlsm sheet=트레이딩
2026-08-18 16:11:57 INFO LINE | mode=3 | looking_for=25-10 / BID | threshold=10000000 | raw_line=26-5 0.75 당팔
2026-08-18 16:11:57 INFO EXCEL_CONNECTED | workbook=sample.xlsm sheet=트레이딩
2026-08-18 16:11:57 INFO LINE | mode=3 | looking_for=25-10 / BID | threshold=10000000 | raw_line=26-2 75- 10
2026-08-18 16:11:57 INFO LINE | mode=3 | looking_for=25-10 / BID | threshold=10000000 | raw_line=20-9  08 -
2026-08-18 16:11:57 INFO LINE | mode=3 | looking_for=25-10 / BID | threshold=10000000 | raw_line=25-9 65- 10억
2026-08-18 16:11:57 INFO LINE | mode=3 | looking_for=25-10 / BID | threshold=10000000 | raw_line=25-6 매도 있나요?
2026-08-18 16:11:57 INFO LINE | mode=3 | looking_for=25-10 / BID | threshold=10000000 | raw_line=26-6 38+
2026-08-18 16:11:57 INFO LINE | mode=3 | looking_for=25-10 / BID | threshold=10000000 | raw_line=26-2 75- 10
2026-08-18 16:11:57 INFO LINE | mode=3 | looking_for=25-10 / BID | threshold=10000000 | raw_line=26-2 75 755+ 10
2026-08-18 16:12:02 INFO EXCEL_CONNECTED | workbook=sample.xlsm sheet=트레이딩
2026-08-18 16:12:02 INFO LINE | mode=3 | looking_for=25-10 / BID | threshold=10000000 | raw_line=26-6 당사 20억
2026-08-18 16:12:02 INFO LINE | mode=3 | looking_for=25-10 / BID | threshold=10000000 | raw_line=26-3 105 11- 20억
2026-08-18 16:12:02 INFO LINE | mode=3 | looking_for=25-10 / BID | threshold=10000000 | raw_line=26-2 75- 20
2026-08-18 16:12:02 INFO LINE | mode=3 | looking_for=25-10 / BID | threshold=10000000 | raw_line=27.7.18(일) 평택도시공사(녹) (민3.790, 끝전.53, AA) -6원 팔자
2026-08-18 16:12:03 INFO EXCEL_CONNECTED | workbook=sample.xlsm sheet=트레이딩
2026-08-18 16:12:03 INFO LINE | mode=3 | looking_for=25-10 / BID | threshold=10000000 | raw_line=25-5 34+
2026-08-18 16:12:03 INFO EXCEL_CONNECTED | workbook=sample.xlsm sheet=트레이딩
2026-08-18 16:12:03 INFO LINE | mode=3 | looking_for=25-10 / BID | threshold=10000000 | raw_line=26-3 11사자
2026-08-18 16:12:03 INFO LINE | mode=3 | looking_for=25-10 / BID | threshold=10000000 | raw_line=26-2 75 755 + 10
2026-08-18 16:12:03 INFO LINE | mode=3 | looking_for=25-10 / BID | threshold=10000000 | raw_line=26-2 75 755+ 10
2026-08-18 16:12:03 INFO LINE | mode=3 | looking_for=25-10 / BID | threshold=10000000 | raw_line=26-2 75- 10
2026-08-18 16:12:03 INFO LINE | mode=3 | looking_for=25-10 / BID | threshold=10000000 | raw_line=26-2 75- 10
2026-08-18 16:12:03 INFO LINE | mode=3 | looking_for=25-10 / BID | threshold=10000000 | raw_line=20-9  08 -
2026-08-18 16:12:03 INFO LINE | mode=3 | looking_for=25-10 / BID | threshold=10000000 | raw_line=25-9 65- 10억
2026-08-18 16:12:04 INFO EXCEL_CONNECTED | workbook=sample.xlsm sheet=트레이딩
2026-08-18 16:12:04 INFO LINE | mode=3 | looking_for=25-10 / BID | threshold=10000000 | raw_line=20-9  085팔자
2026-08-18 16:12:05 INFO EXCEL_CONNECTED | workbook=sample.xlsm sheet=트레이딩
2026-08-18 16:12:05 INFO LINE | mode=3 | looking_for=25-10 / BID | threshold=10000000 | raw_line=26-2 75 755+ 10
2026-08-18 16:12:05 INFO LINE | mode=3 | looking_for=25-10 / BID | threshold=10000000 | raw_line=통안채 0.8 당팔 200억
2026-08-18 16:12:06 INFO EXCEL_CONNECTED | workbook=sample.xlsm sheet=트레이딩
2026-08-18 16:12:06 INFO LINE | mode=3 | looking_for=25-10 / BID | threshold=10000000 | raw_line=26-2 75- 10
2026-08-18 16:12:06 INFO LINE | mode=3 | looking_for=25-10 / BID | threshold=10000000 | raw_line=통당 75+
2026-08-18 16:12:06 INFO LINE | mode=3 | looking_for=25-10 / BID | threshold=10000000 | raw_line=삼통 885 89-
2026-08-18 16:12:06 INFO LINE | mode=3 | looking_for=25-10 / BID | threshold=10000000 | raw_line=통당 74-
2026-08-18 16:12:06 INFO LINE | mode=3 | looking_for=25-10 / BID | threshold=10000000 | raw_line=통당 75+
2026-08-18 16:12:06 INFO LINE | mode=3 | looking_for=25-10 / BID | threshold=10000000 | raw_line=삼통 885-
2026-08-18 16:12:06 INFO LINE | mode=3 | looking_for=25-10 / BID | threshold=10000000 | raw_line=삼통 89+ 동통
2026-08-18 16:12:06 INFO EXCEL_CONNECTED | workbook=sample.xlsm sheet=트레이딩
2026-08-18 16:12:06 INFO LINE | mode=3 | looking_for=25-10 / BID | threshold=10000000 | raw_line=26-2 75/755+ 짜툴
2026-08-18 16:12:06 INFO LINE | mode=3 | looking_for=25-10 / BID | threshold=10000000 | raw_line=26-3 11+ 50
2026-08-18 16:12:06 INFO LINE | mode=3 | looking_for=25-10 / BID | threshold=10000000 | raw_line=26-3 105 11-
2026-08-18 16:12:06 INFO LINE | mode=3 | looking_for=25-10 / BID | threshold=10000000 | raw_line=26-3 11사자
2026-08-18 16:12:06 INFO LINE | mode=3 | looking_for=25-10 / BID | threshold=10000000 | raw_line=26-2 75 755 + 10
2026-08-18 16:12:06 INFO LINE | mode=3 | looking_for=25-10 / BID | threshold=10000000 | raw_line=26-2 75 755+ 10
2026-08-18 16:12:06 INFO LINE | mode=3 | looking_for=25-10 / BID | threshold=10000000 | raw_line=26-2 75- 10
2026-08-18 16:12:07 INFO EXCEL_CONNECTED | workbook=sample.xlsm sheet=트레이딩
2026-08-18 16:12:07 INFO LINE | mode=3 | looking_for=25-10 / BID | threshold=10000000 | raw_line=삼통 89+ 동통
2026-08-18 16:12:08 INFO EXCEL_CONNECTED | workbook=sample.xlsm sheet=트레이딩
2026-08-18 16:12:08 INFO LINE | mode=3 | looking_for=25-10 / BID | threshold=10000000 | raw_line=27.7.18(일) 평택도시공사(녹) (민3.790, 끝전.53, AA) -6원 팔자
2026-08-18 16:12:08 INFO LINE | mode=3 | looking_for=25-10 / BID | threshold=10000000 | raw_line=가스공사558 (29.4.16,월) 민4.070... 팔자
2026-08-18 16:12:09 INFO EXCEL_CONNECTED | workbook=sample.xlsm sheet=트레이딩
2026-08-18 16:12:09 INFO LINE | mode=3 | looking_for=25-10 / BID | threshold=10000000 | raw_line=26-5  당파라
2026-08-18 16:12:09 INFO LINE | mode=3 | looking_for=25-10 / BID | threshold=10000000 | raw_line=가스공사558 (29.4.16,월) 민4.070... 팔자
2026-08-18 16:12:09 INFO EXCEL_CONNECTED | workbook=sample.xlsm sheet=트레이딩
2026-08-18 16:12:09 INFO LINE | mode=3 | looking_for=25-10 / BID | threshold=10000000 | raw_line=26-3 105/11- 20
2026-08-18 16:12:09 INFO LINE | mode=3 | looking_for=25-10 / BID | threshold=10000000 | raw_line=26-2 75/755+ 짜툴
2026-08-18 16:12:09 INFO LINE | mode=3 | looking_for=25-10 / BID | threshold=10000000 | raw_line=26-3 11+ 50
2026-08-18 16:12:09 INFO LINE | mode=3 | looking_for=25-10 / BID | threshold=10000000 | raw_line=26-3 105 11-
2026-08-18 16:12:09 INFO LINE | mode=3 | looking_for=25-10 / BID | threshold=10000000 | raw_line=26-3 11사자
2026-08-18 16:12:09 INFO LINE | mode=3 | looking_for=25-10 / BID | threshold=10000000 | raw_line=26-2 75 755 + 10
2026-08-18 16:12:09 INFO LINE | mode=3 | looking_for=25-10 / BID | threshold=10000000 | raw_line=26-2 75 755+ 10
2026-08-18 16:12:09 INFO LINE | mode=3 | looking_for=25-10 / BID | threshold=10000000 | raw_line=27.2.15(월) 국철공단403(민3.353 .55) 팔자 -2.5원 3.146 추가팔자
2026-08-18 16:12:11 INFO EXCEL_CONNECTED | workbook=sample.xlsm sheet=트레이딩
2026-08-18 16:12:11 INFO LINE | mode=3 | looking_for=25-10 / BID | threshold=10000000 | raw_line=20-9  085팔자
2026-08-18 16:12:11 INFO EXCEL_CONNECTED | workbook=sample.xlsm sheet=트레이딩
2026-08-18 16:12:11 INFO LINE | mode=3 | looking_for=25-10 / BID | threshold=10000000 | raw_line=26-2 75- 40
2026-08-18 16:12:11 INFO LINE | mode=3 | looking_for=25-10 / BID | threshold=10000000 | raw_line=26-3 105/11- 20
2026-08-18 16:12:11 INFO LINE | mode=3 | looking_for=25-10 / BID | threshold=10000000 | raw_line=26-2 75/755+ 짜툴
2026-08-18 16:12:11 INFO LINE | mode=3 | looking_for=25-10 / BID | threshold=10000000 | raw_line=26-3 11+ 50
2026-08-18 16:12:11 INFO LINE | mode=3 | looking_for=25-10 / BID | threshold=10000000 | raw_line=26-3 105 11-
2026-08-18 16:12:11 INFO LINE | mode=3 | looking_for=25-10 / BID | threshold=10000000 | raw_line=26-3 11사자
2026-08-18 16:12:11 INFO LINE | mode=3 | looking_for=25-10 / BID | threshold=10000000 | raw_line=26-2 75 755 + 10
2026-08-18 16:12:11 INFO LINE | mode=3 | looking_for=25-10 / BID | threshold=10000000 | raw_line=삼통 885-
2026-08-18 16:12:12 INFO EXCEL_CONNECTED | workbook=sample.xlsm sheet=트레이딩
2026-08-18 16:12:12 INFO LINE | mode=3 | looking_for=25-10 / BID | threshold=10000000 | raw_line=26-3 11+
2026-08-18 16:12:12 INFO LINE | mode=3 | looking_for=25-10 / BID | threshold=10000000 | raw_line=26-3 105 11-
2026-08-18 16:12:12 INFO LINE | mode=3 | looking_for=25-10 / BID | threshold=10000000 | raw_line=감사합니다
2026-08-18 16:12:12 INFO LINE | mode=3 | looking_for=25-10 / BID | threshold=10000000 | raw_line=감사합니다
2026-08-18 16:12:14 INFO EXCEL_CONNECTED | workbook=sample.xlsm sheet=트레이딩
2026-08-18 16:12:14 INFO LINE | mode=3 | looking_for=25-10 / BID | threshold=10000000 | raw_line=26-2 매수는여
2026-08-18 16:12:14 INFO LINE | mode=3 | looking_for=25-10 / BID | threshold=10000000 | raw_line=통당 75+
2026-08-18 16:12:15 INFO EXCEL_CONNECTED | workbook=sample.xlsm sheet=트레이딩
2026-08-18 16:12:15 INFO LINE | mode=3 | looking_for=25-10 / BID | threshold=10000000 | raw_line=27.9.5(일) 수금중앙회 (민3.753 끝.66 경과이자o) 팔자
2026-08-18 16:12:16 INFO EXCEL_CONNECTED | workbook=sample.xlsm sheet=트레이딩
2026-08-18 16:12:16 INFO LINE | mode=3 | looking_for=25-10 / BID | threshold=10000000 | raw_line=21-5 145-
2026-08-18 16:12:16 INFO LINE | mode=3 | looking_for=25-10 / BID | threshold=10000000 | raw_line=26-2 75 755 + 10
2026-08-18 16:12:16 INFO LINE | mode=3 | looking_for=25-10 / BID | threshold=10000000 | raw_line=26-6 375.38+ 10
2026-08-18 16:12:17 INFO EXCEL_CONNECTED | workbook=sample.xlsm sheet=트레이딩
2026-08-18 16:12:17 INFO LINE | mode=3 | looking_for=25-10 / BID | threshold=10000000 | raw_line=26-2 75 755+ 10
2026-08-18 16:12:17 INFO EXCEL_CONNECTED | workbook=sample.xlsm sheet=트레이딩
2026-08-18 16:12:18 INFO LINE | mode=3 | looking_for=25-10 / BID | threshold=10000000 | raw_line=26-3 105 11- 20억
2026-08-18 16:12:18 INFO LINE | mode=3 | looking_for=25-10 / BID | threshold=10000000 | raw_line=26-2 75- 20
2026-08-18 16:12:18 INFO LINE | mode=3 | looking_for=25-10 / BID | threshold=10000000 | raw_line=26-5 0.75 당팔
2026-08-18 16:12:18 INFO LINE | mode=3 | looking_for=25-10 / BID | threshold=10000000 | raw_line=26-3 105.11-
2026-08-18 16:12:18 INFO LINE | mode=3 | looking_for=25-10 / BID | threshold=10000000 | raw_line=20-4 호가 있나요?
2026-08-18 16:12:18 INFO LINE | mode=3 | looking_for=25-10 / BID | threshold=10000000 | raw_line=20-9 호가 있나요?
2026-08-18 16:12:18 INFO LINE | mode=3 | looking_for=25-10 / BID | threshold=10000000 | raw_line=26-2 75- 10
2026-08-18 16:12:18 INFO EXCEL_CONNECTED | workbook=sample.xlsm sheet=트레이딩
2026-08-18 16:12:18 INFO LINE | mode=3 | looking_for=25-10 / BID | threshold=10000000 | raw_line=상상인
2026-08-18 16:12:19 INFO EXCEL_CONNECTED | workbook=sample.xlsm sheet=트레이딩
2026-08-18 16:12:19 INFO LINE | mode=3 | looking_for=25-10 / BID | threshold=10000000 | raw_line=26-3 105 11- 20억
2026-08-18 16:12:20 INFO EXCEL_CONNECTED | workbook=sample.xlsm sheet=트레이딩
2026-08-18 16:12:20 INFO LINE | mode=3 | looking_for=25-10 / BID | threshold=10000000 | raw_line=26-6 375-
2026-08-18 16:12:20 INFO LINE | mode=3 | looking_for=25-10 / BID | threshold=10000000 | raw_line=26-2 75 755- 10
2026-08-18 16:12:20 INFO LINE | mode=3 | looking_for=25-10 / BID | threshold=10000000 | raw_line=통당 74 745 -
2026-08-18 16:12:20 INFO LINE | mode=3 | looking_for=25-10 / BID | threshold=10000000 | raw_line=구구삼통 66 +
2026-08-18 16:12:20 INFO EXCEL_CONNECTED | workbook=sample.xlsm sheet=트레이딩
2026-08-18 16:12:21 INFO LINE | mode=3 | looking_for=25-10 / BID | threshold=10000000 | raw_line=26-2 75 755+ 10 ㅎㅈ
2026-08-18 16:12:21 INFO LINE | mode=3 | looking_for=25-10 / BID | threshold=10000000 | raw_line=삼통 89+
2026-08-18 16:12:21 INFO EXCEL_CONNECTED | workbook=sample.xlsm sheet=트레이딩
2026-08-18 16:12:21 INFO LINE | mode=3 | looking_for=25-10 / BID | threshold=10000000 | raw_line=26-2 75 755+ 10
2026-08-18 16:12:21 INFO LINE | mode=3 | looking_for=25-10 / BID | threshold=10000000 | raw_line=20-9  085팔자
2026-08-18 16:12:21 INFO LINE | mode=3 | looking_for=25-10 / BID | threshold=10000000 | raw_line=25-5 34+
2026-08-18 16:12:21 INFO LINE | mode=3 | looking_for=25-10 / BID | threshold=10000000 | raw_line=26-6 당사 20억
2026-08-18 16:12:21 INFO LINE | mode=3 | looking_for=25-10 / BID | threshold=10000000 | raw_line=26-3 105 11- 20억
2026-08-18 16:12:21 INFO LINE | mode=3 | looking_for=25-10 / BID | threshold=10000000 | raw_line=26-2 75- 20
2026-08-18 16:12:21 INFO LINE | mode=3 | looking_for=25-10 / BID | threshold=10000000 | raw_line=26-5 0.75 당팔
2026-08-18 16:12:21 INFO LINE | mode=3 | looking_for=25-10 / BID | threshold=10000000 | raw_line=통당 74 745-
2026-08-18 16:12:21 INFO LINE | mode=3 | looking_for=25-10 / BID | threshold=10000000 | raw_line=삼통 89+
2026-08-18 16:12:21 INFO LINE | mode=3 | looking_for=25-10 / BID | threshold=10000000 | raw_line=삼통 89+ 동통
2026-08-18 16:12:21 INFO LINE | mode=3 | looking_for=25-10 / BID | threshold=10000000 | raw_line=통당 74-
2026-08-18 16:12:21 INFO LINE | mode=3 | looking_for=25-10 / BID | threshold=10000000 | raw_line=통당 74 -
2026-08-18 16:12:22 INFO EXCEL_CONNECTED | workbook=sample.xlsm sheet=트레이딩
2026-08-18 16:12:23 INFO LINE | mode=3 | looking_for=25-10 / BID | threshold=10000000 | raw_line=ㅎㅈ
2026-08-18 16:12:23 INFO LINE | mode=3 | looking_for=25-10 / BID | threshold=10000000 | raw_line=ㅎㅈ
2026-08-18 16:12:23 INFO LINE | mode=3 | looking_for=25-10 / BID | threshold=10000000 | raw_line=ㅎㅈ
2026-08-18 16:12:23 INFO LINE | mode=3 | looking_for=25-10 / BID | threshold=10000000 | raw_line=ㅎㅈ
2026-08-18 16:12:24 INFO EXCEL_CONNECTED | workbook=sample.xlsm sheet=트레이딩
2026-08-18 16:12:24 INFO LINE | mode=3 | looking_for=25-10 / BID | threshold=10000000 | raw_line=2026.08.18 / 16:12
2026-08-18 16:12:24 INFO LINE | mode=3 | looking_for=25-10 / BID | threshold=10000000 | raw_line=26-3 105 11- 20억
2026-08-18 16:12:25 INFO EXCEL_CONNECTED | workbook=sample.xlsm sheet=트레이딩
2026-08-18 16:12:25 INFO LINE | mode=3 | looking_for=25-10 / BID | threshold=10000000 | raw_line=26-2 75 755+ 자투리
2026-08-18 16:12:25 INFO EXCEL_CONNECTED | workbook=sample.xlsm sheet=트레이딩
2026-08-18 16:12:25 INFO LINE | mode=3 | looking_for=25-10 / BID | threshold=10000000 | raw_line=26-5  당파라
2026-08-18 16:12:25 INFO LINE | mode=3 | looking_for=25-10 / BID | threshold=10000000 | raw_line=26-2 75- 10
2026-08-18 16:12:25 INFO LINE | mode=3 | looking_for=25-10 / BID | threshold=10000000 | raw_line=26-2 75 755+ 10
2026-08-18 16:12:25 INFO LINE | mode=3 | looking_for=25-10 / BID | threshold=10000000 | raw_line=20-9  085팔자
2026-08-18 16:12:25 INFO LINE | mode=3 | looking_for=25-10 / BID | threshold=10000000 | raw_line=25-5 34+
2026-08-18 16:12:25 INFO LINE | mode=3 | looking_for=25-10 / BID | threshold=10000000 | raw_line=26-6 당사 20억
2026-08-18 16:12:25 INFO LINE | mode=3 | looking_for=25-10 / BID | threshold=10000000 | raw_line=26-3 105 11- 20억
2026-08-18 16:12:26 INFO EXCEL_CONNECTED | workbook=sample.xlsm sheet=트레이딩
2026-08-18 16:12:26 INFO LINE | mode=3 | looking_for=25-10 / BID | threshold=10000000 | raw_line=통당 75+
2026-08-18 16:12:27 INFO EXCEL_CONNECTED | workbook=sample.xlsm sheet=트레이딩
2026-08-18 16:12:27 INFO LINE | mode=3 | looking_for=25-10 / BID | threshold=10000000 | raw_line=26-2 75- 10
2026-08-18 16:12:27 INFO LINE | mode=3 | looking_for=25-10 / BID | threshold=10000000 | raw_line=엔에이치
2026-08-18 16:12:27 INFO LINE | mode=3 | looking_for=25-10 / BID | threshold=10000000 | raw_line=엔에이치
2026-08-18 16:12:28 INFO EXCEL_CONNECTED | workbook=sample.xlsm sheet=트레이딩
2026-08-18 16:12:28 INFO LINE | mode=3 | looking_for=25-10 / BID | threshold=10000000 | raw_line=20-9  085팔자
2026-08-18 16:12:28 INFO LINE | mode=3 | looking_for=25-10 / BID | threshold=10000000 | raw_line=26-5  당파라
2026-08-18 16:12:28 INFO LINE | mode=3 | looking_for=25-10 / BID | threshold=10000000 | raw_line=26-2 75- 10
2026-08-18 16:12:28 INFO LINE | mode=3 | looking_for=25-10 / BID | threshold=10000000 | raw_line=26-2 75 755+ 10
2026-08-18 16:12:28 INFO LINE | mode=3 | looking_for=25-10 / BID | threshold=10000000 | raw_line=20-9  085팔자
2026-08-18 16:12:28 INFO LINE | mode=3 | looking_for=25-10 / BID | threshold=10000000 | raw_line=25-5 34+
2026-08-18 16:12:28 INFO LINE | mode=3 | looking_for=25-10 / BID | threshold=10000000 | raw_line=26-6 당사 20억
2026-08-18 16:12:28 INFO LINE | mode=3 | looking_for=25-10 / BID | threshold=10000000 | raw_line=ds
2026-08-18 16:12:28 INFO LINE | mode=3 | looking_for=25-10 / BID | threshold=10000000 | raw_line=ds
2026-08-18 16:12:28 INFO LINE | mode=3 | looking_for=25-10 / BID | threshold=10000000 | raw_line=ㅎㅈ
2026-08-18 16:12:28 INFO LINE | mode=3 | looking_for=25-10 / BID | threshold=10000000 | raw_line=ㅎㅈ
2026-08-18 16:12:28 INFO LINE | mode=3 | looking_for=25-10 / BID | threshold=10000000 | raw_line=ㅎㅈ
2026-08-18 16:12:29 INFO EXCEL_CONNECTED | workbook=sample.xlsm sheet=트레이딩
2026-08-18 16:12:29 INFO LINE | mode=3 | looking_for=25-10 / BID | threshold=10000000 | raw_line=26-3 11사자
2026-08-18 16:12:29 INFO LINE | mode=3 | looking_for=25-10 / BID | threshold=10000000 | raw_line=26-3 11+ 자투리
2026-08-18 16:12:29 INFO LINE | mode=3 | looking_for=25-10 / BID | threshold=10000000 | raw_line=26-3 105 11-
2026-08-18 16:12:29 INFO LINE | mode=3 | looking_for=25-10 / BID | threshold=10000000 | raw_line=26-2     75/755+   10
2026-08-18 16:12:29 INFO EXCEL_CONNECTED | workbook=sample.xlsm sheet=트레이딩
2026-08-18 16:12:29 INFO LINE | mode=3 | looking_for=25-10 / BID | threshold=10000000 | raw_line=26-6 375.38+ 10
2026-08-18 16:12:29 INFO LINE | mode=3 | looking_for=25-10 / BID | threshold=10000000 | raw_line=26-2 매수는여
2026-08-18 16:12:29 INFO LINE | mode=3 | looking_for=25-10 / BID | threshold=10000000 | raw_line=26-3 11+
2026-08-18 16:12:29 INFO LINE | mode=3 | looking_for=25-10 / BID | threshold=10000000 | raw_line=26-3 105 11-
2026-08-18 16:12:29 INFO LINE | mode=3 | looking_for=25-10 / BID | threshold=10000000 | raw_line=20-9  085팔자
2026-08-18 16:12:29 INFO LINE | mode=3 | looking_for=25-10 / BID | threshold=10000000 | raw_line=26-5  당파라
2026-08-18 16:12:29 INFO LINE | mode=3 | looking_for=25-10 / BID | threshold=10000000 | raw_line=26-2 75- 10
2026-08-18 16:12:29 INFO LINE | mode=3 | looking_for=25-10 / BID | threshold=10000000 | raw_line=감사합니다
2026-08-18 16:12:30 INFO EXCEL_CONNECTED | workbook=sample.xlsm sheet=트레이딩
2026-08-18 16:12:30 INFO LINE | mode=3 | looking_for=25-10 / BID | threshold=10000000 | raw_line=케이알 할게요
2026-08-18 16:12:30 INFO LINE | mode=3 | looking_for=25-10 / BID | threshold=10000000 | raw_line=케이알 할게요
2026-08-18 16:12:30 INFO LINE | mode=3 | looking_for=25-10 / BID | threshold=10000000 | raw_line=메리츠
2026-08-18 16:12:30 INFO LINE | mode=3 | looking_for=25-10 / BID | threshold=10000000 | raw_line=ds
2026-08-18 16:12:30 INFO LINE | mode=3 | looking_for=25-10 / BID | threshold=10000000 | raw_line=ds
2026-08-18 16:12:30 INFO LINE | mode=3 | looking_for=25-10 / BID | threshold=10000000 | raw_line=ㅎㅈ
2026-08-18 16:12:31 INFO EXCEL_CONNECTED | workbook=sample.xlsm sheet=트레이딩
2026-08-18 16:12:31 INFO LINE | mode=3 | looking_for=25-10 / BID | threshold=10000000 | raw_line=25-9 65 팔자 10억 (DS투자증권 채권전략팀
2026-08-18 16:12:31 INFO EXCEL_CONNECTED | workbook=sample.xlsm sheet=트레이딩
2026-08-18 16:12:32 INFO LINE | mode=3 | looking_for=25-10 / BID | threshold=10000000 | raw_line=26-3 105/11- 20
2026-08-18 16:12:32 INFO LINE | mode=3 | looking_for=25-10 / BID | threshold=10000000 | raw_line=26-2 75/755+ 짜툴
2026-08-18 16:12:32 INFO LINE | mode=3 | looking_for=25-10 / BID | threshold=10000000 | raw_line=26-2 75 755 + 10
2026-08-18 16:12:32 INFO EXCEL_CONNECTED | workbook=sample.xlsm sheet=트레이딩
2026-08-18 16:12:32 INFO LINE | mode=3 | looking_for=25-10 / BID | threshold=10000000 | raw_line=26-3 105 11- 20억
2026-08-18 16:12:32 INFO LINE | mode=3 | looking_for=25-10 / BID | threshold=10000000 | raw_line=26-2 75 755+ 10
2026-08-18 16:12:32 INFO LINE | mode=3 | looking_for=25-10 / BID | threshold=10000000 | raw_line=21-5 145-
2026-08-18 16:12:32 INFO LINE | mode=3 | looking_for=25-10 / BID | threshold=10000000 | raw_line=26-2 75 755 + 10
2026-08-18 16:12:32 INFO LINE | mode=3 | looking_for=25-10 / BID | threshold=10000000 | raw_line=26-6 375.38+ 10
2026-08-18 16:12:32 INFO LINE | mode=3 | looking_for=25-10 / BID | threshold=10000000 | raw_line=26-2 매수는여
2026-08-18 16:12:32 INFO LINE | mode=3 | looking_for=25-10 / BID | threshold=10000000 | raw_line=26-3 11+
2026-08-18 16:12:33 INFO EXCEL_CONNECTED | workbook=sample.xlsm sheet=트레이딩
2026-08-18 16:12:33 INFO LINE | mode=3 | looking_for=25-10 / BID | threshold=10000000 | raw_line=26-3 11선팔자 50억
2026-08-18 16:12:34 INFO EXCEL_CONNECTED | workbook=sample.xlsm sheet=트레이딩
2026-08-18 16:12:34 INFO LINE | mode=3 | looking_for=25-10 / BID | threshold=10000000 | raw_line=26-2  75- 자투리
2026-08-18 16:12:34 INFO EXCEL_CONNECTED | workbook=sample.xlsm sheet=트레이딩
2026-08-18 16:12:34 INFO LINE | mode=3 | looking_for=25-10 / BID | threshold=10000000 | raw_line=26-6 375-
2026-08-18 16:12:34 INFO LINE | mode=3 | looking_for=25-10 / BID | threshold=10000000 | raw_line=26-2 75 755- 10
2026-08-18 16:12:34 INFO LINE | mode=3 | looking_for=25-10 / BID | threshold=10000000 | raw_line=26-3 105 11- 20억
2026-08-18 16:12:34 INFO LINE | mode=3 | looking_for=25-10 / BID | threshold=10000000 | raw_line=26-2 75 755+ 10
2026-08-18 16:12:34 INFO LINE | mode=3 | looking_for=25-10 / BID | threshold=10000000 | raw_line=21-5 145-
2026-08-18 16:12:34 INFO LINE | mode=3 | looking_for=25-10 / BID | threshold=10000000 | raw_line=26-2 75 755 + 10
2026-08-18 16:12:34 INFO LINE | mode=3 | looking_for=25-10 / BID | threshold=10000000 | raw_line=26-6 375.38+ 10
2026-08-18 16:12:35 INFO EXCEL_CONNECTED | workbook=sample.xlsm sheet=트레이딩
2026-08-18 16:12:35 INFO LINE | mode=3 | looking_for=25-10 / BID | threshold=10000000 | raw_line=26-2 75- 10
2026-08-18 16:12:36 INFO EXCEL_CONNECTED | workbook=sample.xlsm sheet=트레이딩
2026-08-18 16:12:36 INFO LINE | mode=3 | looking_for=25-10 / BID | threshold=10000000 | raw_line=ㅎㅈ
2026-08-18 16:12:38 INFO EXCEL_CONNECTED | workbook=sample.xlsm sheet=트레이딩
2026-08-18 16:12:38 INFO LINE | mode=3 | looking_for=25-10 / BID | threshold=10000000 | raw_line=20-4 호가 있나요?
2026-08-18 16:12:41 INFO EXCEL_CONNECTED | workbook=sample.xlsm sheet=트레이딩
2026-08-18 16:12:41 INFO LINE | mode=3 | looking_for=25-10 / BID | threshold=10000000 | raw_line=25-10  755+
2026-08-18 16:12:41 INFO QUOTE_FOUND | 25-10 | raw_token=755+ | 3.755 | BUY | row=41 | raw_line=25-10  755+
2026-08-18 16:12:41 INFO EXCEL_CONNECTED | workbook=sample.xlsm sheet=트레이딩
2026-08-18 16:12:41 INFO EXCEL_WRITE | D41=3.755
2026-08-18 16:12:41 INFO PNL | F44=6317674.560558235
2026-08-18 16:12:41 INFO EXCEL_CONNECTED | workbook=sample.xlsm sheet=트레이딩
2026-08-18 16:12:41 INFO TRIGGERED
2026-08-18 16:12:42 INFO MESSAGE_SENT | title=메모장
2026-08-18 16:12:42 INFO SENT
2026-08-18 16:12:42 INFO EXCEL_CONNECTED | workbook=sample.xlsm sheet=트레이딩
2026-08-18 16:12:43 INFO EXCEL_CONNECTED | workbook=sample.xlsm sheet=트레이딩
2026-08-18 16:12:43 INFO WATCHING
2026-08-18 16:12:43 INFO EXCEL_CONNECTED | workbook=sample.xlsm sheet=트레이딩
2026-08-18 16:12:44 INFO LINE | mode=3 | looking_for=25-10 / BID | threshold=10000000 | raw_line=26-2 75 755+ 자투리
2026-08-18 16:12:44 INFO LINE | mode=3 | looking_for=25-10 / BID | threshold=10000000 | raw_line=26-3 105 11- 20억
2026-08-18 16:12:44 INFO LINE | mode=3 | looking_for=25-10 / BID | threshold=10000000 | raw_line=26-2 75 755+ 10 ㅎㅈ
2026-08-18 16:12:44 INFO LINE | mode=3 | looking_for=25-10 / BID | threshold=10000000 | raw_line=26-6 375-
2026-08-18 16:12:44 INFO LINE | mode=3 | looking_for=25-10 / BID | threshold=10000000 | raw_line=26-2 75 755- 10
2026-08-18 16:12:44 INFO LINE | mode=3 | looking_for=25-10 / BID | threshold=10000000 | raw_line=26-3 105 11- 20억
2026-08-18 16:12:44 INFO LINE | mode=3 | looking_for=25-10 / BID | threshold=10000000 | raw_line=26-2 75 755+ 10
2026-08-18 16:12:44 INFO LINE | mode=3 | looking_for=25-10 / BID | threshold=10000000 | raw_line=통당 75-
2026-08-18 16:12:44 INFO LINE | mode=3 | looking_for=25-10 / BID | threshold=10000000 | raw_line=통당 75+
2026-08-18 16:12:44 INFO LINE | mode=3 | looking_for=25-10 / BID | threshold=10000000 | raw_line=ㅎㅈ
2026-08-18 16:12:44 INFO LINE | mode=3 | looking_for=25-10 / BID | threshold=10000000 | raw_line=ㅎㅈ
2026-08-18 16:12:44 INFO LINE | mode=3 | looking_for=25-10 / BID | threshold=10000000 | raw_line=ㅎㅈ
2026-08-18 16:12:44 INFO LINE | mode=3 | looking_for=25-10 / BID | threshold=10000000 | raw_line=ㅎㅈ
2026-08-18 16:12:44 INFO EXCEL_CONNECTED | workbook=sample.xlsm sheet=트레이딩
2026-08-18 16:12:44 INFO LINE | mode=3 | looking_for=25-10 / BID | threshold=10000000 | raw_line=통당 75+
2026-08-18 16:12:44 INFO LINE | mode=3 | looking_for=25-10 / BID | threshold=10000000 | raw_line=삼통 89+ 동통
2026-08-18 16:12:44 INFO LINE | mode=3 | looking_for=25-10 / BID | threshold=10000000 | raw_line=통당 74 745-
2026-08-18 16:12:44 INFO LINE | mode=3 | looking_for=25-10 / BID | threshold=10000000 | raw_line=통당 74 745-
2026-08-18 16:12:44 INFO LINE | mode=3 | looking_for=25-10 / BID | threshold=10000000 | raw_line=삼통 89+
2026-08-18 16:12:44 INFO LINE | mode=3 | looking_for=25-10 / BID | threshold=10000000 | raw_line=삼통 89+ 동통
2026-08-18 16:12:44 INFO LINE | mode=3 | looking_for=25-10 / BID | threshold=10000000 | raw_line=감사합니다
2026-08-18 16:12:44 INFO LINE | mode=3 | looking_for=25-10 / BID | threshold=10000000 | raw_line=감사합니다
2026-08-18 16:12:44 INFO LINE | mode=3 | looking_for=25-10 / BID | threshold=10000000 | raw_line=감사합니다
2026-08-18 16:12:44 INFO LINE | mode=3 | looking_for=25-10 / BID | threshold=10000000 | raw_line=감사합니다
2026-08-18 16:12:44 INFO LINE | mode=3 | looking_for=25-10 / BID | threshold=10000000 | raw_line=메리츠
2026-08-18 16:12:45 INFO EXCEL_CONNECTED | workbook=sample.xlsm sheet=트레이딩
2026-08-18 16:12:45 INFO LINE | mode=3 | looking_for=25-10 / BID | threshold=10000000 | raw_line=ㅎㅈ
2026-08-18 16:12:45 INFO LINE | mode=3 | looking_for=25-10 / BID | threshold=10000000 | raw_line=ㅎㅈ
2026-08-18 16:12:46 INFO EXCEL_CONNECTED | workbook=sample.xlsm sheet=트레이딩
2026-08-18 16:12:46 INFO LINE | mode=3 | looking_for=25-10 / BID | threshold=10000000 | raw_line=75+
2026-08-18 16:12:46 INFO LINE | mode=3 | looking_for=25-10 / BID | threshold=10000000 | raw_line=75+
2026-08-18 16:12:46 INFO EXCEL_CONNECTED | workbook=sample.xlsm sheet=트레이딩
2026-08-18 16:12:46 INFO LINE | mode=3 | looking_for=25-10 / BID | threshold=10000000 | raw_line=ㅎㅈ
2026-08-18 16:12:46 INFO LINE | mode=3 | looking_for=25-10 / BID | threshold=10000000 | raw_line=ㅎㅈ
2026-08-18 16:12:46 INFO LINE | mode=3 | looking_for=25-10 / BID | threshold=10000000 | raw_line=ㅎㅈ
2026-08-18 16:12:46 INFO LINE | mode=3 | looking_for=25-10 / BID | threshold=10000000 | raw_line=ㅎㅈ
2026-08-18 16:12:46 INFO LINE | mode=3 | looking_for=25-10 / BID | threshold=10000000 | raw_line=감사합니다
2026-08-18 16:12:47 INFO EXCEL_CONNECTED | workbook=sample.xlsm sheet=트레이딩
2026-08-18 16:12:47 INFO LINE | mode=3 | looking_for=25-10 / BID | threshold=10000000 | raw_line=26-3 105 11-
2026-08-18 16:12:47 INFO LINE | mode=3 | looking_for=25-10 / BID | threshold=10000000 | raw_line=26-3 105 11-
2026-08-18 16:12:47 INFO LINE | mode=3 | looking_for=25-10 / BID | threshold=10000000 | raw_line=26-3 11+ 50
2026-08-18 16:12:48 INFO EXCEL_CONNECTED | workbook=sample.xlsm sheet=트레이딩
2026-08-18 16:12:49 INFO LINE | mode=3 | looking_for=25-10 / BID | threshold=10000000 | raw_line=26-2 75- 10
2026-08-18 16:12:49 INFO LINE | mode=3 | looking_for=25-10 / BID | threshold=10000000 | raw_line=26-3 11+ 자투리
2026-08-18 16:12:49 INFO LINE | mode=3 | looking_for=25-10 / BID | threshold=10000000 | raw_line=20-9 10+
2026-08-18 16:12:49 INFO LINE | mode=3 | looking_for=25-10 / BID | threshold=10000000 | raw_line=통당 74-
2026-08-18 16:12:50 INFO EXCEL_CONNECTED | workbook=sample.xlsm sheet=트레이딩
2026-08-18 16:12:50 INFO LINE | mode=3 | looking_for=25-10 / BID | threshold=10000000 | raw_line=25-9 65 팔자 10억 (DS투자증권 채권전략팀
2026-08-18 16:12:50 INFO LINE | mode=3 | looking_for=25-10 / BID | threshold=10000000 | raw_line=26-3 11사자
2026-08-18 16:12:50 INFO LINE | mode=3 | looking_for=25-10 / BID | threshold=10000000 | raw_line=26-3 11+ 자투리
2026-08-18 16:12:50 INFO LINE | mode=3 | looking_for=25-10 / BID | threshold=10000000 | raw_line=26-3 105 11-
2026-08-18 16:12:50 INFO LINE | mode=3 | looking_for=25-10 / BID | threshold=10000000 | raw_line=26-2     75/755+   10
2026-08-18 16:12:50 INFO LINE | mode=3 | looking_for=25-10 / BID | threshold=10000000 | raw_line=26-2 75- 10
2026-08-18 16:12:50 INFO LINE | mode=3 | looking_for=25-10 / BID | threshold=10000000 | raw_line=26-2 75 755+ 자투리
2026-08-18 16:12:50 INFO EXCEL_CONNECTED | workbook=sample.xlsm sheet=트레이딩
2026-08-18 16:12:51 INFO LINE | mode=3 | looking_for=25-10 / BID | threshold=10000000 | raw_line=26-2 75- 10
2026-08-18 16:12:51 INFO LINE | mode=3 | looking_for=25-10 / BID | threshold=10000000 | raw_line=통당 75+
2026-08-18 16:12:51 INFO EXCEL_CONNECTED | workbook=sample.xlsm sheet=트레이딩
2026-08-18 16:12:51 INFO LINE | mode=3 | looking_for=25-10 / BID | threshold=10000000 | raw_line=통당 75+
2026-08-18 16:12:52 INFO EXCEL_CONNECTED | workbook=sample.xlsm sheet=트레이딩
2026-08-18 16:12:52 INFO LINE | mode=3 | looking_for=25-10 / BID | threshold=10000000 | raw_line=25-10 75 755-
2026-08-18 16:12:52 INFO LINE | mode=3 | looking_for=25-10 / BID | threshold=10000000 | raw_line=감사합니다
2026-08-18 16:12:53 INFO EXCEL_CONNECTED | workbook=sample.xlsm sheet=트레이딩
2026-08-18 16:12:53 INFO LINE | mode=3 | looking_for=25-10 / BID | threshold=10000000 | raw_line=26-3 11사자
2026-08-18 16:12:53 INFO LINE | mode=3 | looking_for=25-10 / BID | threshold=10000000 | raw_line=26-2 75 755 + 10
2026-08-18 16:12:53 INFO LINE | mode=3 | looking_for=25-10 / BID | threshold=10000000 | raw_line=부국으로
2026-08-18 16:12:53 INFO LINE | mode=3 | looking_for=25-10 / BID | threshold=10000000 | raw_line=부국으로
2026-08-18 16:12:53 INFO EXCEL_CONNECTED | workbook=sample.xlsm sheet=트레이딩
2026-08-18 16:12:54 INFO LINE | mode=3 | looking_for=25-10 / BID | threshold=10000000 | raw_line=26-3 11선팔자 50억
2026-08-18 16:12:54 INFO LINE | mode=3 | looking_for=25-10 / BID | threshold=10000000 | raw_line=26-3 105/11- 20
2026-08-18 16:12:54 INFO LINE | mode=3 | looking_for=25-10 / BID | threshold=10000000 | raw_line=26-2 75/755+ 짜툴
2026-08-18 16:12:54 INFO LINE | mode=3 | looking_for=25-10 / BID | threshold=10000000 | raw_line=26-2 75 755 + 10
2026-08-18 16:12:54 INFO LINE | mode=3 | looking_for=25-10 / BID | threshold=10000000 | raw_line=25-9 65 팔자 10억 (DS투자증권 채권전략팀
2026-08-18 16:12:54 INFO LINE | mode=3 | looking_for=25-10 / BID | threshold=10000000 | raw_line=26-3 11사자
2026-08-18 16:12:54 INFO LINE | mode=3 | looking_for=25-10 / BID | threshold=10000000 | raw_line=26-3 11+ 자투리
2026-08-18 16:12:54 INFO LINE | mode=3 | looking_for=25-10 / BID | threshold=10000000 | raw_line=할게요
2026-08-18 16:12:54 INFO LINE | mode=3 | looking_for=25-10 / BID | threshold=10000000 | raw_line=할게요
2026-08-18 16:12:54 INFO EXCEL_CONNECTED | workbook=sample.xlsm sheet=트레이딩
2026-08-18 16:12:54 INFO LINE | mode=3 | looking_for=25-10 / BID | threshold=10000000 | raw_line=케이알 할게요
2026-08-18 16:12:54 INFO LINE | mode=3 | looking_for=25-10 / BID | threshold=10000000 | raw_line=케이알 할게요
2026-08-18 16:12:54 INFO LINE | mode=3 | looking_for=25-10 / BID | threshold=10000000 | raw_line=엔에이치
2026-08-18 16:12:54 INFO LINE | mode=3 | looking_for=25-10 / BID | threshold=10000000 | raw_line=엔에이치
2026-08-18 16:12:54 INFO LINE | mode=3 | looking_for=25-10 / BID | threshold=10000000 | raw_line=ㅎㅈ
2026-08-18 16:12:55 INFO EXCEL_CONNECTED | workbook=sample.xlsm sheet=트레이딩
2026-08-18 16:12:55 INFO LINE | mode=3 | looking_for=25-10 / BID | threshold=10000000 | raw_line=25-9 65- 10억
2026-08-18 16:12:56 INFO EXCEL_CONNECTED | workbook=sample.xlsm sheet=트레이딩
2026-08-18 16:12:56 INFO LINE | mode=3 | looking_for=25-10 / BID | threshold=10000000 | raw_line=26-6 375.38+
2026-08-18 16:12:56 INFO EXCEL_CONNECTED | workbook=sample.xlsm sheet=트레이딩
2026-08-18 16:12:56 INFO LINE | mode=3 | looking_for=25-10 / BID | threshold=10000000 | raw_line=26-2 75- 10
2026-08-18 16:12:56 INFO LINE | mode=3 | looking_for=25-10 / BID | threshold=10000000 | raw_line=26-2  75- 자투리
2026-08-18 16:12:56 INFO LINE | mode=3 | looking_for=25-10 / BID | threshold=10000000 | raw_line=26-3 11선팔자 50억
2026-08-18 16:12:56 INFO LINE | mode=3 | looking_for=25-10 / BID | threshold=10000000 | raw_line=26-3 105/11- 20
2026-08-18 16:12:56 INFO LINE | mode=3 | looking_for=25-10 / BID | threshold=10000000 | raw_line=26-2 75/755+ 짜툴
2026-08-18 16:12:56 INFO LINE | mode=3 | looking_for=25-10 / BID | threshold=10000000 | raw_line=26-2 75 755 + 10
2026-08-18 16:12:56 INFO LINE | mode=3 | looking_for=25-10 / BID | threshold=10000000 | raw_line=25-9 65 팔자 10억 (DS투자증권 채권전략팀
2026-08-18 16:12:56 INFO LINE | mode=3 | looking_for=25-10 / BID | threshold=10000000 | raw_line=26-3 11사자
2026-08-18 16:12:56 INFO LINE | mode=3 | looking_for=25-10 / BID | threshold=10000000 | raw_line=26-3 11+ 자투리
2026-08-18 16:12:56 INFO LINE | mode=3 | looking_for=25-10 / BID | threshold=10000000 | raw_line=26-3 105 11-
2026-08-18 16:12:56 INFO LINE | mode=3 | looking_for=25-10 / BID | threshold=10000000 | raw_line=26-2     75/755+   10
2026-08-18 16:12:56 INFO LINE | mode=3 | looking_for=25-10 / BID | threshold=10000000 | raw_line=26-2 75- 10
2026-08-18 16:12:56 INFO LINE | mode=3 | looking_for=25-10 / BID | threshold=10000000 | raw_line=26-2 75 755+ 자투리
2026-08-18 16:12:56 INFO LINE | mode=3 | looking_for=25-10 / BID | threshold=10000000 | raw_line=삼통 89+
2026-08-18 16:12:57 INFO EXCEL_CONNECTED | workbook=sample.xlsm sheet=트레이딩
2026-08-18 16:12:57 INFO LINE | mode=3 | looking_for=25-10 / BID | threshold=10000000 | raw_line=26-3 105 11- 20억
2026-08-18 16:12:57 INFO LINE | mode=3 | looking_for=25-10 / BID | threshold=10000000 | raw_line=26-2 75 755+ 10 ㅎㅈ
2026-08-18 16:12:57 INFO LINE | mode=3 | looking_for=25-10 / BID | threshold=10000000 | raw_line=26-6 375-
2026-08-18 16:12:58 INFO EXCEL_CONNECTED | workbook=sample.xlsm sheet=트레이딩
2026-08-18 16:12:58 INFO LINE | mode=3 | looking_for=25-10 / BID | threshold=10000000 | raw_line=25-9 65- 10억
2026-08-18 16:12:58 INFO LINE | mode=3 | looking_for=25-10 / BID | threshold=10000000 | raw_line=26-3 11사자
2026-08-18 16:12:58 INFO EXCEL_CONNECTED | workbook=sample.xlsm sheet=트레이딩
2026-08-18 16:12:58 INFO LINE | mode=3 | looking_for=25-10 / BID | threshold=10000000 | raw_line=26-3 105/11- 20
2026-08-18 16:12:58 INFO LINE | mode=3 | looking_for=25-10 / BID | threshold=10000000 | raw_line=26-2 75/755+ 짜툴
2026-08-18 16:12:58 INFO LINE | mode=3 | looking_for=25-10 / BID | threshold=10000000 | raw_line=26-2 75 755 + 10
2026-08-18 16:12:58 INFO LINE | mode=3 | looking_for=25-10 / BID | threshold=10000000 | raw_line=25-9 65 팔자 10억 (DS투자증권 채권전략팀
2026-08-18 16:12:58 INFO LINE | mode=3 | looking_for=25-10 / BID | threshold=10000000 | raw_line=26-3 11사자
2026-08-18 16:12:58 INFO LINE | mode=3 | looking_for=25-10 / BID | threshold=10000000 | raw_line=26-3 11+ 자투리
2026-08-18 16:12:58 INFO LINE | mode=3 | looking_for=25-10 / BID | threshold=10000000 | raw_line=26-3 105 11-
2026-08-18 16:12:58 INFO LINE | mode=3 | looking_for=25-10 / BID | threshold=10000000 | raw_line=26-2     75/755+   10
2026-08-18 16:12:58 INFO LINE | mode=3 | looking_for=25-10 / BID | threshold=10000000 | raw_line=26-2 75- 10
2026-08-18 16:12:58 INFO LINE | mode=3 | looking_for=25-10 / BID | threshold=10000000 | raw_line=26-2 75 755+ 자투리
2026-08-18 16:12:58 INFO LINE | mode=3 | looking_for=25-10 / BID | threshold=10000000 | raw_line=26-3 105 11- 20억
2026-08-18 16:13:00 INFO EXCEL_CONNECTED | workbook=sample.xlsm sheet=트레이딩
2026-08-18 16:13:00 INFO LINE | mode=3 | looking_for=25-10 / BID | threshold=10000000 | raw_line=26-6 375.38+
2026-08-18 16:13:00 INFO LINE | mode=3 | looking_for=25-10 / BID | threshold=10000000 | raw_line=삼통 89+
2026-08-18 16:13:00 INFO EXCEL_CONNECTED | workbook=sample.xlsm sheet=트레이딩
2026-08-18 16:13:00 INFO LINE | mode=3 | looking_for=25-10 / BID | threshold=10000000 | raw_line=26-3 11선팔자 50억
2026-08-18 16:13:00 INFO LINE | mode=3 | looking_for=25-10 / BID | threshold=10000000 | raw_line=26-3 105/11- 20
2026-08-18 16:13:00 INFO LINE | mode=3 | looking_for=25-10 / BID | threshold=10000000 | raw_line=26-2 75/755+ 짜툴
2026-08-18 16:13:00 INFO LINE | mode=3 | looking_for=25-10 / BID | threshold=10000000 | raw_line=26-2 75 755 + 10
2026-08-18 16:13:00 INFO LINE | mode=3 | looking_for=25-10 / BID | threshold=10000000 | raw_line=25-9 65 팔자 10억 (DS투자증권 채권전략팀
2026-08-18 16:13:00 INFO LINE | mode=3 | looking_for=25-10 / BID | threshold=10000000 | raw_line=26-3 11사자
2026-08-18 16:13:00 INFO LINE | mode=3 | looking_for=25-10 / BID | threshold=10000000 | raw_line=26-3 11+ 자투리
2026-08-18 16:13:00 INFO LINE | mode=3 | looking_for=25-10 / BID | threshold=10000000 | raw_line=26-3 105 11-
2026-08-18 16:13:00 INFO LINE | mode=3 | looking_for=25-10 / BID | threshold=10000000 | raw_line=26-2     75/755+   10
2026-08-18 16:13:00 INFO LINE | mode=3 | looking_for=25-10 / BID | threshold=10000000 | raw_line=26-2 75- 10
2026-08-18 16:13:00 INFO LINE | mode=3 | looking_for=25-10 / BID | threshold=10000000 | raw_line=26-2 75 755+ 자투리
2026-08-18 16:13:00 INFO LINE | mode=3 | looking_for=25-10 / BID | threshold=10000000 | raw_line=구통 73+
2026-08-18 16:13:00 INFO LINE | mode=3 | looking_for=25-10 / BID | threshold=10000000 | raw_line=삼통 89+
2026-08-18 16:13:00 INFO LINE | mode=3 | looking_for=25-10 / BID | threshold=10000000 | raw_line=통당 75+
2026-08-18 16:13:00 INFO LINE | mode=3 | looking_for=25-10 / BID | threshold=10000000 | raw_line=삼통 89+ 동통
2026-08-18 16:13:00 INFO LINE | mode=3 | looking_for=25-10 / BID | threshold=10000000 | raw_line=통당 74 745-
2026-08-18 16:13:00 INFO LINE | mode=3 | looking_for=25-10 / BID | threshold=10000000 | raw_line=통당 74 745-
2026-08-18 16:13:00 INFO LINE | mode=3 | looking_for=25-10 / BID | threshold=10000000 | raw_line=ㅎㅈ
2026-08-18 16:13:01 INFO EXCEL_CONNECTED | workbook=sample.xlsm sheet=트레이딩
2026-08-18 16:13:01 INFO LINE | mode=3 | looking_for=25-10 / BID | threshold=10000000 | raw_line=26-3 105 11- 20억
2026-08-18 16:13:01 INFO LINE | mode=3 | looking_for=25-10 / BID | threshold=10000000 | raw_line=27.12.15 산금(민3.725%) 팔자
2026-08-18 16:13:05 INFO EXCEL_CONNECTED | workbook=sample.xlsm sheet=트레이딩
2026-08-18 16:13:05 INFO LINE | mode=3 | looking_for=25-10 / BID | threshold=10000000 | raw_line=통당 75+
2026-08-18 16:13:05 INFO EXCEL_CONNECTED | workbook=sample.xlsm sheet=트레이딩
2026-08-18 16:13:06 INFO LINE | mode=3 | looking_for=25-10 / BID | threshold=10000000 | raw_line=통안채 0.8 당팔
2026-08-18 16:13:06 INFO LINE | mode=3 | looking_for=25-10 / BID | threshold=10000000 | raw_line=구통 73+
2026-08-18 16:13:06 INFO LINE | mode=3 | looking_for=25-10 / BID | threshold=10000000 | raw_line=삼통 89+
2026-08-18 16:13:06 INFO LINE | mode=3 | looking_for=25-10 / BID | threshold=10000000 | raw_line=통당 75+
2026-08-18 16:13:06 INFO LINE | mode=3 | looking_for=25-10 / BID | threshold=10000000 | raw_line=삼통 89+ 동통
2026-08-18 16:13:06 INFO EXCEL_CONNECTED | workbook=sample.xlsm sheet=트레이딩
2026-08-18 16:13:06 INFO LINE | mode=3 | looking_for=25-10 / BID | threshold=10000000 | raw_line=통당 74 745-
2026-08-18 16:13:08 INFO EXCEL_CONNECTED | workbook=sample.xlsm sheet=트레이딩
2026-08-18 16:13:08 INFO LINE | mode=3 | looking_for=25-10 / BID | threshold=10000000 | raw_line=27.10.23 (토) 광주도시공사 (AA+) 민3.843(끝.61원).-5원 팔자 3.892%
2026-08-18 16:13:08 INFO EXCEL_CONNECTED | workbook=sample.xlsm sheet=트레이딩
2026-08-18 16:13:08 INFO LINE | mode=3 | looking_for=25-10 / BID | threshold=10000000 | raw_line=27.10.23(토) 광주도시공사24-4 (민3.843/.61/aa+) 팔자
2026-08-18 16:13:09 INFO EXCEL_CONNECTED | workbook=sample.xlsm sheet=트레이딩
2026-08-18 16:13:09 INFO LINE | mode=3 | looking_for=25-10 / BID | threshold=10000000 | raw_line=26-2 75 755+ 자투리
2026-08-18 16:13:11 INFO EXCEL_CONNECTED | workbook=sample.xlsm sheet=트레이딩
2026-08-18 16:13:11 INFO LINE | mode=3 | looking_for=25-10 / BID | threshold=10000000 | raw_line=26-5 당팔
2026-08-18 16:13:13 INFO EXCEL_CONNECTED | workbook=sample.xlsm sheet=트레이딩
2026-08-18 16:13:13 INFO LINE | mode=3 | looking_for=25-10 / BID | threshold=10000000 | raw_line=26-6 375 38+
2026-08-18 16:13:14 INFO EXCEL_CONNECTED | workbook=sample.xlsm sheet=트레이딩
2026-08-18 16:13:14 INFO LINE | mode=3 | looking_for=25-10 / BID | threshold=10000000 | raw_line=26-3 11+ 자투리
2026-08-18 16:13:14 INFO EXCEL_CONNECTED | workbook=sample.xlsm sheet=트레이딩
2026-08-18 16:13:14 INFO LINE | mode=3 | looking_for=25-10 / BID | threshold=10000000 | raw_line=26-3 11+ 50
2026-08-18 16:13:14 INFO LINE | mode=3 | looking_for=25-10 / BID | threshold=10000000 | raw_line=25-10  755+
2026-08-18 16:13:14 INFO LINE | mode=3 | looking_for=25-10 / BID | threshold=10000000 | raw_line=20-4 호가 있나요?
2026-08-18 16:13:14 INFO LINE | mode=3 | looking_for=25-10 / BID | threshold=10000000 | raw_line=26-2 75- 10
2026-08-18 16:13:14 INFO LINE | mode=3 | looking_for=25-10 / BID | threshold=10000000 | raw_line=26-2  75- 자투리
2026-08-18 16:13:14 INFO LINE | mode=3 | looking_for=25-10 / BID | threshold=10000000 | raw_line=26-3 11선팔자 50억
2026-08-18 16:13:14 INFO LINE | mode=3 | looking_for=25-10 / BID | threshold=10000000 | raw_line=26-3 105/11- 20
2026-08-18 16:13:14 INFO LINE | mode=3 | looking_for=25-10 / BID | threshold=10000000 | raw_line=26-2 75/755+ 짜툴
2026-08-18 16:13:14 INFO LINE | mode=3 | looking_for=25-10 / BID | threshold=10000000 | raw_line=26-2 75 755 + 10
2026-08-18 16:13:14 INFO LINE | mode=3 | looking_for=25-10 / BID | threshold=10000000 | raw_line=25-9 65 팔자 10억 (DS투자증권 채권전략팀
2026-08-18 16:13:14 INFO LINE | mode=3 | looking_for=25-10 / BID | threshold=10000000 | raw_line=26-3 11사자
2026-08-18 16:13:14 INFO LINE | mode=3 | looking_for=25-10 / BID | threshold=10000000 | raw_line=27.2.15(월) 국철공단403(민3.353 .55) 팔자 -2.5원 3.146 추가팔자
2026-08-18 16:13:14 INFO QUOTE_FOUND | 25-10 | raw_token=755+ | 3.755 | BUY | row=41 | raw_line=25-10  755+
2026-08-18 16:13:14 INFO EXCEL_CONNECTED | workbook=sample.xlsm sheet=트레이딩
2026-08-18 16:13:14 INFO EXCEL_WRITE | D41=3.755
2026-08-18 16:13:14 INFO PNL | F44=6317674.560558235
2026-08-18 16:13:14 INFO EXCEL_CONNECTED | workbook=sample.xlsm sheet=트레이딩
2026-08-18 16:13:14 INFO TRIGGERED
2026-08-18 16:13:15 INFO MESSAGE_SENT | title=메모장
2026-08-18 16:13:15 INFO SENT
2026-08-18 16:13:15 INFO EXCEL_CONNECTED | workbook=sample.xlsm sheet=트레이딩
2026-08-18 16:13:16 INFO EXCEL_CONNECTED | workbook=sample.xlsm sheet=트레이딩
2026-08-18 16:13:16 INFO WATCHING
2026-08-18 16:13:17 INFO EXCEL_CONNECTED | workbook=sample.xlsm sheet=트레이딩
2026-08-18 16:13:17 INFO LINE | mode=3 | looking_for=25-10 / BID | threshold=10000000 | raw_line=26-2 75- 10
2026-08-18 16:13:17 INFO LINE | mode=3 | looking_for=25-10 / BID | threshold=10000000 | raw_line=26-6 375-
2026-08-18 16:13:17 INFO LINE | mode=3 | looking_for=25-10 / BID | threshold=10000000 | raw_line=삼통 89+
2026-08-18 16:13:24 INFO EXCEL_CONNECTED | workbook=sample.xlsm sheet=트레이딩
2026-08-18 16:13:24 INFO LINE | mode=3 | looking_for=25-10 / BID | threshold=10000000 | raw_line=2026.08.18 / 16:13
2026-08-18 16:13:25 INFO EXCEL_CONNECTED | workbook=sample.xlsm sheet=트레이딩
2026-08-18 16:13:25 INFO LINE | mode=3 | looking_for=25-10 / BID | threshold=10000000 | raw_line=26-5 845+ 50
2026-08-18 16:13:25 INFO EXCEL_CONNECTED | workbook=sample.xlsm sheet=트레이딩
2026-08-18 16:13:25 INFO LINE | mode=3 | looking_for=25-10 / BID | threshold=10000000 | raw_line=20-9 10+
2026-08-18 16:13:25 INFO LINE | mode=3 | looking_for=25-10 / BID | threshold=10000000 | raw_line=26-3 105 11-
2026-08-18 16:13:25 INFO LINE | mode=3 | looking_for=25-10 / BID | threshold=10000000 | raw_line=26-3 105 11-
2026-08-18 16:13:25 INFO LINE | mode=3 | looking_for=25-10 / BID | threshold=10000000 | raw_line=26-3 11+ 50
2026-08-18 16:13:25 INFO LINE | mode=3 | looking_for=25-10 / BID | threshold=10000000 | raw_line=25-10  755+
2026-08-18 16:13:25 INFO LINE | mode=3 | looking_for=25-10 / BID | threshold=10000000 | raw_line=20-4 호가 있나요?
2026-08-18 16:13:25 INFO LINE | mode=3 | looking_for=25-10 / BID | threshold=10000000 | raw_line=26-2 75- 10
2026-08-18 16:13:25 INFO LINE | mode=3 | looking_for=25-10 / BID | threshold=10000000 | raw_line=26-2  75- 자투리
2026-08-18 16:13:25 INFO LINE | mode=3 | looking_for=25-10 / BID | threshold=10000000 | raw_line=26-3 11선팔자 50억
2026-08-18 16:13:25 INFO LINE | mode=3 | looking_for=25-10 / BID | threshold=10000000 | raw_line=26-3 105/11- 20
2026-08-18 16:13:25 INFO LINE | mode=3 | looking_for=25-10 / BID | threshold=10000000 | raw_line=26-2 75/755+ 짜툴
2026-08-18 16:13:25 INFO QUOTE_FOUND | 25-10 | raw_token=755+ | 3.755 | BUY | row=41 | raw_line=25-10  755+
2026-08-18 16:13:25 INFO EXCEL_CONNECTED | workbook=sample.xlsm sheet=트레이딩
2026-08-18 16:13:25 INFO EXCEL_WRITE | D41=3.755
2026-08-18 16:13:25 INFO PNL | F44=6317674.560558235
2026-08-18 16:13:25 INFO EXCEL_CONNECTED | workbook=sample.xlsm sheet=트레이딩
2026-08-18 16:13:25 INFO TRIGGERED
2026-08-18 16:13:26 INFO MESSAGE_SENT | title=메모장
2026-08-18 16:13:26 INFO SENT
2026-08-18 16:13:26 INFO EXCEL_CONNECTED | workbook=sample.xlsm sheet=트레이딩
2026-08-18 16:13:27 INFO EXCEL_CONNECTED | workbook=sample.xlsm sheet=트레이딩
2026-08-18 16:13:27 INFO WATCHING
2026-08-18 16:13:30 INFO EXCEL_CONNECTED | workbook=sample.xlsm sheet=트레이딩
2026-08-18 16:13:30 INFO LINE | mode=3 | looking_for=25-10 / BID | threshold=10000000 | raw_line=통당 75+
2026-08-18 16:13:30 INFO EXCEL_CONNECTED | workbook=sample.xlsm sheet=트레이딩
2026-08-18 16:13:30 INFO LINE | mode=3 | looking_for=25-10 / BID | threshold=10000000 | raw_line=삼통 89+ 동통
2026-08-18 16:13:30 INFO LINE | mode=3 | looking_for=25-10 / BID | threshold=10000000 | raw_line=통안채 0.8 당팔 200억
2026-08-18 16:13:30 INFO LINE | mode=3 | looking_for=25-10 / BID | threshold=10000000 | raw_line=통안채 0.8 당팔
2026-08-18 16:13:30 INFO LINE | mode=3 | looking_for=25-10 / BID | threshold=10000000 | raw_line=구통 73+
2026-08-18 16:13:30 INFO LINE | mode=3 | looking_for=25-10 / BID | threshold=10000000 | raw_line=삼통 89+
2026-08-18 16:13:30 INFO LINE | mode=3 | looking_for=25-10 / BID | threshold=10000000 | raw_line=통당 75+
2026-08-18 16:13:30 INFO LINE | mode=3 | looking_for=25-10 / BID | threshold=10000000 | raw_line=28.6.17 산금채 [민3.834%/끝45/AAA] 팔자
2026-08-18 16:13:31 INFO EXCEL_CONNECTED | workbook=sample.xlsm sheet=트레이딩
2026-08-18 16:13:31 INFO LINE | mode=3 | looking_for=25-10 / BID | threshold=10000000 | raw_line=27.7.21.농금채은행(민.3.668,끝.78)팔자 ~ -3원 3.709%
2026-08-18 16:13:31 INFO LINE | mode=3 | looking_for=25-10 / BID | threshold=10000000 | raw_line=28.6.17 산금채 [민3.834%/끝45/AAA] 팔자
2026-08-18 16:13:33 INFO EXCEL_CONNECTED | workbook=sample.xlsm sheet=트레이딩
2026-08-18 16:13:33 INFO LINE | mode=3 | looking_for=25-10 / BID | threshold=10000000 | raw_line=24-1 매수호가 있으실까요?
2026-08-18 16:13:33 INFO LINE | mode=3 | looking_for=25-10 / BID | threshold=10000000 | raw_line=26-6 375- 10
2026-08-18 16:13:33 INFO EXCEL_CONNECTED | workbook=sample.xlsm sheet=트레이딩
2026-08-18 16:13:33 INFO LINE | mode=3 | looking_for=25-10 / BID | threshold=10000000 | raw_line=26-2 75- 10
2026-08-18 16:13:33 INFO LINE | mode=3 | looking_for=25-10 / BID | threshold=10000000 | raw_line=26-3 11+ 자투리
2026-08-18 16:13:33 INFO LINE | mode=3 | looking_for=25-10 / BID | threshold=10000000 | raw_line=20-9 10+
2026-08-18 16:13:33 INFO LINE | mode=3 | looking_for=25-10 / BID | threshold=10000000 | raw_line=26-3 105 11-
2026-08-18 16:13:33 INFO LINE | mode=3 | looking_for=25-10 / BID | threshold=10000000 | raw_line=26-3 105 11-
2026-08-18 16:13:33 INFO LINE | mode=3 | looking_for=25-10 / BID | threshold=10000000 | raw_line=26-3 11+ 50
2026-08-18 16:13:33 INFO LINE | mode=3 | looking_for=25-10 / BID | threshold=10000000 | raw_line=25-10  755+
2026-08-18 16:13:33 INFO LINE | mode=3 | looking_for=25-10 / BID | threshold=10000000 | raw_line=20-4 호가 있나요?
2026-08-18 16:13:33 INFO LINE | mode=3 | looking_for=25-10 / BID | threshold=10000000 | raw_line=26-2 75- 10
2026-08-18 16:13:33 INFO LINE | mode=3 | looking_for=25-10 / BID | threshold=10000000 | raw_line=26-2  75- 자투리
2026-08-18 16:13:33 INFO LINE | mode=3 | looking_for=25-10 / BID | threshold=10000000 | raw_line=26-3 11선팔자 50억
2026-08-18 16:13:33 INFO QUOTE_FOUND | 25-10 | raw_token=755+ | 3.755 | BUY | row=41 | raw_line=25-10  755+
2026-08-18 16:13:33 INFO EXCEL_CONNECTED | workbook=sample.xlsm sheet=트레이딩
2026-08-18 16:13:33 INFO EXCEL_WRITE | D41=3.755
2026-08-18 16:13:33 INFO PNL | F44=6317674.560558235
2026-08-18 16:13:33 INFO EXCEL_CONNECTED | workbook=sample.xlsm sheet=트레이딩
2026-08-18 16:13:33 INFO TRIGGERED
2026-08-18 16:13:34 INFO MESSAGE_SENT | title=메모장
2026-08-18 16:13:34 INFO SENT
2026-08-18 16:13:34 INFO EXCEL_CONNECTED | workbook=sample.xlsm sheet=트레이딩
2026-08-18 16:13:35 INFO EXCEL_CONNECTED | workbook=sample.xlsm sheet=트레이딩
2026-08-18 16:13:35 INFO WATCHING
2026-08-18 16:13:36 INFO EXCEL_CONNECTED | workbook=sample.xlsm sheet=트레이딩
2026-08-18 16:13:36 INFO LINE | mode=3 | looking_for=25-10 / BID | threshold=10000000 | raw_line=26-5 84/845- 10억
2026-08-18 16:13:36 INFO LINE | mode=3 | looking_for=25-10 / BID | threshold=10000000 | raw_line=28.6.23 중금채 [민3.836%/끝95/AAA] 팔자
2026-08-18 16:13:38 INFO EXCEL_CONNECTED | workbook=sample.xlsm sheet=트레이딩
2026-08-18 16:13:38 INFO LINE | mode=3 | looking_for=25-10 / BID | threshold=10000000 | raw_line=26-3 105 11-
2026-08-18 16:13:38 INFO EXCEL_CONNECTED | workbook=sample.xlsm sheet=트레이딩
2026-08-18 16:13:38 INFO LINE | mode=3 | looking_for=25-10 / BID | threshold=10000000 | raw_line=25-10 75 755-
2026-08-18 16:13:38 INFO LINE | mode=3 | looking_for=25-10 / BID | threshold=10000000 | raw_line=26-2 75- 10
2026-08-18 16:13:38 INFO LINE | mode=3 | looking_for=25-10 / BID | threshold=10000000 | raw_line=26-2 75- 10
2026-08-18 16:13:38 INFO LINE | mode=3 | looking_for=25-10 / BID | threshold=10000000 | raw_line=26-3 11+ 자투리
2026-08-18 16:13:38 INFO LINE | mode=3 | looking_for=25-10 / BID | threshold=10000000 | raw_line=20-9 10+
2026-08-18 16:13:38 INFO LINE | mode=3 | looking_for=25-10 / BID | threshold=10000000 | raw_line=26-3 105 11-
2026-08-18 16:13:38 INFO LINE | mode=3 | looking_for=25-10 / BID | threshold=10000000 | raw_line=26-3 105 11-
2026-08-18 16:13:38 INFO LINE | mode=3 | looking_for=25-10 / BID | threshold=10000000 | raw_line=26-3 11+ 50
2026-08-18 16:13:38 INFO LINE | mode=3 | looking_for=25-10 / BID | threshold=10000000 | raw_line=25-10  755+
2026-08-18 16:13:38 INFO LINE | mode=3 | looking_for=25-10 / BID | threshold=10000000 | raw_line=20-4 호가 있나요?
2026-08-18 16:13:38 INFO LINE | mode=3 | looking_for=25-10 / BID | threshold=10000000 | raw_line=26-2 75- 10
2026-08-18 16:13:38 INFO QUOTE_FOUND | 25-10 | raw_token=755+ | 3.755 | BUY | row=41 | raw_line=25-10  755+
2026-08-18 16:13:38 INFO EXCEL_CONNECTED | workbook=sample.xlsm sheet=트레이딩
2026-08-18 16:13:38 INFO EXCEL_WRITE | D41=3.755
2026-08-18 16:13:38 INFO PNL | F44=6317674.560558235
2026-08-18 16:13:39 INFO EXCEL_CONNECTED | workbook=sample.xlsm sheet=트레이딩
2026-08-18 16:13:39 INFO TRIGGERED
2026-08-18 16:13:39 INFO MESSAGE_SENT | title=메모장
2026-08-18 16:13:39 INFO SENT
2026-08-18 16:13:39 INFO EXCEL_CONNECTED | workbook=sample.xlsm sheet=트레이딩
2026-08-18 16:13:40 INFO EXCEL_CONNECTED | workbook=sample.xlsm sheet=트레이딩
2026-08-18 16:13:40 INFO WATCHING
2026-08-18 16:13:40 INFO EXCEL_CONNECTED | workbook=sample.xlsm sheet=트레이딩
2026-08-18 16:13:40 INFO LINE | mode=3 | looking_for=25-10 / BID | threshold=10000000 | raw_line=30.4.30 SK이노베이션23-3 (민4.482) 팔자
2026-08-18 16:13:41 INFO EXCEL_CONNECTED | workbook=sample.xlsm sheet=트레이딩
2026-08-18 16:13:41 INFO LINE | mode=3 | looking_for=25-10 / BID | threshold=10000000 | raw_line=20-9 095+
2026-08-18 16:13:41 INFO LINE | mode=3 | looking_for=25-10 / BID | threshold=10000000 | raw_line=28.8.6 수출입채 [민3.833%/끝88/AAA] 팔자
2026-08-18 16:13:43 INFO EXCEL_CONNECTED | workbook=sample.xlsm sheet=트레이딩
2026-08-18 16:13:43 INFO LINE | mode=3 | looking_for=25-10 / BID | threshold=10000000 | raw_line=26-6  375- 자투리
2026-08-18 16:13:43 INFO LINE | mode=3 | looking_for=25-10 / BID | threshold=10000000 | raw_line=26-6 375-
2026-08-18 16:13:43 INFO LINE | mode=3 | looking_for=25-10 / BID | threshold=10000000 | raw_line=28.5.8(월)해외인프라도시개발(민3.940%/끝.29원/AAA)오버5팔자 3.990%
2026-08-18 16:13:43 INFO EXCEL_CONNECTED | workbook=sample.xlsm sheet=트레이딩
2026-08-18 16:13:44 INFO LINE | mode=3 | looking_for=25-10 / BID | threshold=10000000 | raw_line=26-3 105 11- 20억
2026-08-18 16:13:44 INFO LINE | mode=3 | looking_for=25-10 / BID | threshold=10000000 | raw_line=26.10.7(수) 한국전력1426 (민3.004 끝.79 수반) 팔자
2026-08-18 16:13:44 INFO EXCEL_CONNECTED | workbook=sample.xlsm sheet=트레이딩
2026-08-18 16:13:44 INFO LINE | mode=3 | looking_for=25-10 / BID | threshold=10000000 | raw_line=26-2 75 755+ 10
2026-08-18 16:13:44 INFO LINE | mode=3 | looking_for=25-10 / BID | threshold=10000000 | raw_line=26-6 375.38+
2026-08-18 16:13:44 INFO LINE | mode=3 | looking_for=25-10 / BID | threshold=10000000 | raw_line=25-9 65- 10억
2026-08-18 16:13:44 INFO LINE | mode=3 | looking_for=25-10 / BID | threshold=10000000 | raw_line=26-3 11사자
2026-08-18 16:13:44 INFO LINE | mode=3 | looking_for=25-10 / BID | threshold=10000000 | raw_line=26-2 75 755 + 10
2026-08-18 16:13:44 INFO LINE | mode=3 | looking_for=25-10 / BID | threshold=10000000 | raw_line=25-10 75 755-
2026-08-18 16:13:44 INFO LINE | mode=3 | looking_for=25-10 / BID | threshold=10000000 | raw_line=26-2 75- 10
2026-08-18 16:13:44 INFO LINE | mode=3 | looking_for=25-10 / BID | threshold=10000000 | raw_line=26-2 75- 10
2026-08-18 16:13:44 INFO LINE | mode=3 | looking_for=25-10 / BID | threshold=10000000 | raw_line=26-3 11+ 자투리
2026-08-18 16:13:44 INFO LINE | mode=3 | looking_for=25-10 / BID | threshold=10000000 | raw_line=20-9 10+
2026-08-18 16:13:44 INFO LINE | mode=3 | looking_for=25-10 / BID | threshold=10000000 | raw_line=26-3 105 11-
2026-08-18 16:13:44 INFO LINE | mode=3 | looking_for=25-10 / BID | threshold=10000000 | raw_line=26-3 105 11-
2026-08-18 16:13:45 INFO EXCEL_CONNECTED | workbook=sample.xlsm sheet=트레이딩
2026-08-18 16:13:46 INFO LINE | mode=3 | looking_for=25-10 / BID | threshold=10000000 | raw_line=29.4.23 KB지주 (민 4.212 월) 팔자 오바2
2026-08-18 16:13:47 INFO EXCEL_CONNECTED | workbook=sample.xlsm sheet=트레이딩
2026-08-18 16:13:47 INFO LINE | mode=3 | looking_for=25-10 / BID | threshold=10000000 | raw_line=26-6 20억 당사
2026-08-18 16:13:47 INFO EXCEL_CONNECTED | workbook=sample.xlsm sheet=트레이딩
2026-08-18 16:13:47 INFO LINE | mode=3 | looking_for=25-10 / BID | threshold=10000000 | raw_line=26-3 105 11- 20억
2026-08-18 16:13:47 INFO LINE | mode=3 | looking_for=25-10 / BID | threshold=10000000 | raw_line=26-6 375.38+
2026-08-18 16:13:47 INFO LINE | mode=3 | looking_for=25-10 / BID | threshold=10000000 | raw_line=25-9 65- 10억
2026-08-18 16:13:47 INFO LINE | mode=3 | looking_for=25-10 / BID | threshold=10000000 | raw_line=26-3 11사자
2026-08-18 16:13:47 INFO LINE | mode=3 | looking_for=25-10 / BID | threshold=10000000 | raw_line=26-2 75 755 + 10
2026-08-18 16:13:47 INFO LINE | mode=3 | looking_for=25-10 / BID | threshold=10000000 | raw_line=25-10 75 755-
2026-08-18 16:13:47 INFO LINE | mode=3 | looking_for=25-10 / BID | threshold=10000000 | raw_line=26-2 75- 10
2026-08-18 16:13:47 INFO LINE | mode=3 | looking_for=25-10 / BID | threshold=10000000 | raw_line=26-2 75- 10
2026-08-18 16:13:47 INFO LINE | mode=3 | looking_for=25-10 / BID | threshold=10000000 | raw_line=26-3 11+ 자투리
2026-08-18 16:13:47 INFO LINE | mode=3 | looking_for=25-10 / BID | threshold=10000000 | raw_line=20-9 10+
2026-08-18 16:13:47 INFO LINE | mode=3 | looking_for=25-10 / BID | threshold=10000000 | raw_line=26-3 105 11-
2026-08-18 16:13:47 INFO LINE | mode=3 | looking_for=25-10 / BID | threshold=10000000 | raw_line=27.7.10(토) 농금은행 (민3.664 .02) 100억 매도 -3원
2026-08-18 16:13:49 INFO EXCEL_CONNECTED | workbook=sample.xlsm sheet=트레이딩
2026-08-18 16:13:49 INFO LINE | mode=3 | looking_for=25-10 / BID | threshold=10000000 | raw_line=26-3 11+ 자투리
2026-08-18 16:13:49 INFO EXCEL_CONNECTED | workbook=sample.xlsm sheet=트레이딩
2026-08-18 16:13:49 INFO LINE | mode=3 | looking_for=25-10 / BID | threshold=10000000 | raw_line=26-2 75 755+ 자투리
2026-08-18 16:13:49 INFO LINE | mode=3 | looking_for=25-10 / BID | threshold=10000000 | raw_line=26-3 105 11- 20억
2026-08-18 16:13:49 INFO LINE | mode=3 | looking_for=25-10 / BID | threshold=10000000 | raw_line=26-6 375.38+
2026-08-18 16:13:49 INFO LINE | mode=3 | looking_for=25-10 / BID | threshold=10000000 | raw_line=25-9 65- 10억
2026-08-18 16:13:49 INFO LINE | mode=3 | looking_for=25-10 / BID | threshold=10000000 | raw_line=26-3 11사자
2026-08-18 16:13:49 INFO LINE | mode=3 | looking_for=25-10 / BID | threshold=10000000 | raw_line=26-2 75 755 + 10
2026-08-18 16:13:49 INFO LINE | mode=3 | looking_for=25-10 / BID | threshold=10000000 | raw_line=25-10 75 755-
2026-08-18 16:13:49 INFO LINE | mode=3 | looking_for=25-10 / BID | threshold=10000000 | raw_line=26-2 75- 10
2026-08-18 16:13:49 INFO LINE | mode=3 | looking_for=25-10 / BID | threshold=10000000 | raw_line=26-2 75- 10
2026-08-18 16:13:49 INFO LINE | mode=3 | looking_for=25-10 / BID | threshold=10000000 | raw_line=26-3 11+ 자투리
2026-08-18 16:13:49 INFO LINE | mode=3 | looking_for=25-10 / BID | threshold=10000000 | raw_line=20-9 10+
2026-08-18 16:13:49 INFO LINE | mode=3 | looking_for=25-10 / BID | threshold=10000000 | raw_line=27.10.23(토) 광주도시공사24-4 (민3.843/.61/aa+) 팔자
2026-08-18 16:13:51 INFO EXCEL_CONNECTED | workbook=sample.xlsm sheet=트레이딩
2026-08-18 16:13:51 INFO LINE | mode=3 | looking_for=25-10 / BID | threshold=10000000 | raw_line=통당 75+
2026-08-18 16:13:52 INFO EXCEL_CONNECTED | workbook=sample.xlsm sheet=트레이딩
2026-08-18 16:13:52 INFO LINE | mode=3 | looking_for=25-10 / BID | threshold=10000000 | raw_line=통당 75+
2026-08-18 16:13:52 INFO LINE | mode=3 | looking_for=25-10 / BID | threshold=10000000 | raw_line=삼통 89+ 동통
2026-08-18 16:13:52 INFO LINE | mode=3 | looking_for=25-10 / BID | threshold=10000000 | raw_line=통안채 0.8 당팔 200억
2026-08-18 16:13:52 INFO LINE | mode=3 | looking_for=25-10 / BID | threshold=10000000 | raw_line=통안채 0.8 당팔
2026-08-18 16:13:52 INFO LINE | mode=3 | looking_for=25-10 / BID | threshold=10000000 | raw_line=구통 73+
2026-08-18 16:13:52 INFO LINE | mode=3 | looking_for=25-10 / BID | threshold=10000000 | raw_line=삼통 89+
2026-08-18 16:13:52 INFO LINE | mode=3 | looking_for=25-10 / BID | threshold=10000000 | raw_line=1.5년 한전 가스 추가사자 100
2026-08-18 16:13:52 INFO EXCEL_CONNECTED | workbook=sample.xlsm sheet=트레이딩
2026-08-18 16:13:52 INFO LINE | mode=3 | looking_for=25-10 / BID | threshold=10000000 | raw_line=27.9.12(일) 서울교통공사 [민 3.748, 끝.31] -3원 팔자3.78
2026-08-18 16:13:52 INFO LINE | mode=3 | looking_for=25-10 / BID | threshold=10000000 | raw_line=26.10.7(수) 한국전력1426 (민3.004 끝.79 수반) 팔자
2026-08-18 16:13:53 INFO EXCEL_CONNECTED | workbook=sample.xlsm sheet=트레이딩
2026-08-18 16:13:53 INFO LINE | mode=3 | looking_for=25-10 / BID | threshold=10000000 | raw_line=26-2 75- 10
2026-08-18 16:13:53 INFO LINE | mode=3 | looking_for=25-10 / BID | threshold=10000000 | raw_line=27.11.27 농어촌공사 -8원 팔자(민평 3.773 쩜94, 토)
2026-08-18 16:13:55 INFO EXCEL_CONNECTED | workbook=sample.xlsm sheet=트레이딩
2026-08-18 16:13:55 INFO LINE | mode=3 | looking_for=25-10 / BID | threshold=10000000 | raw_line=통당 75+
2026-08-18 16:13:55 INFO LINE | mode=3 | looking_for=25-10 / BID | threshold=10000000 | raw_line=광해광업공단26(28.5.12(금) 민3.926) 팔자
2026-08-18 16:13:56 INFO EXCEL_CONNECTED | workbook=sample.xlsm sheet=트레이딩
2026-08-18 16:13:56 INFO LINE | mode=3 | looking_for=25-10 / BID | threshold=10000000 | raw_line=26-2  75- 자투리
2026-08-18 16:13:56 INFO LINE | mode=3 | looking_for=25-10 / BID | threshold=10000000 | raw_line=27.7.18(일) 평택도시공사(녹) (민3.790, 끝전.53, AA) -6원 팔자
2026-08-18 16:13:56 INFO EXCEL_CONNECTED | workbook=sample.xlsm sheet=트레이딩
2026-08-18 16:13:57 INFO LINE | mode=3 | looking_for=25-10 / BID | threshold=10000000 | raw_line=26-6 375 38+
2026-08-18 16:13:57 INFO LINE | mode=3 | looking_for=25-10 / BID | threshold=10000000 | raw_line=26-5 당팔
2026-08-18 16:13:57 INFO LINE | mode=3 | looking_for=25-10 / BID | threshold=10000000 | raw_line=26-2 75 755+ 자투리
2026-08-18 16:13:57 INFO LINE | mode=3 | looking_for=25-10 / BID | threshold=10000000 | raw_line=26-3 105 11- 20억
2026-08-18 16:13:57 INFO LINE | mode=3 | looking_for=25-10 / BID | threshold=10000000 | raw_line=26-6 375.38+
2026-08-18 16:13:57 INFO LINE | mode=3 | looking_for=25-10 / BID | threshold=10000000 | raw_line=25-9 65- 10억
2026-08-18 16:13:57 INFO LINE | mode=3 | looking_for=25-10 / BID | threshold=10000000 | raw_line=26-3 11사자
2026-08-18 16:13:57 INFO LINE | mode=3 | looking_for=25-10 / BID | threshold=10000000 | raw_line=26-2 75 755 + 10
2026-08-18 16:13:57 INFO LINE | mode=3 | looking_for=25-10 / BID | threshold=10000000 | raw_line=25-10 75 755-
2026-08-18 16:13:57 INFO LINE | mode=3 | looking_for=25-10 / BID | threshold=10000000 | raw_line=26-2 75- 10
2026-08-18 16:13:57 INFO LINE | mode=3 | looking_for=25-10 / BID | threshold=10000000 | raw_line=26-2 75- 10
2026-08-18 16:13:57 INFO LINE | mode=3 | looking_for=25-10 / BID | threshold=10000000 | raw_line=27.9.12(일) 서울교통공사 [민 3.748, 끝.31] -3원 팔자3.78
2026-08-18 16:13:57 INFO EXCEL_CONNECTED | workbook=sample.xlsm sheet=트레이딩
2026-08-18 16:13:57 INFO LINE | mode=3 | looking_for=25-10 / BID | threshold=10000000 | raw_line=구통 73+
2026-08-18 16:13:57 INFO LINE | mode=3 | looking_for=25-10 / BID | threshold=10000000 | raw_line=27.7.18(일) 평택도시공사2025-3(녹) -6원 3.864 팔자  (민3.79  .53)
2026-08-18 16:13:57 INFO LINE | mode=3 | looking_for=25-10 / BID | threshold=10000000 | raw_line=27.9.12(일) 서교공(민 3.748, .31) -3원 팔자~3.78%
2026-08-18 16:14:03 INFO EXCEL_CONNECTED | workbook=sample.xlsm sheet=트레이딩
2026-08-18 16:14:03 INFO LINE | mode=3 | looking_for=25-10 / BID | threshold=10000000 | raw_line=ㅎㅈ
2026-08-18 16:14:03 INFO LINE | mode=3 | looking_for=25-10 / BID | threshold=10000000 | raw_line=ㅎㅈ
2026-08-18 16:14:04 INFO EXCEL_CONNECTED | workbook=sample.xlsm sheet=트레이딩
2026-08-18 16:14:04 INFO LINE | mode=3 | looking_for=25-10 / BID | threshold=10000000 | raw_line=26-3 105 11- 20억
2026-08-18 16:14:04 INFO EXCEL_CONNECTED | workbook=sample.xlsm sheet=트레이딩
2026-08-18 16:14:04 INFO LINE | mode=3 | looking_for=25-10 / BID | threshold=10000000 | raw_line=26-3 11+ 자투리
2026-08-18 16:14:04 INFO LINE | mode=3 | looking_for=25-10 / BID | threshold=10000000 | raw_line=26-6 375 38+
2026-08-18 16:14:04 INFO LINE | mode=3 | looking_for=25-10 / BID | threshold=10000000 | raw_line=26-5 당팔
2026-08-18 16:14:04 INFO LINE | mode=3 | looking_for=25-10 / BID | threshold=10000000 | raw_line=26-2 75 755+ 자투리
2026-08-18 16:14:04 INFO LINE | mode=3 | looking_for=25-10 / BID | threshold=10000000 | raw_line=26-3 105 11- 20억
2026-08-18 16:14:04 INFO LINE | mode=3 | looking_for=25-10 / BID | threshold=10000000 | raw_line=26-6 375.38+
2026-08-18 16:14:04 INFO LINE | mode=3 | looking_for=25-10 / BID | threshold=10000000 | raw_line=25-9 65- 10억
2026-08-18 16:14:04 INFO LINE | mode=3 | looking_for=25-10 / BID | threshold=10000000 | raw_line=26-3 11사자
2026-08-18 16:14:04 INFO LINE | mode=3 | looking_for=25-10 / BID | threshold=10000000 | raw_line=26-2 75 755 + 10
2026-08-18 16:14:04 INFO LINE | mode=3 | looking_for=25-10 / BID | threshold=10000000 | raw_line=25-10 75 755-
2026-08-18 16:14:04 INFO LINE | mode=3 | looking_for=25-10 / BID | threshold=10000000 | raw_line=26-2 75- 10
2026-08-18 16:14:05 INFO EXCEL_CONNECTED | workbook=sample.xlsm sheet=트레이딩
2026-08-18 16:14:05 INFO LINE | mode=3 | looking_for=25-10 / BID | threshold=10000000 | raw_line=26-2 75- 20
2026-08-18 16:14:07 INFO EXCEL_CONNECTED | workbook=sample.xlsm sheet=트레이딩
2026-08-18 16:14:07 INFO LINE | mode=3 | looking_for=25-10 / BID | threshold=10000000 | raw_line=26-5 84 845+ 10
2026-08-18 16:14:09 INFO EXCEL_CONNECTED | workbook=sample.xlsm sheet=트레이딩
2026-08-18 16:14:09 INFO LINE | mode=3 | looking_for=25-10 / BID | threshold=10000000 | raw_line=26-3 105/11- 20
2026-08-18 16:14:09 INFO EXCEL_CONNECTED | workbook=sample.xlsm sheet=트레이딩
2026-08-18 16:14:10 INFO LINE | mode=3 | looking_for=25-10 / BID | threshold=10000000 | raw_line=26-5 845+ 50
2026-08-18 16:14:10 INFO LINE | mode=3 | looking_for=25-10 / BID | threshold=10000000 | raw_line=26-2 75- 10
2026-08-18 16:14:10 INFO LINE | mode=3 | looking_for=25-10 / BID | threshold=10000000 | raw_line=26-6 375-
2026-08-18 16:14:10 INFO LINE | mode=3 | looking_for=25-10 / BID | threshold=10000000 | raw_line=26-3 11+ 자투리
2026-08-18 16:14:10 INFO LINE | mode=3 | looking_for=25-10 / BID | threshold=10000000 | raw_line=26-6 375 38+
2026-08-18 16:14:10 INFO LINE | mode=3 | looking_for=25-10 / BID | threshold=10000000 | raw_line=26-5 당팔
2026-08-18 16:14:10 INFO LINE | mode=3 | looking_for=25-10 / BID | threshold=10000000 | raw_line=26-2 75 755+ 자투리
2026-08-18 16:14:10 INFO LINE | mode=3 | looking_for=25-10 / BID | threshold=10000000 | raw_line=26-3 105 11- 20억
2026-08-18 16:14:10 INFO LINE | mode=3 | looking_for=25-10 / BID | threshold=10000000 | raw_line=26-6 375.38+
2026-08-18 16:14:10 INFO LINE | mode=3 | looking_for=25-10 / BID | threshold=10000000 | raw_line=25-9 65- 10억
2026-08-18 16:14:10 INFO LINE | mode=3 | looking_for=25-10 / BID | threshold=10000000 | raw_line=26-3 11사자
2026-08-18 16:14:10 INFO LINE | mode=3 | looking_for=25-10 / BID | threshold=10000000 | raw_line=통당 75+
2026-08-18 16:14:10 INFO LINE | mode=3 | looking_for=25-10 / BID | threshold=10000000 | raw_line=엔에이치
2026-08-18 16:14:10 INFO EXCEL_CONNECTED | workbook=sample.xlsm sheet=트레이딩
2026-08-18 16:14:10 INFO LINE | mode=3 | looking_for=25-10 / BID | threshold=10000000 | raw_line=삼통 89+
2026-08-18 16:14:10 INFO LINE | mode=3 | looking_for=25-10 / BID | threshold=10000000 | raw_line=통당 74 745 -
2026-08-18 16:14:10 INFO LINE | mode=3 | looking_for=25-10 / BID | threshold=10000000 | raw_line=구구삼통 66 +
2026-08-18 16:14:10 INFO LINE | mode=3 | looking_for=25-10 / BID | threshold=10000000 | raw_line=통당 75+
2026-08-18 16:14:10 INFO LINE | mode=3 | looking_for=25-10 / BID | threshold=10000000 | raw_line=삼통 89+ 동통
2026-08-18 16:14:10 INFO LINE | mode=3 | looking_for=25-10 / BID | threshold=10000000 | raw_line=통안채 0.8 당팔 200억
2026-08-18 16:14:10 INFO LINE | mode=3 | looking_for=25-10 / BID | threshold=10000000 | raw_line=통안채 0.8 당팔
2026-08-18 16:14:11 INFO EXCEL_CONNECTED | workbook=sample.xlsm sheet=트레이딩
2026-08-18 16:14:11 INFO LINE | mode=3 | looking_for=25-10 / BID | threshold=10000000 | raw_line=26-5
2026-08-18 16:14:11 INFO LINE | mode=3 | looking_for=25-10 / BID | threshold=10000000 | raw_line=26-3 11+ 50
2026-08-18 16:14:11 INFO LINE | mode=3 | looking_for=25-10 / BID | threshold=10000000 | raw_line=28.5.12(금) 광해광업공단[민 3.926 끝.23] 팔자
2026-08-18 16:14:11 INFO LINE | mode=3 | looking_for=25-10 / BID | threshold=10000000 | raw_line=10억
2026-08-18 16:14:11 INFO LINE | mode=3 | looking_for=25-10 / BID | threshold=10000000 | raw_line=10억
2026-08-18 16:14:12 INFO EXCEL_CONNECTED | workbook=sample.xlsm sheet=트레이딩
2026-08-18 16:14:12 INFO LINE | mode=3 | looking_for=25-10 / BID | threshold=10000000 | raw_line=26-2 75- 20
2026-08-18 16:14:12 INFO LINE | mode=3 | looking_for=25-10 / BID | threshold=10000000 | raw_line=26-2 75/755+ 짜툴
2026-08-18 16:14:12 INFO LINE | mode=3 | looking_for=25-10 / BID | threshold=10000000 | raw_line=27.2.15(월) 국철공단403(민3.353 .55) 팔자 -2.5원 3.146 추가팔자
2026-08-18 16:14:12 INFO LINE | mode=3 | looking_for=25-10 / BID | threshold=10000000 | raw_line=27.7.18(일) 평택도시공사2025-3(녹) -6원 3.864 팔자  (민3.79  .53)
2026-08-18 16:14:12 INFO LINE | mode=3 | looking_for=25-10 / BID | threshold=10000000 | raw_line=ㅎㅈ
2026-08-18 16:14:12 INFO LINE | mode=3 | looking_for=25-10 / BID | threshold=10000000 | raw_line=ㅎㅈ
2026-08-18 16:14:12 INFO LINE | mode=3 | looking_for=25-10 / BID | threshold=10000000 | raw_line=ㅎㅈ
2026-08-18 16:14:12 INFO LINE | mode=3 | looking_for=25-10 / BID | threshold=10000000 | raw_line=ㅎㅈ
2026-08-18 16:14:12 INFO LINE | mode=3 | looking_for=25-10 / BID | threshold=10000000 | raw_line=케이알 할게요
2026-08-18 16:14:12 INFO EXCEL_CONNECTED | workbook=sample.xlsm sheet=트레이딩
2026-08-18 16:14:13 INFO LINE | mode=3 | looking_for=25-10 / BID | threshold=10000000 | raw_line=26-3 105 11-
2026-08-18 16:14:13 INFO LINE | mode=3 | looking_for=25-10 / BID | threshold=10000000 | raw_line=26-5 84/845- 10억
2026-08-18 16:14:13 INFO LINE | mode=3 | looking_for=25-10 / BID | threshold=10000000 | raw_line=24-1 매수호가 있으실까요?
2026-08-18 16:14:13 INFO LINE | mode=3 | looking_for=25-10 / BID | threshold=10000000 | raw_line=26-6 375- 10
2026-08-18 16:14:13 INFO LINE | mode=3 | looking_for=25-10 / BID | threshold=10000000 | raw_line=26-5 845+ 50
2026-08-18 16:14:13 INFO LINE | mode=3 | looking_for=25-10 / BID | threshold=10000000 | raw_line=26-2 75- 10
2026-08-18 16:14:13 INFO LINE | mode=3 | looking_for=25-10 / BID | threshold=10000000 | raw_line=26-6 375-
2026-08-18 16:14:13 INFO LINE | mode=3 | looking_for=25-10 / BID | threshold=10000000 | raw_line=26-3 11+ 자투리
2026-08-18 16:14:13 INFO LINE | mode=3 | looking_for=25-10 / BID | threshold=10000000 | raw_line=26-6 375 38+
2026-08-18 16:14:13 INFO LINE | mode=3 | looking_for=25-10 / BID | threshold=10000000 | raw_line=26-5 당팔
2026-08-18 16:14:13 INFO LINE | mode=3 | looking_for=25-10 / BID | threshold=10000000 | raw_line=26-2 75 755+ 자투리
2026-08-18 16:14:13 INFO LINE | mode=3 | looking_for=25-10 / BID | threshold=10000000 | raw_line=ㅎㅈ
2026-08-18 16:14:13 INFO LINE | mode=3 | looking_for=25-10 / BID | threshold=10000000 | raw_line=ㅎㅈ
2026-08-18 16:14:13 INFO EXCEL_CONNECTED | workbook=sample.xlsm sheet=트레이딩
2026-08-18 16:14:13 INFO LINE | mode=3 | looking_for=25-10 / BID | threshold=10000000 | raw_line=ㅎㅈ
2026-08-18 16:14:13 INFO LINE | mode=3 | looking_for=25-10 / BID | threshold=10000000 | raw_line=ㅎㅈ
2026-08-18 16:14:13 INFO LINE | mode=3 | looking_for=25-10 / BID | threshold=10000000 | raw_line=ㅎㅈ
2026-08-18 16:14:13 INFO LINE | mode=3 | looking_for=25-10 / BID | threshold=10000000 | raw_line=ㅎㅈ
2026-08-18 16:14:13 INFO LINE | mode=3 | looking_for=25-10 / BID | threshold=10000000 | raw_line=ㅎㅈ
2026-08-18 16:14:15 INFO EXCEL_CONNECTED | workbook=sample.xlsm sheet=트레이딩
2026-08-18 16:14:15 INFO LINE | mode=3 | looking_for=25-10 / BID | threshold=10000000 | raw_line=26-2 75 755- 20
2026-08-18 16:14:15 INFO EXCEL_CONNECTED | workbook=sample.xlsm sheet=트레이딩
2026-08-18 16:14:15 INFO LINE | mode=3 | looking_for=25-10 / BID | threshold=10000000 | raw_line=20-9 095+
2026-08-18 16:14:15 INFO LINE | mode=3 | looking_for=25-10 / BID | threshold=10000000 | raw_line=26-3 105 11-
2026-08-18 16:14:15 INFO LINE | mode=3 | looking_for=25-10 / BID | threshold=10000000 | raw_line=26-5 84/845- 10억
2026-08-18 16:14:15 INFO LINE | mode=3 | looking_for=25-10 / BID | threshold=10000000 | raw_line=24-1 매수호가 있으실까요?
2026-08-18 16:14:15 INFO LINE | mode=3 | looking_for=25-10 / BID | threshold=10000000 | raw_line=26-6 375- 10
2026-08-18 16:14:15 INFO LINE | mode=3 | looking_for=25-10 / BID | threshold=10000000 | raw_line=26-5 845+ 50
2026-08-18 16:14:15 INFO LINE | mode=3 | looking_for=25-10 / BID | threshold=10000000 | raw_line=26-2 75- 10
2026-08-18 16:14:15 INFO LINE | mode=3 | looking_for=25-10 / BID | threshold=10000000 | raw_line=26-6 375-
2026-08-18 16:14:15 INFO LINE | mode=3 | looking_for=25-10 / BID | threshold=10000000 | raw_line=26-3 11+ 자투리
2026-08-18 16:14:15 INFO LINE | mode=3 | looking_for=25-10 / BID | threshold=10000000 | raw_line=26-6 375 38+
2026-08-18 16:14:15 INFO LINE | mode=3 | looking_for=25-10 / BID | threshold=10000000 | raw_line=26-5 당팔
2026-08-18 16:14:16 INFO EXCEL_CONNECTED | workbook=sample.xlsm sheet=트레이딩
2026-08-18 16:14:16 INFO LINE | mode=3 | looking_for=25-10 / BID | threshold=10000000 | raw_line=삼통 885-
2026-08-18 16:14:18 INFO EXCEL_CONNECTED | workbook=sample.xlsm sheet=트레이딩
2026-08-18 16:14:18 INFO LINE | mode=3 | looking_for=25-10 / BID | threshold=10000000 | raw_line=26-3 105 11- 20억
2026-08-18 16:14:19 INFO EXCEL_CONNECTED | workbook=sample.xlsm sheet=트레이딩
2026-08-18 16:14:19 INFO LINE | mode=3 | looking_for=25-10 / BID | threshold=10000000 | raw_line=26-5 84 845+
2026-08-18 16:14:19 INFO LINE | mode=3 | looking_for=25-10 / BID | threshold=10000000 | raw_line=25-9 65 팔자 10억 (DS투자증권 채권전략팀
2026-08-18 16:14:19 INFO LINE | mode=3 | looking_for=25-10 / BID | threshold=10000000 | raw_line=26-5 84 845+ 10ㅎㅈ
2026-08-18 16:14:19 INFO EXCEL_CONNECTED | workbook=sample.xlsm sheet=트레이딩
2026-08-18 16:14:19 INFO LINE | mode=3 | looking_for=25-10 / BID | threshold=10000000 | raw_line=26-6 20억 당사
2026-08-18 16:14:19 INFO LINE | mode=3 | looking_for=25-10 / BID | threshold=10000000 | raw_line=26-2 75 755+ 10
2026-08-18 16:14:19 INFO LINE | mode=3 | looking_for=25-10 / BID | threshold=10000000 | raw_line=26-6  375- 자투리
2026-08-18 16:14:19 INFO LINE | mode=3 | looking_for=25-10 / BID | threshold=10000000 | raw_line=26-6 375-
2026-08-18 16:14:19 INFO LINE | mode=3 | looking_for=25-10 / BID | threshold=10000000 | raw_line=20-9 095+
2026-08-18 16:14:19 INFO LINE | mode=3 | looking_for=25-10 / BID | threshold=10000000 | raw_line=26-3 105 11-
2026-08-18 16:14:19 INFO LINE | mode=3 | looking_for=25-10 / BID | threshold=10000000 | raw_line=26-5 84/845- 10억
2026-08-18 16:14:19 INFO LINE | mode=3 | looking_for=25-10 / BID | threshold=10000000 | raw_line=24-1 매수호가 있으실까요?
2026-08-18 16:14:19 INFO LINE | mode=3 | looking_for=25-10 / BID | threshold=10000000 | raw_line=26-6 375- 10
2026-08-18 16:14:19 INFO LINE | mode=3 | looking_for=25-10 / BID | threshold=10000000 | raw_line=26-5 845+ 50
2026-08-18 16:14:19 INFO LINE | mode=3 | looking_for=25-10 / BID | threshold=10000000 | raw_line=26-2 75- 10
2026-08-18 16:14:19 INFO LINE | mode=3 | looking_for=25-10 / BID | threshold=10000000 | raw_line=ㅎㅈ
2026-08-18 16:14:20 INFO EXCEL_CONNECTED | workbook=sample.xlsm sheet=트레이딩
2026-08-18 16:14:20 INFO LINE | mode=3 | looking_for=25-10 / BID | threshold=10000000 | raw_line=저희거래
2026-08-18 16:14:20 INFO LINE | mode=3 | looking_for=25-10 / BID | threshold=10000000 | raw_line=저희거래
2026-08-18 16:14:20 INFO LINE | mode=3 | looking_for=25-10 / BID | threshold=10000000 | raw_line=흥국
2026-08-18 16:14:20 INFO LINE | mode=3 | looking_for=25-10 / BID | threshold=10000000 | raw_line=흥국
2026-08-18 16:14:21 INFO EXCEL_CONNECTED | workbook=sample.xlsm sheet=트레이딩
2026-08-18 16:14:21 INFO LINE | mode=3 | looking_for=25-10 / BID | threshold=10000000 | raw_line=26-5 0.75 당팔
2026-08-18 16:14:21 INFO LINE | mode=3 | looking_for=25-10 / BID | threshold=10000000 | raw_line=삼통 89+
2026-08-18 16:14:21 INFO EXCEL_CONNECTED | workbook=sample.xlsm sheet=트레이딩
2026-08-18 16:14:21 INFO LINE | mode=3 | looking_for=25-10 / BID | threshold=10000000 | raw_line=26-3 11+ 자투리
2026-08-18 16:14:21 INFO LINE | mode=3 | looking_for=25-10 / BID | threshold=10000000 | raw_line=26-6 20억 당사
2026-08-18 16:14:21 INFO LINE | mode=3 | looking_for=25-10 / BID | threshold=10000000 | raw_line=26-2 75 755+ 10
2026-08-18 16:14:21 INFO LINE | mode=3 | looking_for=25-10 / BID | threshold=10000000 | raw_line=26-6  375- 자투리
2026-08-18 16:14:21 INFO LINE | mode=3 | looking_for=25-10 / BID | threshold=10000000 | raw_line=26-6 375-
2026-08-18 16:14:21 INFO LINE | mode=3 | looking_for=25-10 / BID | threshold=10000000 | raw_line=20-9 095+
2026-08-18 16:14:21 INFO LINE | mode=3 | looking_for=25-10 / BID | threshold=10000000 | raw_line=26-3 105 11-
2026-08-18 16:14:21 INFO LINE | mode=3 | looking_for=25-10 / BID | threshold=10000000 | raw_line=26-5 84/845- 10억
2026-08-18 16:14:21 INFO LINE | mode=3 | looking_for=25-10 / BID | threshold=10000000 | raw_line=24-1 매수호가 있으실까요?
2026-08-18 16:14:21 INFO LINE | mode=3 | looking_for=25-10 / BID | threshold=10000000 | raw_line=26-6 375- 10
2026-08-18 16:14:21 INFO LINE | mode=3 | looking_for=25-10 / BID | threshold=10000000 | raw_line=26-5 845+ 50
2026-08-18 16:14:21 INFO LINE | mode=3 | looking_for=25-10 / BID | threshold=10000000 | raw_line=통당 75+
2026-08-18 16:14:21 INFO LINE | mode=3 | looking_for=25-10 / BID | threshold=10000000 | raw_line=통당 75-
2026-08-18 16:14:21 INFO LINE | mode=3 | looking_for=25-10 / BID | threshold=10000000 | raw_line=삼통 89+
2026-08-18 16:14:21 INFO LINE | mode=3 | looking_for=25-10 / BID | threshold=10000000 | raw_line=통당 74 745 -
2026-08-18 16:14:21 INFO LINE | mode=3 | looking_for=25-10 / BID | threshold=10000000 | raw_line=구구삼통 66 +
2026-08-18 16:14:22 INFO EXCEL_CONNECTED | workbook=sample.xlsm sheet=트레이딩
2026-08-18 16:14:22 INFO LINE | mode=3 | looking_for=25-10 / BID | threshold=10000000 | raw_line=26-3 105 11-
2026-08-18 16:14:22 INFO LINE | mode=3 | looking_for=25-10 / BID | threshold=10000000 | raw_line=62-2 거래
2026-08-18 16:14:22 INFO LINE | mode=3 | looking_for=25-10 / BID | threshold=10000000 | raw_line=삼통 89+ 동통
2026-08-18 16:14:22 INFO LINE | mode=3 | looking_for=25-10 / BID | threshold=10000000 | raw_line=26.8.28(금) 중금 팔자 (민 2.930, 끝전.53) 수10
2026-08-18 16:14:24 INFO EXCEL_CONNECTED | workbook=sample.xlsm sheet=트레이딩
2026-08-18 16:14:24 INFO LINE | mode=3 | looking_for=25-10 / BID | threshold=10000000 | raw_line=2026.08.18 / 16:14
2026-08-18 16:14:25 INFO EXCEL_CONNECTED | workbook=sample.xlsm sheet=트레이딩
2026-08-18 16:14:25 INFO LINE | mode=3 | looking_for=25-10 / BID | threshold=10000000 | raw_line=26-2 거래
2026-08-18 16:14:26 INFO EXCEL_CONNECTED | workbook=sample.xlsm sheet=트레이딩
2026-08-18 16:14:26 INFO LINE | mode=3 | looking_for=25-10 / BID | threshold=10000000 | raw_line=26-3 105 11-
2026-08-18 16:14:27 INFO EXCEL_CONNECTED | workbook=sample.xlsm sheet=트레이딩
2026-08-18 16:14:27 INFO LINE | mode=3 | looking_for=25-10 / BID | threshold=10000000 | raw_line=26-2 75- 20
2026-08-18 16:14:27 INFO LINE | mode=3 | looking_for=25-10 / BID | threshold=10000000 | raw_line=26-3 105 11- 20억
2026-08-18 16:14:27 INFO LINE | mode=3 | looking_for=25-10 / BID | threshold=10000000 | raw_line=26-2  75- 자투리
2026-08-18 16:14:27 INFO LINE | mode=3 | looking_for=25-10 / BID | threshold=10000000 | raw_line=26-2 75- 10
2026-08-18 16:14:27 INFO LINE | mode=3 | looking_for=25-10 / BID | threshold=10000000 | raw_line=26-3 11+ 자투리
2026-08-18 16:14:27 INFO LINE | mode=3 | looking_for=25-10 / BID | threshold=10000000 | raw_line=26-6 20억 당사
2026-08-18 16:14:27 INFO LINE | mode=3 | looking_for=25-10 / BID | threshold=10000000 | raw_line=26-2 75 755+ 10
2026-08-18 16:14:27 INFO LINE | mode=3 | looking_for=25-10 / BID | threshold=10000000 | raw_line=26-6  375- 자투리
2026-08-18 16:14:27 INFO LINE | mode=3 | looking_for=25-10 / BID | threshold=10000000 | raw_line=26-6 375-
2026-08-18 16:14:27 INFO LINE | mode=3 | looking_for=25-10 / BID | threshold=10000000 | raw_line=20-9 095+
2026-08-18 16:14:27 INFO LINE | mode=3 | looking_for=25-10 / BID | threshold=10000000 | raw_line=26-3 105 11-
2026-08-18 16:14:27 INFO LINE | mode=3 | looking_for=25-10 / BID | threshold=10000000 | raw_line=ㅎㅈ
2026-08-18 16:14:28 INFO EXCEL_CONNECTED | workbook=sample.xlsm sheet=트레이딩
2026-08-18 16:14:28 INFO LINE | mode=3 | looking_for=25-10 / BID | threshold=10000000 | raw_line=26-6 375 38+
2026-08-18 16:14:28 INFO LINE | mode=3 | looking_for=25-10 / BID | threshold=10000000 | raw_line=26.8.28(금) 중금 (민2.93 끝.53 수10) 팔자 +0.85원 2.80
2026-08-18 16:14:29 INFO EXCEL_CONNECTED | workbook=sample.xlsm sheet=트레이딩
2026-08-18 16:14:29 INFO LINE | mode=3 | looking_for=25-10 / BID | threshold=10000000 | raw_line=26-2 75 755- 10
2026-08-18 16:14:29 INFO LINE | mode=3 | looking_for=25-10 / BID | threshold=10000000 | raw_line=28.7.28 산금채 민3.851.. 팔자
2026-08-18 16:14:29 INFO EXCEL_CONNECTED | workbook=sample.xlsm sheet=트레이딩
2026-08-18 16:14:29 INFO LINE | mode=3 | looking_for=25-10 / BID | threshold=10000000 | raw_line=26-3 105/11- 20
2026-08-18 16:14:29 INFO LINE | mode=3 | looking_for=25-10 / BID | threshold=10000000 | raw_line=26-5 84 845+ 10
2026-08-18 16:14:29 INFO LINE | mode=3 | looking_for=25-10 / BID | threshold=10000000 | raw_line=26-2 75- 20
2026-08-18 16:14:29 INFO LINE | mode=3 | looking_for=25-10 / BID | threshold=10000000 | raw_line=26-3 105 11- 20억
2026-08-18 16:14:29 INFO LINE | mode=3 | looking_for=25-10 / BID | threshold=10000000 | raw_line=26-2  75- 자투리
2026-08-18 16:14:29 INFO LINE | mode=3 | looking_for=25-10 / BID | threshold=10000000 | raw_line=26-2 75- 10
2026-08-18 16:14:29 INFO LINE | mode=3 | looking_for=25-10 / BID | threshold=10000000 | raw_line=26-3 11+ 자투리
2026-08-18 16:14:29 INFO LINE | mode=3 | looking_for=25-10 / BID | threshold=10000000 | raw_line=26-6 20억 당사
2026-08-18 16:14:29 INFO LINE | mode=3 | looking_for=25-10 / BID | threshold=10000000 | raw_line=26-2 75 755+ 10
2026-08-18 16:14:29 INFO LINE | mode=3 | looking_for=25-10 / BID | threshold=10000000 | raw_line=26-6  375- 자투리
2026-08-18 16:14:29 INFO LINE | mode=3 | looking_for=25-10 / BID | threshold=10000000 | raw_line=26-6 375-
2026-08-18 16:14:30 INFO EXCEL_CONNECTED | workbook=sample.xlsm sheet=트레이딩
2026-08-18 16:14:30 INFO LINE | mode=3 | looking_for=25-10 / BID | threshold=10000000 | raw_line=26-5  84 845 팔자   50
2026-08-18 16:14:30 INFO LINE | mode=3 | looking_for=25-10 / BID | threshold=10000000 | raw_line=26.11.20(금) 중금(~GF53) 팔자 (민 3.032, 끝전.97, 쿠폰 2.49)
2026-08-18 16:14:30 INFO LINE | mode=3 | looking_for=25-10 / BID | threshold=10000000 | raw_line=84 845+
2026-08-18 16:14:30 INFO LINE | mode=3 | looking_for=25-10 / BID | threshold=10000000 | raw_line=84 845+
2026-08-18 16:14:30 INFO LINE | mode=3 | looking_for=25-10 / BID | threshold=10000000 | raw_line=ㅎㅈ
2026-08-18 16:14:30 INFO LINE | mode=3 | looking_for=25-10 / BID | threshold=10000000 | raw_line=ㅎㅈ
2026-08-18 16:14:32 INFO EXCEL_CONNECTED | workbook=sample.xlsm sheet=트레이딩
2026-08-18 16:14:32 INFO LINE | mode=3 | looking_for=25-10 / BID | threshold=10000000 | raw_line=평택도시공사(27.7.18,일,민3.79%,0.5원) -6원 3.864% 팔자
2026-08-18 16:14:32 INFO LINE | mode=3 | looking_for=25-10 / BID | threshold=10000000 | raw_line='ㅎㅈ
2026-08-18 16:14:32 INFO LINE | mode=3 | looking_for=25-10 / BID | threshold=10000000 | raw_line='ㅎㅈ
2026-08-18 16:14:34 INFO EXCEL_CONNECTED | workbook=sample.xlsm sheet=트레이딩
2026-08-18 16:14:34 INFO LINE | mode=3 | looking_for=25-10 / BID | threshold=10000000 | raw_line=26-5ㅎ ㅎㅈ
2026-08-18 16:14:35 INFO EXCEL_CONNECTED | workbook=sample.xlsm sheet=트레이딩
2026-08-18 16:14:35 INFO LINE | mode=3 | looking_for=25-10 / BID | threshold=10000000 | raw_line=20-9 095+
2026-08-18 16:14:35 INFO EXCEL_CONNECTED | workbook=sample.xlsm sheet=트레이딩
2026-08-18 16:14:35 INFO LINE | mode=3 | looking_for=25-10 / BID | threshold=10000000 | raw_line=26-2 75/755+ 짜툴
2026-08-18 16:14:35 INFO LINE | mode=3 | looking_for=25-10 / BID | threshold=10000000 | raw_line=26-5
2026-08-18 16:14:35 INFO LINE | mode=3 | looking_for=25-10 / BID | threshold=10000000 | raw_line=26-3 11+ 50
2026-08-18 16:14:35 INFO LINE | mode=3 | looking_for=25-10 / BID | threshold=10000000 | raw_line=26-3 105/11- 20
2026-08-18 16:14:35 INFO LINE | mode=3 | looking_for=25-10 / BID | threshold=10000000 | raw_line=26-5 84 845+ 10
2026-08-18 16:14:35 INFO LINE | mode=3 | looking_for=25-10 / BID | threshold=10000000 | raw_line=26-2 75- 20
2026-08-18 16:14:35 INFO LINE | mode=3 | looking_for=25-10 / BID | threshold=10000000 | raw_line=26-3 105 11- 20억
2026-08-18 16:14:35 INFO LINE | mode=3 | looking_for=25-10 / BID | threshold=10000000 | raw_line=26-2  75- 자투리
2026-08-18 16:14:35 INFO LINE | mode=3 | looking_for=25-10 / BID | threshold=10000000 | raw_line=26-2 75- 10
2026-08-18 16:14:35 INFO LINE | mode=3 | looking_for=25-10 / BID | threshold=10000000 | raw_line=26-3 11+ 자투리
2026-08-18 16:14:35 INFO LINE | mode=3 | looking_for=25-10 / BID | threshold=10000000 | raw_line=26-6 20억 당사
2026-08-18 16:14:36 INFO EXCEL_CONNECTED | workbook=sample.xlsm sheet=트레이딩
2026-08-18 16:14:36 INFO LINE | mode=3 | looking_for=25-10 / BID | threshold=10000000 | raw_line=26-5 84 845 세트 사자 50억
2026-08-18 16:14:36 INFO LINE | mode=3 | looking_for=25-10 / BID | threshold=10000000 | raw_line=28.7.28 산금채 민3.851.. 팔자
2026-08-18 16:14:37 INFO EXCEL_CONNECTED | workbook=sample.xlsm sheet=트레이딩
2026-08-18 16:14:37 INFO LINE | mode=3 | looking_for=25-10 / BID | threshold=10000000 | raw_line=태연상무님
2026-08-18 16:14:37 INFO LINE | mode=3 | looking_for=25-10 / BID | threshold=10000000 | raw_line=태연상무님
2026-08-18 16:14:37 INFO EXCEL_CONNECTED | workbook=sample.xlsm sheet=트레이딩
2026-08-18 16:14:37 INFO LINE | mode=3 | looking_for=25-10 / BID | threshold=10000000 | raw_line=ㅎㅈ
2026-08-18 16:14:37 INFO LINE | mode=3 | looking_for=25-10 / BID | threshold=10000000 | raw_line=ㅎㅈ
2026-08-18 16:14:37 INFO LINE | mode=3 | looking_for=25-10 / BID | threshold=10000000 | raw_line=10억
2026-08-18 16:14:37 INFO LINE | mode=3 | looking_for=25-10 / BID | threshold=10000000 | raw_line=10억
2026-08-18 16:14:37 INFO LINE | mode=3 | looking_for=25-10 / BID | threshold=10000000 | raw_line=ㅎㅈ
2026-08-18 16:14:38 INFO EXCEL_CONNECTED | workbook=sample.xlsm sheet=트레이딩
2026-08-18 16:14:38 INFO LINE | mode=3 | looking_for=25-10 / BID | threshold=10000000 | raw_line=26-3 11+ 30억
2026-08-18 16:14:39 INFO EXCEL_CONNECTED | workbook=sample.xlsm sheet=트레이딩
2026-08-18 16:14:39 INFO LINE | mode=3 | looking_for=25-10 / BID | threshold=10000000 | raw_line=26-3 105 11- 20억
2026-08-18 16:14:39 INFO EXCEL_CONNECTED | workbook=sample.xlsm sheet=트레이딩
2026-08-18 16:14:39 INFO LINE | mode=3 | looking_for=25-10 / BID | threshold=10000000 | raw_line=26-3 105 11- 20억
2026-08-18 16:14:39 INFO LINE | mode=3 | looking_for=25-10 / BID | threshold=10000000 | raw_line=26-2 75 755- 20
2026-08-18 16:14:39 INFO LINE | mode=3 | looking_for=25-10 / BID | threshold=10000000 | raw_line=26-2 75- 20
2026-08-18 16:14:39 INFO LINE | mode=3 | looking_for=25-10 / BID | threshold=10000000 | raw_line=26-2 75/755+ 짜툴
2026-08-18 16:14:39 INFO LINE | mode=3 | looking_for=25-10 / BID | threshold=10000000 | raw_line=26-5
2026-08-18 16:14:39 INFO LINE | mode=3 | looking_for=25-10 / BID | threshold=10000000 | raw_line=26-3 11+ 50
2026-08-18 16:14:39 INFO LINE | mode=3 | looking_for=25-10 / BID | threshold=10000000 | raw_line=26-3 105/11- 20
2026-08-18 16:14:39 INFO LINE | mode=3 | looking_for=25-10 / BID | threshold=10000000 | raw_line=26-5 84 845+ 10
2026-08-18 16:14:39 INFO LINE | mode=3 | looking_for=25-10 / BID | threshold=10000000 | raw_line=26-2 75- 20
2026-08-18 16:14:39 INFO LINE | mode=3 | looking_for=25-10 / BID | threshold=10000000 | raw_line=26-3 105 11- 20억
2026-08-18 16:14:39 INFO LINE | mode=3 | looking_for=25-10 / BID | threshold=10000000 | raw_line=26-2  75- 자투리
2026-08-18 16:14:41 INFO EXCEL_CONNECTED | workbook=sample.xlsm sheet=트레이딩
2026-08-18 16:14:41 INFO LINE | mode=3 | looking_for=25-10 / BID | threshold=10000000 | raw_line=26-2 75 755- 20
2026-08-18 16:14:41 INFO LINE | mode=3 | looking_for=25-10 / BID | threshold=10000000 | raw_line=통당 75+
2026-08-18 16:14:41 INFO EXCEL_CONNECTED | workbook=sample.xlsm sheet=트레이딩
2026-08-18 16:14:42 INFO LINE | mode=3 | looking_for=25-10 / BID | threshold=10000000 | raw_line=26-5 84 845+ 10ㅎㅈ
2026-08-18 16:14:42 INFO LINE | mode=3 | looking_for=25-10 / BID | threshold=10000000 | raw_line=26-3 105 11- 20억
2026-08-18 16:14:42 INFO LINE | mode=3 | looking_for=25-10 / BID | threshold=10000000 | raw_line=26-2 75 755- 20
2026-08-18 16:14:42 INFO LINE | mode=3 | looking_for=25-10 / BID | threshold=10000000 | raw_line=26-2 75- 20
2026-08-18 16:14:42 INFO LINE | mode=3 | looking_for=25-10 / BID | threshold=10000000 | raw_line=26-2 75/755+ 짜툴
2026-08-18 16:14:42 INFO LINE | mode=3 | looking_for=25-10 / BID | threshold=10000000 | raw_line=26-5
2026-08-18 16:14:42 INFO LINE | mode=3 | looking_for=25-10 / BID | threshold=10000000 | raw_line=26-3 11+ 50
2026-08-18 16:14:42 INFO LINE | mode=3 | looking_for=25-10 / BID | threshold=10000000 | raw_line=26-3 105/11- 20
2026-08-18 16:14:42 INFO LINE | mode=3 | looking_for=25-10 / BID | threshold=10000000 | raw_line=26-5 84 845+ 10
2026-08-18 16:14:42 INFO LINE | mode=3 | looking_for=25-10 / BID | threshold=10000000 | raw_line=26-2 75- 20
2026-08-18 16:14:42 INFO LINE | mode=3 | looking_for=25-10 / BID | threshold=10000000 | raw_line=26-3 105 11- 20억
2026-08-18 16:14:42 INFO LINE | mode=3 | looking_for=25-10 / BID | threshold=10000000 | raw_line=통당 75+
2026-08-18 16:14:42 INFO LINE | mode=3 | looking_for=25-10 / BID | threshold=10000000 | raw_line=통당 75+
2026-08-18 16:14:42 INFO LINE | mode=3 | looking_for=25-10 / BID | threshold=10000000 | raw_line=통당 75-
2026-08-18 16:14:42 INFO LINE | mode=3 | looking_for=25-10 / BID | threshold=10000000 | raw_line=삼통 89+
2026-08-18 16:14:42 INFO LINE | mode=3 | looking_for=25-10 / BID | threshold=10000000 | raw_line=통당 74 745 -
2026-08-18 16:14:42 INFO LINE | mode=3 | looking_for=25-10 / BID | threshold=10000000 | raw_line=구구삼통 66 +
2026-08-18 16:14:43 INFO EXCEL_CONNECTED | workbook=sample.xlsm sheet=트레이딩
2026-08-18 16:14:43 INFO LINE | mode=3 | looking_for=25-10 / BID | threshold=10000000 | raw_line=ㅎㅈ
2026-08-18 16:14:50 INFO EXCEL_CONNECTED | workbook=sample.xlsm sheet=트레이딩
2026-08-18 16:14:50 INFO LINE | mode=3 | looking_for=25-10 / BID | threshold=10000000 | raw_line=26-3 11+ 50
2026-08-18 16:14:50 INFO LINE | mode=3 | looking_for=25-10 / BID | threshold=10000000 | raw_line=26.11.7(토) 중금~GEB4 (민 3.011% / 끝 .95 / AAA) 팔자(수반)
2026-08-18 16:14:50 INFO EXCEL_CONNECTED | workbook=sample.xlsm sheet=트레이딩
2026-08-18 16:14:51 INFO LINE | mode=3 | looking_for=25-10 / BID | threshold=10000000 | raw_line=25-9 65 팔자 10억 (DS투자증권 채권전략팀
2026-08-18 16:14:51 INFO LINE | mode=3 | looking_for=25-10 / BID | threshold=10000000 | raw_line=26-5 84 845+ 10ㅎㅈ
2026-08-18 16:14:51 INFO LINE | mode=3 | looking_for=25-10 / BID | threshold=10000000 | raw_line=26-3 105 11- 20억
2026-08-18 16:14:51 INFO LINE | mode=3 | looking_for=25-10 / BID | threshold=10000000 | raw_line=26-2 75 755- 20
2026-08-18 16:14:51 INFO LINE | mode=3 | looking_for=25-10 / BID | threshold=10000000 | raw_line=26-2 75- 20
2026-08-18 16:14:51 INFO LINE | mode=3 | looking_for=25-10 / BID | threshold=10000000 | raw_line=26-2 75/755+ 짜툴
2026-08-18 16:14:51 INFO LINE | mode=3 | looking_for=25-10 / BID | threshold=10000000 | raw_line=26-5
2026-08-18 16:14:51 INFO LINE | mode=3 | looking_for=25-10 / BID | threshold=10000000 | raw_line=26-3 11+ 50
2026-08-18 16:14:51 INFO LINE | mode=3 | looking_for=25-10 / BID | threshold=10000000 | raw_line=26-3 105/11- 20
2026-08-18 16:14:51 INFO LINE | mode=3 | looking_for=25-10 / BID | threshold=10000000 | raw_line=26-5 84 845+ 10
2026-08-18 16:14:51 INFO LINE | mode=3 | looking_for=25-10 / BID | threshold=10000000 | raw_line=26-2 75- 20
2026-08-18 16:14:51 INFO LINE | mode=3 | looking_for=25-10 / BID | threshold=10000000 | raw_line=26.11.7(토) 중금~GEB4 (민 3.011% / 끝 .95 / AAA) 팔자(수반)
2026-08-18 16:14:51 INFO EXCEL_CONNECTED | workbook=sample.xlsm sheet=트레이딩
2026-08-18 16:14:51 INFO LINE | mode=3 | looking_for=25-10 / BID | threshold=10000000 | raw_line=26-6 375-
2026-08-18 16:14:51 INFO LINE | mode=3 | looking_for=25-10 / BID | threshold=10000000 | raw_line=27.1.25(월) 중금(민 3.233, .54) -3원 팔자~3.316%동
2026-08-18 16:14:53 INFO EXCEL_CONNECTED | workbook=sample.xlsm sheet=트레이딩
2026-08-18 16:14:53 INFO LINE | mode=3 | looking_for=25-10 / BID | threshold=10000000 | raw_line=26.12.11(금) 롯데캐피탈450-3 (민 3.728% / 끝 .04 / A+) -2원 팔자 3.793%
2026-08-18 16:14:54 INFO EXCEL_CONNECTED | workbook=sample.xlsm sheet=트레이딩
2026-08-18 16:14:54 INFO LINE | mode=3 | looking_for=25-10 / BID | threshold=10000000 | raw_line=28.5.8(월)해외인프라도시개발(민3.940%/끝.29원/AAA)오버5팔자 3.990%
2026-08-18 16:14:54 INFO EXCEL_CONNECTED | workbook=sample.xlsm sheet=트레이딩
2026-08-18 16:14:55 INFO LINE | mode=3 | looking_for=25-10 / BID | threshold=10000000 | raw_line=26-5 84 845 세트 사자 50억
2026-08-18 16:14:55 INFO LINE | mode=3 | looking_for=25-10 / BID | threshold=10000000 | raw_line=가스공사558 (29.4.16,월) 민4.070... 팔자
2026-08-18 16:14:55 INFO LINE | mode=3 | looking_for=25-10 / BID | threshold=10000000 | raw_line=29.2.19(월) 한국철도공사 (민4.032 .61) +4bp
2026-08-18 16:14:55 INFO EXCEL_CONNECTED | workbook=sample.xlsm sheet=트레이딩
2026-08-18 16:14:55 INFO LINE | mode=3 | looking_for=25-10 / BID | threshold=10000000 | raw_line=26-5 0.75 당팔
2026-08-18 16:14:55 INFO LINE | mode=3 | looking_for=25-10 / BID | threshold=10000000 | raw_line=26-5 84 845+
2026-08-18 16:14:55 INFO LINE | mode=3 | looking_for=25-10 / BID | threshold=10000000 | raw_line=25-9 65 팔자 10억 (DS투자증권 채권전략팀
2026-08-18 16:14:55 INFO LINE | mode=3 | looking_for=25-10 / BID | threshold=10000000 | raw_line=26-5 84 845+ 10ㅎㅈ
2026-08-18 16:14:55 INFO LINE | mode=3 | looking_for=25-10 / BID | threshold=10000000 | raw_line=26-3 105 11- 20억
2026-08-18 16:14:55 INFO LINE | mode=3 | looking_for=25-10 / BID | threshold=10000000 | raw_line=26-2 75 755- 20
2026-08-18 16:14:55 INFO LINE | mode=3 | looking_for=25-10 / BID | threshold=10000000 | raw_line=26-2 75- 20
2026-08-18 16:14:55 INFO LINE | mode=3 | looking_for=25-10 / BID | threshold=10000000 | raw_line=26-2 75/755+ 짜툴
2026-08-18 16:14:55 INFO LINE | mode=3 | looking_for=25-10 / BID | threshold=10000000 | raw_line=26-5
2026-08-18 16:14:55 INFO LINE | mode=3 | looking_for=25-10 / BID | threshold=10000000 | raw_line=26-3 11+ 50
2026-08-18 16:14:55 INFO LINE | mode=3 | looking_for=25-10 / BID | threshold=10000000 | raw_line=26-3 105/11- 20
2026-08-18 16:14:56 INFO EXCEL_CONNECTED | workbook=sample.xlsm sheet=트레이딩
2026-08-18 16:14:56 INFO LINE | mode=3 | looking_for=25-10 / BID | threshold=10000000 | raw_line=26-3 105 11-
2026-08-18 16:14:56 INFO LINE | mode=3 | looking_for=25-10 / BID | threshold=10000000 | raw_line=26-3 11+ 자투리
2026-08-18 16:14:57 INFO EXCEL_CONNECTED | workbook=sample.xlsm sheet=트레이딩
2026-08-18 16:14:57 INFO LINE | mode=3 | looking_for=25-10 / BID | threshold=10000000 | raw_line=26-3 105 11-
2026-08-18 16:14:57 INFO LINE | mode=3 | looking_for=25-10 / BID | threshold=10000000 | raw_line=62-2 거래
2026-08-18 16:14:57 INFO LINE | mode=3 | looking_for=25-10 / BID | threshold=10000000 | raw_line=26-5 0.75 당팔
2026-08-18 16:14:57 INFO LINE | mode=3 | looking_for=25-10 / BID | threshold=10000000 | raw_line=26-5 84 845+
2026-08-18 16:14:57 INFO LINE | mode=3 | looking_for=25-10 / BID | threshold=10000000 | raw_line=25-9 65 팔자 10억 (DS투자증권 채권전략팀
2026-08-18 16:14:57 INFO LINE | mode=3 | looking_for=25-10 / BID | threshold=10000000 | raw_line=26-5 84 845+ 10ㅎㅈ
2026-08-18 16:14:57 INFO LINE | mode=3 | looking_for=25-10 / BID | threshold=10000000 | raw_line=26-3 105 11- 20억
2026-08-18 16:14:57 INFO LINE | mode=3 | looking_for=25-10 / BID | threshold=10000000 | raw_line=26-2 75 755- 20
2026-08-18 16:14:57 INFO LINE | mode=3 | looking_for=25-10 / BID | threshold=10000000 | raw_line=26-2 75- 20
2026-08-18 16:14:57 INFO LINE | mode=3 | looking_for=25-10 / BID | threshold=10000000 | raw_line=26-2 75/755+ 짜툴
2026-08-18 16:14:57 INFO LINE | mode=3 | looking_for=25-10 / BID | threshold=10000000 | raw_line=26-5
2026-08-18 16:14:57 INFO EXCEL_CONNECTED | workbook=sample.xlsm sheet=트레이딩
2026-08-18 16:14:57 INFO LINE | mode=3 | looking_for=25-10 / BID | threshold=10000000 | raw_line=26.11.7(토) 중금~GEB4 (민 3.011% / 끝 .95 / AAA) 팔자(수반)
2026-08-18 16:14:59 INFO EXCEL_CONNECTED | workbook=sample.xlsm sheet=트레이딩
2026-08-18 16:14:59 INFO LINE | mode=3 | looking_for=25-10 / BID | threshold=10000000 | raw_line=26-5 84- 40
2026-08-18 16:14:59 INFO LINE | mode=3 | looking_for=25-10 / BID | threshold=10000000 | raw_line=25-11 사자있나요
2026-08-18 16:14:59 INFO EXCEL_CONNECTED | workbook=sample.xlsm sheet=트레이딩
2026-08-18 16:14:59 INFO LINE | mode=3 | looking_for=25-10 / BID | threshold=10000000 | raw_line=26-3 105 11-
2026-08-18 16:14:59 INFO LINE | mode=3 | looking_for=25-10 / BID | threshold=10000000 | raw_line=26-2 거래
2026-08-18 16:14:59 INFO LINE | mode=3 | looking_for=25-10 / BID | threshold=10000000 | raw_line=26-3 105 11-
2026-08-18 16:14:59 INFO LINE | mode=3 | looking_for=25-10 / BID | threshold=10000000 | raw_line=62-2 거래
2026-08-18 16:14:59 INFO LINE | mode=3 | looking_for=25-10 / BID | threshold=10000000 | raw_line=26-5 0.75 당팔
2026-08-18 16:14:59 INFO LINE | mode=3 | looking_for=25-10 / BID | threshold=10000000 | raw_line=26-5 84 845+
2026-08-18 16:14:59 INFO LINE | mode=3 | looking_for=25-10 / BID | threshold=10000000 | raw_line=25-9 65 팔자 10억 (DS투자증권 채권전략팀
2026-08-18 16:14:59 INFO LINE | mode=3 | looking_for=25-10 / BID | threshold=10000000 | raw_line=26-5 84 845+ 10ㅎㅈ
2026-08-18 16:14:59 INFO LINE | mode=3 | looking_for=25-10 / BID | threshold=10000000 | raw_line=26-3 105 11- 20억
2026-08-18 16:14:59 INFO LINE | mode=3 | looking_for=25-10 / BID | threshold=10000000 | raw_line=26-2 75 755- 20
2026-08-18 16:14:59 INFO LINE | mode=3 | looking_for=25-10 / BID | threshold=10000000 | raw_line=26-2 75- 20
2026-08-18 16:14:59 INFO LINE | mode=3 | looking_for=25-10 / BID | threshold=10000000 | raw_line=28.7.14(금) 아이비케이캐피탈356-4(AA-) 민4.235.. 팔자
2026-08-18 16:15:00 INFO EXCEL_CONNECTED | workbook=sample.xlsm sheet=트레이딩
2026-08-18 16:15:00 INFO LINE | mode=3 | looking_for=25-10 / BID | threshold=10000000 | raw_line=27.7.18(일) 평택도시공사2025-3(녹)(민3.79 .53 AA 쿠:2.708) -6원 팔자 3.864%
2026-08-18 16:15:01 INFO EXCEL_CONNECTED | workbook=sample.xlsm sheet=트레이딩
2026-08-18 16:15:01 INFO LINE | mode=3 | looking_for=25-10 / BID | threshold=10000000 | raw_line=통당 745-
2026-08-18 16:15:01 INFO EXCEL_CONNECTED | workbook=sample.xlsm sheet=트레이딩
2026-08-18 16:15:01 INFO LINE | mode=3 | looking_for=25-10 / BID | threshold=10000000 | raw_line=통당 75+
2026-08-18 16:15:01 INFO LINE | mode=3 | looking_for=25-10 / BID | threshold=10000000 | raw_line=통당 75+
2026-08-18 16:15:01 INFO LINE | mode=3 | looking_for=25-10 / BID | threshold=10000000 | raw_line=통당 75-
2026-08-18 16:15:01 INFO LINE | mode=3 | looking_for=25-10 / BID | threshold=10000000 | raw_line=삼통 89+
2026-08-18 16:15:01 INFO LINE | mode=3 | looking_for=25-10 / BID | threshold=10000000 | raw_line=통당 74 745 -
2026-08-18 16:15:01 INFO LINE | mode=3 | looking_for=25-10 / BID | threshold=10000000 | raw_line=구구삼통 66 +
2026-08-18 16:15:02 INFO EXCEL_CONNECTED | workbook=sample.xlsm sheet=트레이딩
2026-08-18 16:15:02 INFO LINE | mode=3 | looking_for=25-10 / BID | threshold=10000000 | raw_line=26.12.11(금) 롯데캐피탈450-3 (민 3.728% / 끝 .04 / A+) -2원 팔자 3.793%
2026-08-18 16:15:03 INFO EXCEL_CONNECTED | workbook=sample.xlsm sheet=트레이딩
2026-08-18 16:15:03 INFO LINE | mode=3 | looking_for=25-10 / BID | threshold=10000000 | raw_line=통당 75+
2026-08-18 16:15:04 INFO EXCEL_CONNECTED | workbook=sample.xlsm sheet=트레이딩
2026-08-18 16:15:04 INFO LINE | mode=3 | looking_for=25-10 / BID | threshold=10000000 | raw_line=삼통 89+ 동
2026-08-18 16:15:04 INFO LINE | mode=3 | looking_for=25-10 / BID | threshold=10000000 | raw_line=27.12.7 케이비캐(사) (민 4.061 끝전7) 팔자 오바3
2026-08-18 16:15:04 INFO EXCEL_CONNECTED | workbook=sample.xlsm sheet=트레이딩
2026-08-18 16:15:04 INFO LINE | mode=3 | looking_for=25-10 / BID | threshold=10000000 | raw_line=삼통 89+
2026-08-18 16:15:04 INFO LINE | mode=3 | looking_for=25-10 / BID | threshold=10000000 | raw_line=통당 75+
2026-08-18 16:15:04 INFO LINE | mode=3 | looking_for=25-10 / BID | threshold=10000000 | raw_line=통당 75+
2026-08-18 16:15:04 INFO LINE | mode=3 | looking_for=25-10 / BID | threshold=10000000 | raw_line=통당 75+
2026-08-18 16:15:04 INFO LINE | mode=3 | looking_for=25-10 / BID | threshold=10000000 | raw_line=통당 75-
2026-08-18 16:15:04 INFO LINE | mode=3 | looking_for=25-10 / BID | threshold=10000000 | raw_line=29.4.27(금) 산은캐피탈786-4(민4.376) 팔자
2026-08-18 16:15:06 INFO EXCEL_CONNECTED | workbook=sample.xlsm sheet=트레이딩
2026-08-18 16:15:06 INFO LINE | mode=3 | looking_for=25-10 / BID | threshold=10000000 | raw_line=26-5  84-
2026-08-18 16:15:06 INFO LINE | mode=3 | looking_for=25-10 / BID | threshold=10000000 | raw_line=26-2 75 755- 20
2026-08-18 16:15:07 INFO EXCEL_CONNECTED | workbook=sample.xlsm sheet=트레이딩
2026-08-18 16:15:07 INFO LINE | mode=3 | looking_for=25-10 / BID | threshold=10000000 | raw_line=26-2 75 755- 10
2026-08-18 16:15:07 INFO LINE | mode=3 | looking_for=25-10 / BID | threshold=10000000 | raw_line=26-6 375 38+
2026-08-18 16:15:07 INFO LINE | mode=3 | looking_for=25-10 / BID | threshold=10000000 | raw_line=26-3 105 11-
2026-08-18 16:15:07 INFO LINE | mode=3 | looking_for=25-10 / BID | threshold=10000000 | raw_line=26-2 거래
2026-08-18 16:15:07 INFO LINE | mode=3 | looking_for=25-10 / BID | threshold=10000000 | raw_line=26-3 105 11-
2026-08-18 16:15:07 INFO LINE | mode=3 | looking_for=25-10 / BID | threshold=10000000 | raw_line=62-2 거래
2026-08-18 16:15:07 INFO LINE | mode=3 | looking_for=25-10 / BID | threshold=10000000 | raw_line=26-5 0.75 당팔
2026-08-18 16:15:07 INFO LINE | mode=3 | looking_for=25-10 / BID | threshold=10000000 | raw_line=26-5 84 845+
2026-08-18 16:15:07 INFO LINE | mode=3 | looking_for=25-10 / BID | threshold=10000000 | raw_line=25-9 65 팔자 10억 (DS투자증권 채권전략팀
2026-08-18 16:15:07 INFO LINE | mode=3 | looking_for=25-10 / BID | threshold=10000000 | raw_line=26-5 84 845+ 10ㅎㅈ
2026-08-18 16:15:07 INFO LINE | mode=3 | looking_for=25-10 / BID | threshold=10000000 | raw_line=26-3 105 11- 20억
2026-08-18 16:15:07 INFO LINE | mode=3 | looking_for=25-10 / BID | threshold=10000000 | raw_line=통당 75+
2026-08-18 16:15:07 INFO LINE | mode=3 | looking_for=25-10 / BID | threshold=10000000 | raw_line=가스공사558 (29.4.16,월) 민4.070... 팔자
2026-08-18 16:15:07 INFO EXCEL_CONNECTED | workbook=sample.xlsm sheet=트레이딩
2026-08-18 16:15:07 INFO LINE | mode=3 | looking_for=25-10 / BID | threshold=10000000 | raw_line=통당 75+
2026-08-18 16:15:07 INFO LINE | mode=3 | looking_for=25-10 / BID | threshold=10000000 | raw_line=삼통 89+
2026-08-18 16:15:07 INFO LINE | mode=3 | looking_for=25-10 / BID | threshold=10000000 | raw_line=통당 75+
2026-08-18 16:15:07 INFO LINE | mode=3 | looking_for=25-10 / BID | threshold=10000000 | raw_line=통당 75+
2026-08-18 16:15:07 INFO LINE | mode=3 | looking_for=25-10 / BID | threshold=10000000 | raw_line=통당 75+
2026-08-18 16:15:08 INFO EXCEL_CONNECTED | workbook=sample.xlsm sheet=트레이딩
2026-08-18 16:15:08 INFO LINE | mode=3 | looking_for=25-10 / BID | threshold=10000000 | raw_line=25-10 75 755-10
2026-08-18 16:15:09 INFO EXCEL_CONNECTED | workbook=sample.xlsm sheet=트레이딩
2026-08-18 16:15:09 INFO LINE | mode=3 | looking_for=25-10 / BID | threshold=10000000 | raw_line=26-3 105 11-
2026-08-18 16:15:10 INFO EXCEL_CONNECTED | workbook=sample.xlsm sheet=트레이딩
2026-08-18 16:15:10 INFO LINE | mode=3 | looking_for=25-10 / BID | threshold=10000000 | raw_line=26-5ㅎ ㅎㅈ
2026-08-18 16:15:10 INFO LINE | mode=3 | looking_for=25-10 / BID | threshold=10000000 | raw_line=26-5  84 845 팔자   50
2026-08-18 16:15:10 INFO LINE | mode=3 | looking_for=25-10 / BID | threshold=10000000 | raw_line=26-2 75 755- 10
2026-08-18 16:15:10 INFO LINE | mode=3 | looking_for=25-10 / BID | threshold=10000000 | raw_line=26-6 375 38+
2026-08-18 16:15:10 INFO LINE | mode=3 | looking_for=25-10 / BID | threshold=10000000 | raw_line=26-3 105 11-
2026-08-18 16:15:10 INFO LINE | mode=3 | looking_for=25-10 / BID | threshold=10000000 | raw_line=26-2 거래
2026-08-18 16:15:10 INFO LINE | mode=3 | looking_for=25-10 / BID | threshold=10000000 | raw_line=26-3 105 11-
2026-08-18 16:15:10 INFO LINE | mode=3 | looking_for=25-10 / BID | threshold=10000000 | raw_line=62-2 거래
2026-08-18 16:15:10 INFO LINE | mode=3 | looking_for=25-10 / BID | threshold=10000000 | raw_line=26-5 0.75 당팔
2026-08-18 16:15:10 INFO LINE | mode=3 | looking_for=25-10 / BID | threshold=10000000 | raw_line=26-5 84 845+
2026-08-18 16:15:10 INFO LINE | mode=3 | looking_for=25-10 / BID | threshold=10000000 | raw_line=25-9 65 팔자 10억 (DS투자증권 채권전략팀
2026-08-18 16:15:10 INFO EXCEL_CONNECTED | workbook=sample.xlsm sheet=트레이딩
2026-08-18 16:15:10 INFO LINE | mode=3 | looking_for=25-10 / BID | threshold=10000000 | raw_line=통당 75-
2026-08-18 16:15:10 INFO LINE | mode=3 | looking_for=25-10 / BID | threshold=10000000 | raw_line=26.9.8(화) 롯데카드539-5(민3.27,끝.3,AA-변고정) ~200억 팔자 +1.5원 3.062% (수반) /민사자
2026-08-18 16:15:20 INFO EXCEL_CONNECTED | workbook=sample.xlsm sheet=트레이딩
2026-08-18 16:15:20 INFO LINE | mode=3 | looking_for=25-10 / BID | threshold=10000000 | raw_line=26-3 105 11- 20억
2026-08-18 16:15:21 INFO EXCEL_CONNECTED | workbook=sample.xlsm sheet=트레이딩
2026-08-18 16:15:21 INFO LINE | mode=3 | looking_for=25-10 / BID | threshold=10000000 | raw_line=26-5 84 845+ 50
2026-08-18 16:15:21 INFO EXCEL_CONNECTED | workbook=sample.xlsm sheet=트레이딩
2026-08-18 16:15:21 INFO LINE | mode=3 | looking_for=25-10 / BID | threshold=10000000 | raw_line=26-5 84 845 세트 사자 50억
2026-08-18 16:15:21 INFO LINE | mode=3 | looking_for=25-10 / BID | threshold=10000000 | raw_line=20-9 095+
2026-08-18 16:15:21 INFO LINE | mode=3 | looking_for=25-10 / BID | threshold=10000000 | raw_line=26-5ㅎ ㅎㅈ
2026-08-18 16:15:21 INFO LINE | mode=3 | looking_for=25-10 / BID | threshold=10000000 | raw_line=26-5  84 845 팔자   50
2026-08-18 16:15:21 INFO LINE | mode=3 | looking_for=25-10 / BID | threshold=10000000 | raw_line=26-2 75 755- 10
2026-08-18 16:15:21 INFO LINE | mode=3 | looking_for=25-10 / BID | threshold=10000000 | raw_line=26-6 375 38+
2026-08-18 16:15:21 INFO LINE | mode=3 | looking_for=25-10 / BID | threshold=10000000 | raw_line=26-3 105 11-
2026-08-18 16:15:21 INFO LINE | mode=3 | looking_for=25-10 / BID | threshold=10000000 | raw_line=26-2 거래
2026-08-18 16:15:21 INFO LINE | mode=3 | looking_for=25-10 / BID | threshold=10000000 | raw_line=26-3 105 11-
2026-08-18 16:15:21 INFO LINE | mode=3 | looking_for=25-10 / BID | threshold=10000000 | raw_line=62-2 거래
2026-08-18 16:15:21 INFO LINE | mode=3 | looking_for=25-10 / BID | threshold=10000000 | raw_line=26-5 0.75 당팔
2026-08-18 16:15:22 INFO EXCEL_CONNECTED | workbook=sample.xlsm sheet=트레이딩
2026-08-18 16:15:22 INFO LINE | mode=3 | looking_for=25-10 / BID | threshold=10000000 | raw_line=25-11 사고 26-6 팔자
2026-08-18 16:15:24 INFO EXCEL_CONNECTED | workbook=sample.xlsm sheet=트레이딩
2026-08-18 16:15:24 INFO LINE | mode=3 | looking_for=25-10 / BID | threshold=10000000 | raw_line=26-3 11+ 50
2026-08-18 16:15:24 INFO EXCEL_CONNECTED | workbook=sample.xlsm sheet=트레이딩
2026-08-18 16:15:24 INFO LINE | mode=3 | looking_for=25-10 / BID | threshold=10000000 | raw_line=2026.08.18 / 16:15
2026-08-18 16:15:24 INFO LINE | mode=3 | looking_for=25-10 / BID | threshold=10000000 | raw_line=26-3 105 11- 20억
2026-08-18 16:15:24 INFO LINE | mode=3 | looking_for=25-10 / BID | threshold=10000000 | raw_line=26-3 11+ 30억
2026-08-18 16:15:24 INFO LINE | mode=3 | looking_for=25-10 / BID | threshold=10000000 | raw_line=26-5 84 845 세트 사자 50억
2026-08-18 16:15:24 INFO LINE | mode=3 | looking_for=25-10 / BID | threshold=10000000 | raw_line=20-9 095+
2026-08-18 16:15:24 INFO LINE | mode=3 | looking_for=25-10 / BID | threshold=10000000 | raw_line=26-5ㅎ ㅎㅈ
2026-08-18 16:15:24 INFO LINE | mode=3 | looking_for=25-10 / BID | threshold=10000000 | raw_line=26-5  84 845 팔자   50
2026-08-18 16:15:24 INFO LINE | mode=3 | looking_for=25-10 / BID | threshold=10000000 | raw_line=26-2 75 755- 10
2026-08-18 16:15:24 INFO LINE | mode=3 | looking_for=25-10 / BID | threshold=10000000 | raw_line=26-6 375 38+
2026-08-18 16:15:24 INFO LINE | mode=3 | looking_for=25-10 / BID | threshold=10000000 | raw_line=26-3 105 11-
2026-08-18 16:15:24 INFO LINE | mode=3 | looking_for=25-10 / BID | threshold=10000000 | raw_line=26-2 거래
2026-08-18 16:15:24 INFO LINE | mode=3 | looking_for=25-10 / BID | threshold=10000000 | raw_line=26-3 105 11-
2026-08-18 16:15:25 INFO EXCEL_CONNECTED | workbook=sample.xlsm sheet=트레이딩
2026-08-18 16:15:25 INFO LINE | mode=3 | looking_for=25-10 / BID | threshold=10000000 | raw_line=삼통 89+
2026-08-18 16:15:26 INFO EXCEL_CONNECTED | workbook=sample.xlsm sheet=트레이딩
2026-08-18 16:15:26 INFO LINE | mode=3 | looking_for=25-10 / BID | threshold=10000000 | raw_line=25-5 34+
2026-08-18 16:15:26 INFO LINE | mode=3 | looking_for=25-10 / BID | threshold=10000000 | raw_line=25-4 66-
2026-08-18 16:15:27 INFO EXCEL_CONNECTED | workbook=sample.xlsm sheet=트레이딩
2026-08-18 16:15:27 INFO LINE | mode=3 | looking_for=25-10 / BID | threshold=10000000 | raw_line=26-3 11+ 50
2026-08-18 16:15:27 INFO LINE | mode=3 | looking_for=25-10 / BID | threshold=10000000 | raw_line=26-2 75 755- 20
2026-08-18 16:15:27 INFO LINE | mode=3 | looking_for=25-10 / BID | threshold=10000000 | raw_line=26-3 105 11- 20억
2026-08-18 16:15:27 INFO LINE | mode=3 | looking_for=25-10 / BID | threshold=10000000 | raw_line=26-3 11+ 30억
2026-08-18 16:15:27 INFO LINE | mode=3 | looking_for=25-10 / BID | threshold=10000000 | raw_line=26-5 84 845 세트 사자 50억
2026-08-18 16:15:27 INFO LINE | mode=3 | looking_for=25-10 / BID | threshold=10000000 | raw_line=20-9 095+
2026-08-18 16:15:27 INFO LINE | mode=3 | looking_for=25-10 / BID | threshold=10000000 | raw_line=26-5ㅎ ㅎㅈ
2026-08-18 16:15:27 INFO LINE | mode=3 | looking_for=25-10 / BID | threshold=10000000 | raw_line=26-5  84 845 팔자   50
2026-08-18 16:15:27 INFO LINE | mode=3 | looking_for=25-10 / BID | threshold=10000000 | raw_line=26-2 75 755- 10
2026-08-18 16:15:27 INFO LINE | mode=3 | looking_for=25-10 / BID | threshold=10000000 | raw_line=26-6 375 38+
2026-08-18 16:15:27 INFO LINE | mode=3 | looking_for=25-10 / BID | threshold=10000000 | raw_line=26-3 105 11-
2026-08-18 16:15:27 INFO LINE | mode=3 | looking_for=25-10 / BID | threshold=10000000 | raw_line=통안채 0.8 당팔
2026-08-18 16:15:27 INFO EXCEL_CONNECTED | workbook=sample.xlsm sheet=트레이딩
2026-08-18 16:15:27 INFO LINE | mode=3 | looking_for=25-10 / BID | threshold=10000000 | raw_line=통당 75+
2026-08-18 16:15:27 INFO LINE | mode=3 | looking_for=25-10 / BID | threshold=10000000 | raw_line=통당 75+
2026-08-18 16:15:27 INFO LINE | mode=3 | looking_for=25-10 / BID | threshold=10000000 | raw_line=삼통 89+
2026-08-18 16:15:27 INFO LINE | mode=3 | looking_for=25-10 / BID | threshold=10000000 | raw_line=통당 75+
2026-08-18 16:15:27 INFO LINE | mode=3 | looking_for=25-10 / BID | threshold=10000000 | raw_line=삼통 89+
2026-08-18 16:15:31 INFO EXCEL_CONNECTED | workbook=sample.xlsm sheet=트레이딩
2026-08-18 16:15:31 INFO LINE | mode=3 | looking_for=25-10 / BID | threshold=10000000 | raw_line=26-3 105 11- 20억
2026-08-18 16:15:31 INFO LINE | mode=3 | looking_for=25-10 / BID | threshold=10000000 | raw_line=삼통 89+
2026-08-18 16:15:32 INFO EXCEL_CONNECTED | workbook=sample.xlsm sheet=트레이딩
2026-08-18 16:15:32 INFO LINE | mode=3 | looking_for=25-10 / BID | threshold=10000000 | raw_line=26-6 375-
2026-08-18 16:15:32 INFO LINE | mode=3 | looking_for=25-10 / BID | threshold=10000000 | raw_line=26-3 11+ 50
2026-08-18 16:15:32 INFO LINE | mode=3 | looking_for=25-10 / BID | threshold=10000000 | raw_line=26-2 75 755- 20
2026-08-18 16:15:32 INFO LINE | mode=3 | looking_for=25-10 / BID | threshold=10000000 | raw_line=26-3 105 11- 20억
2026-08-18 16:15:32 INFO LINE | mode=3 | looking_for=25-10 / BID | threshold=10000000 | raw_line=26-3 11+ 30억
2026-08-18 16:15:32 INFO LINE | mode=3 | looking_for=25-10 / BID | threshold=10000000 | raw_line=26-5 84 845 세트 사자 50억
2026-08-18 16:15:32 INFO LINE | mode=3 | looking_for=25-10 / BID | threshold=10000000 | raw_line=20-9 095+
2026-08-18 16:15:32 INFO LINE | mode=3 | looking_for=25-10 / BID | threshold=10000000 | raw_line=26-5ㅎ ㅎㅈ
2026-08-18 16:15:32 INFO LINE | mode=3 | looking_for=25-10 / BID | threshold=10000000 | raw_line=26-5  84 845 팔자   50
2026-08-18 16:15:32 INFO LINE | mode=3 | looking_for=25-10 / BID | threshold=10000000 | raw_line=26-2 75 755- 10
2026-08-18 16:15:32 INFO LINE | mode=3 | looking_for=25-10 / BID | threshold=10000000 | raw_line=26-6 375 38+
2026-08-18 16:15:32 INFO LINE | mode=3 | looking_for=25-10 / BID | threshold=10000000 | raw_line=통당 75+
2026-08-18 16:15:32 INFO LINE | mode=3 | looking_for=25-10 / BID | threshold=10000000 | raw_line=통당 75+
2026-08-18 16:15:32 INFO LINE | mode=3 | looking_for=25-10 / BID | threshold=10000000 | raw_line=삼통 89+
2026-08-18 16:15:32 INFO LINE | mode=3 | looking_for=25-10 / BID | threshold=10000000 | raw_line=통당 75+
2026-08-18 16:15:32 INFO LINE | mode=3 | looking_for=25-10 / BID | threshold=10000000 | raw_line=삼통 89+
2026-08-18 16:15:34 INFO EXCEL_CONNECTED | workbook=sample.xlsm sheet=트레이딩
2026-08-18 16:15:34 INFO LINE | mode=3 | looking_for=25-10 / BID | threshold=10000000 | raw_line=통당 75+
2026-08-18 16:15:37 INFO EXCEL_CONNECTED | workbook=sample.xlsm sheet=트레이딩
2026-08-18 16:15:37 INFO LINE | mode=3 | looking_for=25-10 / BID | threshold=10000000 | raw_line=26-3 11+ 자투리
2026-08-18 16:15:37 INFO LINE | mode=3 | looking_for=25-10 / BID | threshold=10000000 | raw_line=20-9 095+
2026-08-18 16:15:37 INFO EXCEL_CONNECTED | workbook=sample.xlsm sheet=트레이딩
2026-08-18 16:15:37 INFO LINE | mode=3 | looking_for=25-10 / BID | threshold=10000000 | raw_line=26-3 11+ 자투리
2026-08-18 16:15:37 INFO LINE | mode=3 | looking_for=25-10 / BID | threshold=10000000 | raw_line=26-5 84 845 세트 사자 50억
2026-08-18 16:15:37 INFO LINE | mode=3 | looking_for=25-10 / BID | threshold=10000000 | raw_line=26-6 375-
2026-08-18 16:15:37 INFO LINE | mode=3 | looking_for=25-10 / BID | threshold=10000000 | raw_line=26-3 11+ 50
2026-08-18 16:15:37 INFO LINE | mode=3 | looking_for=25-10 / BID | threshold=10000000 | raw_line=26-2 75 755- 20
2026-08-18 16:15:37 INFO LINE | mode=3 | looking_for=25-10 / BID | threshold=10000000 | raw_line=26-3 105 11- 20억
2026-08-18 16:15:37 INFO LINE | mode=3 | looking_for=25-10 / BID | threshold=10000000 | raw_line=26-3 11+ 30억
2026-08-18 16:15:37 INFO LINE | mode=3 | looking_for=25-10 / BID | threshold=10000000 | raw_line=26-5 84 845 세트 사자 50억
2026-08-18 16:15:37 INFO LINE | mode=3 | looking_for=25-10 / BID | threshold=10000000 | raw_line=20-9 095+
2026-08-18 16:15:37 INFO LINE | mode=3 | looking_for=25-10 / BID | threshold=10000000 | raw_line=26-5ㅎ ㅎㅈ
2026-08-18 16:15:37 INFO LINE | mode=3 | looking_for=25-10 / BID | threshold=10000000 | raw_line=26-5  84 845 팔자   50
2026-08-18 16:15:39 INFO EXCEL_CONNECTED | workbook=sample.xlsm sheet=트레이딩
2026-08-18 16:15:39 INFO LINE | mode=3 | looking_for=25-10 / BID | threshold=10000000 | raw_line=26-3 11+ 30억
2026-08-18 16:15:39 INFO EXCEL_CONNECTED | workbook=sample.xlsm sheet=트레이딩
2026-08-18 16:15:39 INFO LINE | mode=3 | looking_for=25-10 / BID | threshold=10000000 | raw_line=26-3 105 11-
2026-08-18 16:15:39 INFO LINE | mode=3 | looking_for=25-10 / BID | threshold=10000000 | raw_line=26-3 11+ 자투리
2026-08-18 16:15:39 INFO LINE | mode=3 | looking_for=25-10 / BID | threshold=10000000 | raw_line=26-5 84 845 세트 사자 50억
2026-08-18 16:15:39 INFO LINE | mode=3 | looking_for=25-10 / BID | threshold=10000000 | raw_line=26-6 375-
2026-08-18 16:15:39 INFO LINE | mode=3 | looking_for=25-10 / BID | threshold=10000000 | raw_line=26-3 11+ 50
2026-08-18 16:15:39 INFO LINE | mode=3 | looking_for=25-10 / BID | threshold=10000000 | raw_line=26-2 75 755- 20
2026-08-18 16:15:39 INFO LINE | mode=3 | looking_for=25-10 / BID | threshold=10000000 | raw_line=26-3 105 11- 20억
2026-08-18 16:15:39 INFO LINE | mode=3 | looking_for=25-10 / BID | threshold=10000000 | raw_line=26-3 11+ 30억
2026-08-18 16:15:39 INFO LINE | mode=3 | looking_for=25-10 / BID | threshold=10000000 | raw_line=26-5 84 845 세트 사자 50억
2026-08-18 16:15:39 INFO LINE | mode=3 | looking_for=25-10 / BID | threshold=10000000 | raw_line=20-9 095+
2026-08-18 16:15:39 INFO LINE | mode=3 | looking_for=25-10 / BID | threshold=10000000 | raw_line=26-5ㅎ ㅎㅈ
2026-08-18 16:15:41 INFO EXCEL_CONNECTED | workbook=sample.xlsm sheet=트레이딩
2026-08-18 16:15:41 INFO LINE | mode=3 | looking_for=25-10 / BID | threshold=10000000 | raw_line=25-4 665+
2026-08-18 16:15:41 INFO EXCEL_CONNECTED | workbook=sample.xlsm sheet=트레이딩
2026-08-18 16:15:41 INFO LINE | mode=3 | looking_for=25-10 / BID | threshold=10000000 | raw_line=25-11 사자있나요
2026-08-18 16:15:41 INFO LINE | mode=3 | looking_for=25-10 / BID | threshold=10000000 | raw_line=26-3 105 11-
2026-08-18 16:15:41 INFO LINE | mode=3 | looking_for=25-10 / BID | threshold=10000000 | raw_line=26-3 11+ 자투리
2026-08-18 16:15:41 INFO LINE | mode=3 | looking_for=25-10 / BID | threshold=10000000 | raw_line=26-5 84 845 세트 사자 50억
2026-08-18 16:15:41 INFO LINE | mode=3 | looking_for=25-10 / BID | threshold=10000000 | raw_line=26-6 375-
2026-08-18 16:15:41 INFO LINE | mode=3 | looking_for=25-10 / BID | threshold=10000000 | raw_line=26-3 11+ 50
2026-08-18 16:15:41 INFO LINE | mode=3 | looking_for=25-10 / BID | threshold=10000000 | raw_line=26-2 75 755- 20
2026-08-18 16:15:41 INFO LINE | mode=3 | looking_for=25-10 / BID | threshold=10000000 | raw_line=26-3 105 11- 20억
2026-08-18 16:15:41 INFO LINE | mode=3 | looking_for=25-10 / BID | threshold=10000000 | raw_line=26-3 11+ 30억
2026-08-18 16:15:41 INFO LINE | mode=3 | looking_for=25-10 / BID | threshold=10000000 | raw_line=26-5 84 845 세트 사자 50억
2026-08-18 16:15:41 INFO LINE | mode=3 | looking_for=25-10 / BID | threshold=10000000 | raw_line=20-9 095+
2026-08-18 16:15:42 INFO EXCEL_CONNECTED | workbook=sample.xlsm sheet=트레이딩
2026-08-18 16:15:42 INFO LINE | mode=3 | looking_for=25-10 / BID | threshold=10000000 | raw_line=26-5 84 845 세트 사자 40억
2026-08-18 16:15:42 INFO LINE | mode=3 | looking_for=25-10 / BID | threshold=10000000 | raw_line=26-2 75 755- 20
2026-08-18 16:15:46 INFO EXCEL_CONNECTED | workbook=sample.xlsm sheet=트레이딩
2026-08-18 16:15:46 INFO LINE | mode=3 | looking_for=25-10 / BID | threshold=10000000 | raw_line=26-5 84- 40
2026-08-18 16:15:46 INFO LINE | mode=3 | looking_for=25-10 / BID | threshold=10000000 | raw_line=통당 75+
2026-08-18 16:15:47 INFO EXCEL_CONNECTED | workbook=sample.xlsm sheet=트레이딩
2026-08-18 16:15:47 INFO LINE | mode=3 | looking_for=25-10 / BID | threshold=10000000 | raw_line=26-5  84-
2026-08-18 16:15:47 INFO LINE | mode=3 | looking_for=25-10 / BID | threshold=10000000 | raw_line=26-2 75 755- 20
2026-08-18 16:15:47 INFO LINE | mode=3 | looking_for=25-10 / BID | threshold=10000000 | raw_line=26-5 84- 40
2026-08-18 16:15:47 INFO LINE | mode=3 | looking_for=25-10 / BID | threshold=10000000 | raw_line=25-11 사자있나요
2026-08-18 16:15:47 INFO LINE | mode=3 | looking_for=25-10 / BID | threshold=10000000 | raw_line=26-3 105 11-
2026-08-18 16:15:47 INFO LINE | mode=3 | looking_for=25-10 / BID | threshold=10000000 | raw_line=26-3 11+ 자투리
2026-08-18 16:15:47 INFO LINE | mode=3 | looking_for=25-10 / BID | threshold=10000000 | raw_line=26-5 84 845 세트 사자 50억
2026-08-18 16:15:47 INFO LINE | mode=3 | looking_for=25-10 / BID | threshold=10000000 | raw_line=26-6 375-
2026-08-18 16:15:47 INFO LINE | mode=3 | looking_for=25-10 / BID | threshold=10000000 | raw_line=26-3 11+ 50
2026-08-18 16:15:47 INFO LINE | mode=3 | looking_for=25-10 / BID | threshold=10000000 | raw_line=26-2 75 755- 20
2026-08-18 16:15:47 INFO LINE | mode=3 | looking_for=25-10 / BID | threshold=10000000 | raw_line=26-3 105 11- 20억
2026-08-18 16:15:47 INFO LINE | mode=3 | looking_for=25-10 / BID | threshold=10000000 | raw_line=삼통 89+
2026-08-18 16:15:47 INFO LINE | mode=3 | looking_for=25-10 / BID | threshold=10000000 | raw_line=통당 75+
2026-08-18 16:15:47 INFO LINE | mode=3 | looking_for=25-10 / BID | threshold=10000000 | raw_line=통당 75+
2026-08-18 16:15:47 INFO LINE | mode=3 | looking_for=25-10 / BID | threshold=10000000 | raw_line=통당 75+
2026-08-18 16:15:47 INFO LINE | mode=3 | looking_for=25-10 / BID | threshold=10000000 | raw_line=삼통 89+
2026-08-18 16:15:47 INFO LINE | mode=3 | looking_for=25-10 / BID | threshold=10000000 | raw_line=통당 75+
2026-08-18 16:15:49 INFO EXCEL_CONNECTED | workbook=sample.xlsm sheet=트레이딩
2026-08-18 16:15:49 INFO LINE | mode=3 | looking_for=25-10 / BID | threshold=10000000 | raw_line=26-5 매도 있나요?
2026-08-18 16:15:49 INFO LINE | mode=3 | looking_for=25-10 / BID | threshold=10000000 | raw_line=25-11 365- 10억
2026-08-18 16:15:49 INFO EXCEL_CONNECTED | workbook=sample.xlsm sheet=트레이딩
2026-08-18 16:15:49 INFO LINE | mode=3 | looking_for=25-10 / BID | threshold=10000000 | raw_line=26-3 105 11-
2026-08-18 16:15:49 INFO LINE | mode=3 | looking_for=25-10 / BID | threshold=10000000 | raw_line=25-10 75 755-10
2026-08-18 16:15:49 INFO LINE | mode=3 | looking_for=25-10 / BID | threshold=10000000 | raw_line=26-5  84-
2026-08-18 16:15:49 INFO LINE | mode=3 | looking_for=25-10 / BID | threshold=10000000 | raw_line=26-2 75 755- 20
2026-08-18 16:15:49 INFO LINE | mode=3 | looking_for=25-10 / BID | threshold=10000000 | raw_line=26-5 84- 40
2026-08-18 16:15:49 INFO LINE | mode=3 | looking_for=25-10 / BID | threshold=10000000 | raw_line=25-11 사자있나요
2026-08-18 16:15:49 INFO LINE | mode=3 | looking_for=25-10 / BID | threshold=10000000 | raw_line=26-3 105 11-
2026-08-18 16:15:49 INFO LINE | mode=3 | looking_for=25-10 / BID | threshold=10000000 | raw_line=26-3 11+ 자투리
2026-08-18 16:15:49 INFO LINE | mode=3 | looking_for=25-10 / BID | threshold=10000000 | raw_line=26-5 84 845 세트 사자 50억
2026-08-18 16:15:49 INFO LINE | mode=3 | looking_for=25-10 / BID | threshold=10000000 | raw_line=26-6 375-
2026-08-18 16:15:49 INFO LINE | mode=3 | looking_for=25-10 / BID | threshold=10000000 | raw_line=26-3 11+ 50
2026-08-18 16:15:55 INFO EXCEL_CONNECTED | workbook=sample.xlsm sheet=트레이딩
2026-08-18 16:15:55 INFO LINE | mode=3 | looking_for=25-10 / BID | threshold=10000000 | raw_line=26-5 84 845+ 50
2026-08-18 16:15:56 INFO EXCEL_CONNECTED | workbook=sample.xlsm sheet=트레이딩
2026-08-18 16:15:56 INFO LINE | mode=3 | looking_for=25-10 / BID | threshold=10000000 | raw_line=26-5 84- 40
2026-08-18 16:15:56 INFO EXCEL_CONNECTED | workbook=sample.xlsm sheet=트레이딩
2026-08-18 16:15:57 INFO LINE | mode=3 | looking_for=25-10 / BID | threshold=10000000 | raw_line=26-5 84 845+ 50
2026-08-18 16:15:57 INFO LINE | mode=3 | looking_for=25-10 / BID | threshold=10000000 | raw_line=26-3 105 11- 20억
2026-08-18 16:15:57 INFO LINE | mode=3 | looking_for=25-10 / BID | threshold=10000000 | raw_line=26-3 105 11-
2026-08-18 16:15:57 INFO LINE | mode=3 | looking_for=25-10 / BID | threshold=10000000 | raw_line=25-10 75 755-10
2026-08-18 16:15:57 INFO LINE | mode=3 | looking_for=25-10 / BID | threshold=10000000 | raw_line=26-5  84-
2026-08-18 16:15:57 INFO LINE | mode=3 | looking_for=25-10 / BID | threshold=10000000 | raw_line=26-2 75 755- 20
2026-08-18 16:15:57 INFO LINE | mode=3 | looking_for=25-10 / BID | threshold=10000000 | raw_line=26-5 84- 40
2026-08-18 16:15:57 INFO LINE | mode=3 | looking_for=25-10 / BID | threshold=10000000 | raw_line=25-11 사자있나요
2026-08-18 16:15:57 INFO LINE | mode=3 | looking_for=25-10 / BID | threshold=10000000 | raw_line=26-3 105 11-
2026-08-18 16:15:57 INFO LINE | mode=3 | looking_for=25-10 / BID | threshold=10000000 | raw_line=26-3 11+ 자투리
2026-08-18 16:15:57 INFO LINE | mode=3 | looking_for=25-10 / BID | threshold=10000000 | raw_line=26-5 84 845 세트 사자 50억
2026-08-18 16:15:59 INFO EXCEL_CONNECTED | workbook=sample.xlsm sheet=트레이딩
2026-08-18 16:15:59 INFO LINE | mode=3 | looking_for=25-10 / BID | threshold=10000000 | raw_line=26-5  84-
2026-08-18 16:16:00 INFO EXCEL_CONNECTED | workbook=sample.xlsm sheet=트레이딩
2026-08-18 16:16:00 INFO LINE | mode=3 | looking_for=25-10 / BID | threshold=10000000 | raw_line=26-3 105 11- 20억
2026-08-18 16:16:00 INFO LINE | mode=3 | looking_for=25-10 / BID | threshold=10000000 | raw_line=26-6 375- 10억
2026-08-18 16:16:00 INFO EXCEL_CONNECTED | workbook=sample.xlsm sheet=트레이딩
2026-08-18 16:16:01 INFO LINE | mode=3 | looking_for=25-10 / BID | threshold=10000000 | raw_line=25-4 66-
2026-08-18 16:16:01 INFO LINE | mode=3 | looking_for=25-10 / BID | threshold=10000000 | raw_line=26-3 11+ 50
2026-08-18 16:16:01 INFO LINE | mode=3 | looking_for=25-10 / BID | threshold=10000000 | raw_line=25-11 사고 26-6 팔자
2026-08-18 16:16:01 INFO LINE | mode=3 | looking_for=25-10 / BID | threshold=10000000 | raw_line=26-5 84 845+ 50
2026-08-18 16:16:01 INFO LINE | mode=3 | looking_for=25-10 / BID | threshold=10000000 | raw_line=26-3 105 11- 20억
2026-08-18 16:16:01 INFO LINE | mode=3 | looking_for=25-10 / BID | threshold=10000000 | raw_line=26-3 105 11-
2026-08-18 16:16:01 INFO LINE | mode=3 | looking_for=25-10 / BID | threshold=10000000 | raw_line=25-10 75 755-10
2026-08-18 16:16:01 INFO LINE | mode=3 | looking_for=25-10 / BID | threshold=10000000 | raw_line=26-5  84-
2026-08-18 16:16:01 INFO LINE | mode=3 | looking_for=25-10 / BID | threshold=10000000 | raw_line=26-2 75 755- 20
2026-08-18 16:16:01 INFO LINE | mode=3 | looking_for=25-10 / BID | threshold=10000000 | raw_line=26-5 84- 40
2026-08-18 16:16:01 INFO LINE | mode=3 | looking_for=25-10 / BID | threshold=10000000 | raw_line=25-11 사자있나요
2026-08-18 16:16:02 INFO EXCEL_CONNECTED | workbook=sample.xlsm sheet=트레이딩
2026-08-18 16:16:02 INFO LINE | mode=3 | looking_for=25-10 / BID | threshold=10000000 | raw_line=27.10.16 신한채(민 3.735,끝전.06,~FA4) -5원 팔자
2026-08-18 16:16:02 INFO EXCEL_CONNECTED | workbook=sample.xlsm sheet=트레이딩
2026-08-18 16:16:03 INFO LINE | mode=3 | looking_for=25-10 / BID | threshold=10000000 | raw_line=27.10.16 신한채(민 3.735,끝전.06,~FA4) -4원 팔자
2026-08-18 16:16:07 INFO EXCEL_CONNECTED | workbook=sample.xlsm sheet=트레이딩
2026-08-18 16:16:07 INFO LINE | mode=3 | looking_for=25-10 / BID | threshold=10000000 | raw_line=26-6 375-
2026-08-18 16:16:08 INFO EXCEL_CONNECTED | workbook=sample.xlsm sheet=트레이딩
2026-08-18 16:16:08 INFO LINE | mode=3 | looking_for=25-10 / BID | threshold=10000000 | raw_line=27.2.25.하나은행(민.3.295,끝.86)팔자
2026-08-18 16:16:09 INFO EXCEL_CONNECTED | workbook=sample.xlsm sheet=트레이딩
2026-08-18 16:16:09 INFO LINE | mode=3 | looking_for=25-10 / BID | threshold=10000000 | raw_line=26-3 105 11-
2026-08-18 16:16:10 INFO EXCEL_CONNECTED | workbook=sample.xlsm sheet=트레이딩
2026-08-18 16:16:10 INFO LINE | mode=3 | looking_for=25-10 / BID | threshold=10000000 | raw_line=25-11 사자 있나요
2026-08-18 16:16:10 INFO LINE | mode=3 | looking_for=25-10 / BID | threshold=10000000 | raw_line=26-4 66 팔고 26-5 84 845 사자
2026-08-18 16:16:11 INFO EXCEL_CONNECTED | workbook=sample.xlsm sheet=트레이딩
2026-08-18 16:16:11 INFO LINE | mode=3 | looking_for=25-10 / BID | threshold=10000000 | raw_line=26-3 11+ 자투리
2026-08-18 16:16:11 INFO LINE | mode=3 | looking_for=25-10 / BID | threshold=10000000 | raw_line=20-9 095+
2026-08-18 16:16:11 INFO LINE | mode=3 | looking_for=25-10 / BID | threshold=10000000 | raw_line=26-3 105 11- 20억
2026-08-18 16:16:11 INFO LINE | mode=3 | looking_for=25-10 / BID | threshold=10000000 | raw_line=25-5 34+
2026-08-18 16:16:11 INFO LINE | mode=3 | looking_for=25-10 / BID | threshold=10000000 | raw_line=25-4 66-
2026-08-18 16:16:11 INFO LINE | mode=3 | looking_for=25-10 / BID | threshold=10000000 | raw_line=26-3 11+ 50
2026-08-18 16:16:11 INFO LINE | mode=3 | looking_for=25-10 / BID | threshold=10000000 | raw_line=25-11 사고 26-6 팔자
2026-08-18 16:16:11 INFO LINE | mode=3 | looking_for=25-10 / BID | threshold=10000000 | raw_line=26-5 84 845+ 50
2026-08-18 16:16:11 INFO LINE | mode=3 | looking_for=25-10 / BID | threshold=10000000 | raw_line=26-3 105 11- 20억
2026-08-18 16:16:11 INFO LINE | mode=3 | looking_for=25-10 / BID | threshold=10000000 | raw_line=26-3 105 11-
2026-08-18 16:16:11 INFO LINE | mode=3 | looking_for=25-10 / BID | threshold=10000000 | raw_line=25-10 75 755-10
2026-08-18 16:16:11 INFO EXCEL_CONNECTED | workbook=sample.xlsm sheet=트레이딩
2026-08-18 16:16:11 INFO LINE | mode=3 | looking_for=25-10 / BID | threshold=10000000 | raw_line=26-2 75 755- 20
2026-08-18 16:16:12 INFO EXCEL_CONNECTED | workbook=sample.xlsm sheet=트레이딩
2026-08-18 16:16:13 INFO LINE | mode=3 | looking_for=25-10 / BID | threshold=10000000 | raw_line=ㅎㅈ
2026-08-18 16:16:13 INFO LINE | mode=3 | looking_for=25-10 / BID | threshold=10000000 | raw_line=ㅎㅈ
2026-08-18 16:16:13 INFO EXCEL_CONNECTED | workbook=sample.xlsm sheet=트레이딩
2026-08-18 16:16:13 INFO LINE | mode=3 | looking_for=25-10 / BID | threshold=10000000 | raw_line=27.11.27 농어촌공사 (민 3.773/.94) -8원 팔자
2026-08-18 16:16:13 INFO LINE | mode=3 | looking_for=25-10 / BID | threshold=10000000 | raw_line=흥국
2026-08-18 16:16:13 INFO LINE | mode=3 | looking_for=25-10 / BID | threshold=10000000 | raw_line=흥국
2026-08-18 16:16:13 INFO LINE | mode=3 | looking_for=25-10 / BID | threshold=10000000 | raw_line=ㅎㅈ
2026-08-18 16:16:13 INFO LINE | mode=3 | looking_for=25-10 / BID | threshold=10000000 | raw_line=ㅎㅈ
2026-08-18 16:16:13 INFO LINE | mode=3 | looking_for=25-10 / BID | threshold=10000000 | raw_line=10억
2026-08-18 16:16:15 INFO EXCEL_CONNECTED | workbook=sample.xlsm sheet=트레이딩
2026-08-18 16:16:15 INFO LINE | mode=3 | looking_for=25-10 / BID | threshold=10000000 | raw_line=50억
2026-08-18 16:16:15 INFO LINE | mode=3 | looking_for=25-10 / BID | threshold=10000000 | raw_line=50억
2026-08-18 16:16:16 INFO EXCEL_CONNECTED | workbook=sample.xlsm sheet=트레이딩
2026-08-18 16:16:16 INFO LINE | mode=3 | looking_for=25-10 / BID | threshold=10000000 | raw_line=26-5 84+ 50억
2026-08-18 16:16:16 INFO LINE | mode=3 | looking_for=25-10 / BID | threshold=10000000 | raw_line=입니다
2026-08-18 16:16:16 INFO LINE | mode=3 | looking_for=25-10 / BID | threshold=10000000 | raw_line=입니다
2026-08-18 16:16:16 INFO EXCEL_CONNECTED | workbook=sample.xlsm sheet=트레이딩
2026-08-18 16:16:16 INFO LINE | mode=3 | looking_for=25-10 / BID | threshold=10000000 | raw_line=25-4 665+
2026-08-18 16:16:16 INFO LINE | mode=3 | looking_for=25-10 / BID | threshold=10000000 | raw_line=26-3 11+ 30억
2026-08-18 16:16:16 INFO LINE | mode=3 | looking_for=25-10 / BID | threshold=10000000 | raw_line=26-3 11+ 자투리
2026-08-18 16:16:16 INFO LINE | mode=3 | looking_for=25-10 / BID | threshold=10000000 | raw_line=20-9 095+
2026-08-18 16:16:16 INFO LINE | mode=3 | looking_for=25-10 / BID | threshold=10000000 | raw_line=26-3 105 11- 20억
2026-08-18 16:16:16 INFO LINE | mode=3 | looking_for=25-10 / BID | threshold=10000000 | raw_line=25-5 34+
2026-08-18 16:16:16 INFO LINE | mode=3 | looking_for=25-10 / BID | threshold=10000000 | raw_line=25-4 66-
2026-08-18 16:16:16 INFO LINE | mode=3 | looking_for=25-10 / BID | threshold=10000000 | raw_line=26-3 11+ 50
2026-08-18 16:16:16 INFO LINE | mode=3 | looking_for=25-10 / BID | threshold=10000000 | raw_line=25-11 사고 26-6 팔자
2026-08-18 16:16:16 INFO LINE | mode=3 | looking_for=25-10 / BID | threshold=10000000 | raw_line=26-5 84 845+ 50
2026-08-18 16:16:16 INFO LINE | mode=3 | looking_for=25-10 / BID | threshold=10000000 | raw_line=26-3 105 11- 20억
2026-08-18 16:16:16 INFO LINE | mode=3 | looking_for=25-10 / BID | threshold=10000000 | raw_line=ㅎㅈ
2026-08-18 16:16:16 INFO LINE | mode=3 | looking_for=25-10 / BID | threshold=10000000 | raw_line=ㅎㅈ
2026-08-18 16:16:16 INFO LINE | mode=3 | looking_for=25-10 / BID | threshold=10000000 | raw_line=저희거래
2026-08-18 16:16:16 INFO LINE | mode=3 | looking_for=25-10 / BID | threshold=10000000 | raw_line=저희거래
2026-08-18 16:16:16 INFO LINE | mode=3 | looking_for=25-10 / BID | threshold=10000000 | raw_line=흥국
2026-08-18 16:16:20 INFO EXCEL_CONNECTED | workbook=sample.xlsm sheet=트레이딩
2026-08-18 16:16:20 INFO LINE | mode=3 | looking_for=25-10 / BID | threshold=10000000 | raw_line=27.7.21.농금채은행(민.3.668,끝.78)팔자 ~ -3원 3.709%
2026-08-18 16:16:20 INFO LINE | mode=3 | looking_for=25-10 / BID | threshold=10000000 | raw_line=27.7.18(일) 평택도시공사(녹) (민3.790, 끝전.53, AA) -6원 팔자
2026-08-18 16:16:20 INFO EXCEL_CONNECTED | workbook=sample.xlsm sheet=트레이딩
2026-08-18 16:16:20 INFO LINE | mode=3 | looking_for=25-10 / BID | threshold=10000000 | raw_line=27.1.25(월) 중금(민 3.233, .54) -3원 팔자~3.316%동
2026-08-18 16:16:22 INFO EXCEL_CONNECTED | workbook=sample.xlsm sheet=트레이딩
2026-08-18 16:16:22 INFO LINE | mode=3 | looking_for=25-10 / BID | threshold=10000000 | raw_line=흥국
2026-08-18 16:16:24 INFO EXCEL_CONNECTED | workbook=sample.xlsm sheet=트레이딩
2026-08-18 16:16:24 INFO LINE | mode=3 | looking_for=25-10 / BID | threshold=10000000 | raw_line=2026.08.18 / 16:16
2026-08-18 16:16:25 INFO EXCEL_CONNECTED | workbook=sample.xlsm sheet=트레이딩
2026-08-18 16:16:25 INFO LINE | mode=3 | looking_for=25-10 / BID | threshold=10000000 | raw_line=26-3  11 사자  30
2026-08-18 16:16:26 INFO EXCEL_CONNECTED | workbook=sample.xlsm sheet=트레이딩
2026-08-18 16:16:26 INFO LINE | mode=3 | looking_for=25-10 / BID | threshold=10000000 | raw_line=27.1.25(월) 중금(민 3.233, .54) -3원 팔자~3.316%동
2026-08-18 16:16:28 INFO EXCEL_CONNECTED | workbook=sample.xlsm sheet=트레이딩
2026-08-18 16:16:28 INFO LINE | mode=3 | looking_for=25-10 / BID | threshold=10000000 | raw_line=26-5  84-  ㅎㅈ
2026-08-18 16:16:28 INFO EXCEL_CONNECTED | workbook=sample.xlsm sheet=트레이딩
2026-08-18 16:16:28 INFO LINE | mode=3 | looking_for=25-10 / BID | threshold=10000000 | raw_line=26-5 84 845 세트 사자 40억
2026-08-18 16:16:28 INFO LINE | mode=3 | looking_for=25-10 / BID | threshold=10000000 | raw_line=26-2 75 755- 20
2026-08-18 16:16:28 INFO LINE | mode=3 | looking_for=25-10 / BID | threshold=10000000 | raw_line=25-4 665+
2026-08-18 16:16:28 INFO LINE | mode=3 | looking_for=25-10 / BID | threshold=10000000 | raw_line=26-3 11+ 30억
2026-08-18 16:16:28 INFO LINE | mode=3 | looking_for=25-10 / BID | threshold=10000000 | raw_line=26-3 11+ 자투리
2026-08-18 16:16:28 INFO LINE | mode=3 | looking_for=25-10 / BID | threshold=10000000 | raw_line=20-9 095+
2026-08-18 16:16:28 INFO LINE | mode=3 | looking_for=25-10 / BID | threshold=10000000 | raw_line=26-3 105 11- 20억
2026-08-18 16:16:28 INFO LINE | mode=3 | looking_for=25-10 / BID | threshold=10000000 | raw_line=25-5 34+
2026-08-18 16:16:28 INFO LINE | mode=3 | looking_for=25-10 / BID | threshold=10000000 | raw_line=25-4 66-
2026-08-18 16:16:28 INFO LINE | mode=3 | looking_for=25-10 / BID | threshold=10000000 | raw_line=26-3 11+ 50
2026-08-18 16:16:28 INFO LINE | mode=3 | looking_for=25-10 / BID | threshold=10000000 | raw_line=25-11 사고 26-6 팔자
2026-08-18 16:16:29 INFO EXCEL_CONNECTED | workbook=sample.xlsm sheet=트레이딩
2026-08-18 16:16:29 INFO LINE | mode=3 | looking_for=25-10 / BID | threshold=10000000 | raw_line=통당 매도있나요?
2026-08-18 16:16:31 INFO EXCEL_CONNECTED | workbook=sample.xlsm sheet=트레이딩
2026-08-18 16:16:31 INFO LINE | mode=3 | looking_for=25-10 / BID | threshold=10000000 | raw_line=26-6 375 38+
2026-08-18 16:16:31 INFO LINE | mode=3 | looking_for=25-10 / BID | threshold=10000000 | raw_line=26-5 84 845 세트 사자 40억
2026-08-18 16:16:32 INFO EXCEL_CONNECTED | workbook=sample.xlsm sheet=트레이딩
2026-08-18 16:16:32 INFO LINE | mode=3 | looking_for=25-10 / BID | threshold=10000000 | raw_line=26-5 84- 40
2026-08-18 16:16:32 INFO LINE | mode=3 | looking_for=25-10 / BID | threshold=10000000 | raw_line=삼통 89+
2026-08-18 16:16:32 INFO EXCEL_CONNECTED | workbook=sample.xlsm sheet=트레이딩
2026-08-18 16:16:32 INFO LINE | mode=3 | looking_for=25-10 / BID | threshold=10000000 | raw_line=26-5 매도 있나요?
2026-08-18 16:16:32 INFO LINE | mode=3 | looking_for=25-10 / BID | threshold=10000000 | raw_line=25-11 365- 10억
2026-08-18 16:16:32 INFO LINE | mode=3 | looking_for=25-10 / BID | threshold=10000000 | raw_line=26-5 84- 40
2026-08-18 16:16:32 INFO LINE | mode=3 | looking_for=25-10 / BID | threshold=10000000 | raw_line=26-5 84 845 세트 사자 40억
2026-08-18 16:16:32 INFO LINE | mode=3 | looking_for=25-10 / BID | threshold=10000000 | raw_line=26-2 75 755- 20
2026-08-18 16:16:32 INFO LINE | mode=3 | looking_for=25-10 / BID | threshold=10000000 | raw_line=25-4 665+
2026-08-18 16:16:32 INFO LINE | mode=3 | looking_for=25-10 / BID | threshold=10000000 | raw_line=26-3 11+ 30억
2026-08-18 16:16:32 INFO LINE | mode=3 | looking_for=25-10 / BID | threshold=10000000 | raw_line=26-3 11+ 자투리
2026-08-18 16:16:32 INFO LINE | mode=3 | looking_for=25-10 / BID | threshold=10000000 | raw_line=20-9 095+
2026-08-18 16:16:32 INFO LINE | mode=3 | looking_for=25-10 / BID | threshold=10000000 | raw_line=26-3 105 11- 20억
2026-08-18 16:16:32 INFO LINE | mode=3 | looking_for=25-10 / BID | threshold=10000000 | raw_line=25-5 34+
2026-08-18 16:16:32 INFO LINE | mode=3 | looking_for=25-10 / BID | threshold=10000000 | raw_line=삼통 885-
2026-08-18 16:16:32 INFO LINE | mode=3 | looking_for=25-10 / BID | threshold=10000000 | raw_line=삼통 89+
2026-08-18 16:16:32 INFO LINE | mode=3 | looking_for=25-10 / BID | threshold=10000000 | raw_line=통당 75+
2026-08-18 16:16:32 INFO LINE | mode=3 | looking_for=25-10 / BID | threshold=10000000 | raw_line=통당 75+
2026-08-18 16:16:32 INFO LINE | mode=3 | looking_for=25-10 / BID | threshold=10000000 | raw_line=통당 75+
2026-08-18 16:16:33 INFO EXCEL_CONNECTED | workbook=sample.xlsm sheet=트레이딩
2026-08-18 16:16:33 INFO LINE | mode=3 | looking_for=25-10 / BID | threshold=10000000 | raw_line=26-5 84 845+ 50
2026-08-18 16:16:33 INFO LINE | mode=3 | looking_for=25-10 / BID | threshold=10000000 | raw_line=통안채 0.8 당팔
2026-08-18 16:16:34 INFO EXCEL_CONNECTED | workbook=sample.xlsm sheet=트레이딩
2026-08-18 16:16:34 INFO LINE | mode=3 | looking_for=25-10 / BID | threshold=10000000 | raw_line=26-3 11+ 50
2026-08-18 16:16:34 INFO EXCEL_CONNECTED | workbook=sample.xlsm sheet=트레이딩
2026-08-18 16:16:35 INFO LINE | mode=3 | looking_for=25-10 / BID | threshold=10000000 | raw_line=26-5 84- 40
2026-08-18 16:16:35 INFO LINE | mode=3 | looking_for=25-10 / BID | threshold=10000000 | raw_line=26-5 84 845+ 50
2026-08-18 16:16:35 INFO LINE | mode=3 | looking_for=25-10 / BID | threshold=10000000 | raw_line=26-5 매도 있나요?
2026-08-18 16:16:35 INFO LINE | mode=3 | looking_for=25-10 / BID | threshold=10000000 | raw_line=25-11 365- 10억
2026-08-18 16:16:35 INFO LINE | mode=3 | looking_for=25-10 / BID | threshold=10000000 | raw_line=26-5 84- 40
2026-08-18 16:16:35 INFO LINE | mode=3 | looking_for=25-10 / BID | threshold=10000000 | raw_line=26-5 84 845 세트 사자 40억
2026-08-18 16:16:35 INFO LINE | mode=3 | looking_for=25-10 / BID | threshold=10000000 | raw_line=26-2 75 755- 20
2026-08-18 16:16:35 INFO LINE | mode=3 | looking_for=25-10 / BID | threshold=10000000 | raw_line=25-4 665+
2026-08-18 16:16:35 INFO LINE | mode=3 | looking_for=25-10 / BID | threshold=10000000 | raw_line=26-3 11+ 30억
2026-08-18 16:16:35 INFO LINE | mode=3 | looking_for=25-10 / BID | threshold=10000000 | raw_line=26-3 11+ 자투리
2026-08-18 16:16:35 INFO LINE | mode=3 | looking_for=25-10 / BID | threshold=10000000 | raw_line=20-9 095+
2026-08-18 16:16:38 INFO EXCEL_CONNECTED | workbook=sample.xlsm sheet=트레이딩
2026-08-18 16:16:38 INFO LINE | mode=3 | looking_for=25-10 / BID | threshold=10000000 | raw_line=통당 75+
2026-08-18 16:16:40 INFO EXCEL_CONNECTED | workbook=sample.xlsm sheet=트레이딩
2026-08-18 16:16:40 INFO LINE | mode=3 | looking_for=25-10 / BID | threshold=10000000 | raw_line=27.7.18 평택도시공사(녹)(~F75) -6원 팔자(민평 3.79 쩜53, 일)
2026-08-18 16:16:47 INFO EXCEL_CONNECTED | workbook=sample.xlsm sheet=트레이딩
2026-08-18 16:16:47 INFO LINE | mode=3 | looking_for=25-10 / BID | threshold=10000000 | raw_line=가스공사558 (29.4.16,월) 민4.070... 팔자
2026-08-18 16:16:49 INFO EXCEL_CONNECTED | workbook=sample.xlsm sheet=트레이딩
2026-08-18 16:16:49 INFO LINE | mode=3 | looking_for=25-10 / BID | threshold=10000000 | raw_line=통당 75+
2026-08-18 16:16:49 INFO EXCEL_CONNECTED | workbook=sample.xlsm sheet=트레이딩
2026-08-18 16:16:49 INFO LINE | mode=3 | looking_for=25-10 / BID | threshold=10000000 | raw_line=통당 75+
2026-08-18 16:16:49 INFO LINE | mode=3 | looking_for=25-10 / BID | threshold=10000000 | raw_line=삼통 89+
2026-08-18 16:16:49 INFO LINE | mode=3 | looking_for=25-10 / BID | threshold=10000000 | raw_line=삼통 885-
2026-08-18 16:16:49 INFO LINE | mode=3 | looking_for=25-10 / BID | threshold=10000000 | raw_line=삼통 89+
2026-08-18 16:16:49 INFO LINE | mode=3 | looking_for=25-10 / BID | threshold=10000000 | raw_line=통당 75+
2026-08-18 16:16:49 INFO LINE | mode=3 | looking_for=25-10 / BID | threshold=10000000 | raw_line=통당 75+
2026-08-18 16:16:53 INFO EXCEL_CONNECTED | workbook=sample.xlsm sheet=트레이딩
2026-08-18 16:16:53 INFO LINE | mode=3 | looking_for=25-10 / BID | threshold=10000000 | raw_line=26-5  84-   50억 추가
2026-08-18 16:16:53 INFO EXCEL_CONNECTED | workbook=sample.xlsm sheet=트레이딩
2026-08-18 16:16:53 INFO LINE | mode=3 | looking_for=25-10 / BID | threshold=10000000 | raw_line=26-5  84-
2026-08-18 16:16:53 INFO LINE | mode=3 | looking_for=25-10 / BID | threshold=10000000 | raw_line=26-5 84- 40
2026-08-18 16:16:53 INFO LINE | mode=3 | looking_for=25-10 / BID | threshold=10000000 | raw_line=26-5 84 845+ 50
2026-08-18 16:16:53 INFO LINE | mode=3 | looking_for=25-10 / BID | threshold=10000000 | raw_line=26-5 매도 있나요?
2026-08-18 16:16:53 INFO LINE | mode=3 | looking_for=25-10 / BID | threshold=10000000 | raw_line=25-11 365- 10억
2026-08-18 16:16:53 INFO LINE | mode=3 | looking_for=25-10 / BID | threshold=10000000 | raw_line=26-5 84- 40
2026-08-18 16:16:53 INFO LINE | mode=3 | looking_for=25-10 / BID | threshold=10000000 | raw_line=26-5 84 845 세트 사자 40억
2026-08-18 16:16:53 INFO LINE | mode=3 | looking_for=25-10 / BID | threshold=10000000 | raw_line=26-2 75 755- 20
2026-08-18 16:16:53 INFO LINE | mode=3 | looking_for=25-10 / BID | threshold=10000000 | raw_line=25-4 665+
2026-08-18 16:16:53 INFO LINE | mode=3 | looking_for=25-10 / BID | threshold=10000000 | raw_line=26-3 11+ 30억
2026-08-18 16:16:53 INFO LINE | mode=3 | looking_for=25-10 / BID | threshold=10000000 | raw_line=26-3 11+ 자투리
2026-08-18 16:16:57 INFO EXCEL_CONNECTED | workbook=sample.xlsm sheet=트레이딩
2026-08-18 16:16:57 INFO LINE | mode=3 | looking_for=25-10 / BID | threshold=10000000 | raw_line=26-5 84 845 세트 사자 40억
2026-08-18 16:16:57 INFO LINE | mode=3 | looking_for=25-10 / BID | threshold=10000000 | raw_line=구삼통 0.8원 당팔
2026-08-18 16:17:00 INFO EXCEL_CONNECTED | workbook=sample.xlsm sheet=트레이딩
2026-08-18 16:17:00 INFO LINE | mode=3 | looking_for=25-10 / BID | threshold=10000000 | raw_line=26-3 105 11- 20억
2026-08-18 16:17:00 INFO EXCEL_CONNECTED | workbook=sample.xlsm sheet=트레이딩
2026-08-18 16:17:01 INFO LINE | mode=3 | looking_for=25-10 / BID | threshold=10000000 | raw_line=26-3 105 11- 20억
2026-08-18 16:17:01 INFO LINE | mode=3 | looking_for=25-10 / BID | threshold=10000000 | raw_line=26-6 375- 10억
2026-08-18 16:17:01 INFO LINE | mode=3 | looking_for=25-10 / BID | threshold=10000000 | raw_line=26-5  84-
2026-08-18 16:17:01 INFO LINE | mode=3 | looking_for=25-10 / BID | threshold=10000000 | raw_line=26-5 84- 40
2026-08-18 16:17:01 INFO LINE | mode=3 | looking_for=25-10 / BID | threshold=10000000 | raw_line=26-5 84 845+ 50
2026-08-18 16:17:01 INFO LINE | mode=3 | looking_for=25-10 / BID | threshold=10000000 | raw_line=26-5 매도 있나요?
2026-08-18 16:17:01 INFO LINE | mode=3 | looking_for=25-10 / BID | threshold=10000000 | raw_line=25-11 365- 10억
2026-08-18 16:17:01 INFO LINE | mode=3 | looking_for=25-10 / BID | threshold=10000000 | raw_line=26-5 84- 40
2026-08-18 16:17:01 INFO LINE | mode=3 | looking_for=25-10 / BID | threshold=10000000 | raw_line=26-5 84 845 세트 사자 40억
2026-08-18 16:17:01 INFO LINE | mode=3 | looking_for=25-10 / BID | threshold=10000000 | raw_line=26-2 75 755- 20
2026-08-18 16:17:01 INFO LINE | mode=3 | looking_for=25-10 / BID | threshold=10000000 | raw_line=25-4 665+
2026-08-18 16:17:02 INFO EXCEL_CONNECTED | workbook=sample.xlsm sheet=트레이딩
2026-08-18 16:17:02 INFO LINE | mode=3 | looking_for=25-10 / BID | threshold=10000000 | raw_line=26-6 375 38+ 20억
2026-08-18 16:17:02 INFO LINE | mode=3 | looking_for=25-10 / BID | threshold=10000000 | raw_line=26-3 +0.75원 당팔 20억
2026-08-18 16:17:02 INFO EXCEL_CONNECTED | workbook=sample.xlsm sheet=트레이딩
2026-08-18 16:17:02 INFO LINE | mode=3 | looking_for=25-10 / BID | threshold=10000000 | raw_line=26-3 105 11-
2026-08-18 16:17:02 INFO LINE | mode=3 | looking_for=25-10 / BID | threshold=10000000 | raw_line=26-6 375-
2026-08-18 16:17:02 INFO LINE | mode=3 | looking_for=25-10 / BID | threshold=10000000 | raw_line=26-3 105 11- 20억
2026-08-18 16:17:02 INFO LINE | mode=3 | looking_for=25-10 / BID | threshold=10000000 | raw_line=26-6 375- 10억
2026-08-18 16:17:02 INFO LINE | mode=3 | looking_for=25-10 / BID | threshold=10000000 | raw_line=26-5  84-
2026-08-18 16:17:02 INFO LINE | mode=3 | looking_for=25-10 / BID | threshold=10000000 | raw_line=26-5 84- 40
2026-08-18 16:17:02 INFO LINE | mode=3 | looking_for=25-10 / BID | threshold=10000000 | raw_line=26-5 84 845+ 50
2026-08-18 16:17:02 INFO LINE | mode=3 | looking_for=25-10 / BID | threshold=10000000 | raw_line=26-5 매도 있나요?
2026-08-18 16:17:02 INFO LINE | mode=3 | looking_for=25-10 / BID | threshold=10000000 | raw_line=25-11 365- 10억
2026-08-18 16:17:02 INFO LINE | mode=3 | looking_for=25-10 / BID | threshold=10000000 | raw_line=26-5 84- 40
2026-08-18 16:17:02 INFO LINE | mode=3 | looking_for=25-10 / BID | threshold=10000000 | raw_line=26-5 84 845 세트 사자 40억
2026-08-18 16:17:05 INFO EXCEL_CONNECTED | workbook=sample.xlsm sheet=트레이딩
2026-08-18 16:17:05 INFO LINE | mode=3 | looking_for=25-10 / BID | threshold=10000000 | raw_line=26-3 11+ 자투리
2026-08-18 16:17:10 INFO EXCEL_CONNECTED | workbook=sample.xlsm sheet=트레이딩
2026-08-18 16:17:10 INFO LINE | mode=3 | looking_for=25-10 / BID | threshold=10000000 | raw_line=21-5 145 15-
2026-08-18 16:17:10 INFO LINE | mode=3 | looking_for=25-10 / BID | threshold=10000000 | raw_line=27.2.25.하나은행(민.3.295,끝.86)팔자
2026-08-18 16:17:13 INFO EXCEL_CONNECTED | workbook=sample.xlsm sheet=트레이딩
2026-08-18 16:17:13 INFO LINE | mode=3 | looking_for=25-10 / BID | threshold=10000000 | raw_line=26-3 11+ 50
2026-08-18 16:17:13 INFO LINE | mode=3 | looking_for=25-10 / BID | threshold=10000000 | raw_line=26-2 75 755- 20
2026-08-18 16:17:14 INFO EXCEL_CONNECTED | workbook=sample.xlsm sheet=트레이딩
2026-08-18 16:17:14 INFO LINE | mode=3 | looking_for=25-10 / BID | threshold=10000000 | raw_line=26-5 84+ 50억
2026-08-18 16:17:14 INFO LINE | mode=3 | looking_for=25-10 / BID | threshold=10000000 | raw_line=26-2 75 755- 20
2026-08-18 16:17:14 INFO LINE | mode=3 | looking_for=25-10 / BID | threshold=10000000 | raw_line=25-11 사자 있나요
2026-08-18 16:17:14 INFO LINE | mode=3 | looking_for=25-10 / BID | threshold=10000000 | raw_line=26-4 66 팔고 26-5 84 845 사자
2026-08-18 16:17:14 INFO LINE | mode=3 | looking_for=25-10 / BID | threshold=10000000 | raw_line=26-3 105 11-
2026-08-18 16:17:14 INFO LINE | mode=3 | looking_for=25-10 / BID | threshold=10000000 | raw_line=26-6 375-
2026-08-18 16:17:14 INFO LINE | mode=3 | looking_for=25-10 / BID | threshold=10000000 | raw_line=26-3 105 11- 20억
2026-08-18 16:17:14 INFO LINE | mode=3 | looking_for=25-10 / BID | threshold=10000000 | raw_line=26-6 375- 10억
2026-08-18 16:17:14 INFO LINE | mode=3 | looking_for=25-10 / BID | threshold=10000000 | raw_line=26-5  84-
2026-08-18 16:17:14 INFO LINE | mode=3 | looking_for=25-10 / BID | threshold=10000000 | raw_line=26-5 84- 40
2026-08-18 16:17:14 INFO LINE | mode=3 | looking_for=25-10 / BID | threshold=10000000 | raw_line=26-5 84 845+ 50
2026-08-18 16:17:14 INFO LINE | mode=3 | looking_for=25-10 / BID | threshold=10000000 | raw_line=삼통 89+
2026-08-18 16:17:14 INFO LINE | mode=3 | looking_for=25-10 / BID | threshold=10000000 | raw_line=27.7.21.농금채은행(민.3.668,끝.78)팔자 ~ -3원 3.709%
2026-08-18 16:17:14 INFO EXCEL_CONNECTED | workbook=sample.xlsm sheet=트레이딩
2026-08-18 16:17:14 INFO LINE | mode=3 | looking_for=25-10 / BID | threshold=10000000 | raw_line=통당 75+
2026-08-18 16:17:14 INFO LINE | mode=3 | looking_for=25-10 / BID | threshold=10000000 | raw_line=통당 745-
2026-08-18 16:17:14 INFO LINE | mode=3 | looking_for=25-10 / BID | threshold=10000000 | raw_line=통당 75+
2026-08-18 16:17:14 INFO LINE | mode=3 | looking_for=25-10 / BID | threshold=10000000 | raw_line=삼통 89+
2026-08-18 16:17:14 INFO LINE | mode=3 | looking_for=25-10 / BID | threshold=10000000 | raw_line=삼통 885-
2026-08-18 16:17:14 INFO LINE | mode=3 | looking_for=25-10 / BID | threshold=10000000 | raw_line=삼통 89+
2026-08-18 16:17:14 INFO LINE | mode=3 | looking_for=25-10 / BID | threshold=10000000 | raw_line=26.8.28(금) 중금 팔자 (민 2.930, 끝전.53) 수10
2026-08-18 16:17:15 INFO EXCEL_CONNECTED | workbook=sample.xlsm sheet=트레이딩
2026-08-18 16:17:15 INFO LINE | mode=3 | looking_for=25-10 / BID | threshold=10000000 | raw_line=26-6 375- 10억
2026-08-18 16:17:16 INFO EXCEL_CONNECTED | workbook=sample.xlsm sheet=트레이딩
2026-08-18 16:17:16 INFO LINE | mode=3 | looking_for=25-10 / BID | threshold=10000000 | raw_line=26-3 11 거래
2026-08-18 16:17:16 INFO EXCEL_CONNECTED | workbook=sample.xlsm sheet=트레이딩
2026-08-18 16:17:16 INFO LINE | mode=3 | looking_for=25-10 / BID | threshold=10000000 | raw_line=26-5  84-  ㅎㅈ
2026-08-18 16:17:16 INFO LINE | mode=3 | looking_for=25-10 / BID | threshold=10000000 | raw_line=26-3  11 사자  30
2026-08-18 16:17:16 INFO LINE | mode=3 | looking_for=25-10 / BID | threshold=10000000 | raw_line=26-5 84+ 50억
2026-08-18 16:17:16 INFO LINE | mode=3 | looking_for=25-10 / BID | threshold=10000000 | raw_line=26-2 75 755- 20
2026-08-18 16:17:16 INFO LINE | mode=3 | looking_for=25-10 / BID | threshold=10000000 | raw_line=25-11 사자 있나요
2026-08-18 16:17:16 INFO LINE | mode=3 | looking_for=25-10 / BID | threshold=10000000 | raw_line=26-4 66 팔고 26-5 84 845 사자
2026-08-18 16:17:16 INFO LINE | mode=3 | looking_for=25-10 / BID | threshold=10000000 | raw_line=26-3 105 11-
2026-08-18 16:17:16 INFO LINE | mode=3 | looking_for=25-10 / BID | threshold=10000000 | raw_line=26-6 375-
2026-08-18 16:17:16 INFO LINE | mode=3 | looking_for=25-10 / BID | threshold=10000000 | raw_line=26-3 105 11- 20억
2026-08-18 16:17:16 INFO LINE | mode=3 | looking_for=25-10 / BID | threshold=10000000 | raw_line=26-6 375- 10억
2026-08-18 16:17:16 INFO LINE | mode=3 | looking_for=25-10 / BID | threshold=10000000 | raw_line=26-5  84-
2026-08-18 16:17:16 INFO LINE | mode=3 | looking_for=25-10 / BID | threshold=10000000 | raw_line=27.10.16 신한채(민 3.735,끝전.06,~FA4) -4원 팔자
2026-08-18 16:17:18 INFO EXCEL_CONNECTED | workbook=sample.xlsm sheet=트레이딩
2026-08-18 16:17:18 INFO LINE | mode=3 | looking_for=25-10 / BID | threshold=10000000 | raw_line=11/24 신한증권CP 50억*2장 3.22팔자	/// 30 사자
2026-08-18 16:17:18 INFO EXCEL_CONNECTED | workbook=sample.xlsm sheet=트레이딩
2026-08-18 16:17:19 INFO LINE | mode=3 | looking_for=25-10 / BID | threshold=10000000 | raw_line=11/24 신한증권CP 50억*2장 3.22팔자	/// 30 사자
2026-08-18 16:17:19 INFO LINE | mode=3 | looking_for=25-10 / BID | threshold=10000000 | raw_line=11/24 신한증권CP 50억*2장 3.22팔자	/// 30 사자
2026-08-18 16:17:20 INFO EXCEL_CONNECTED | workbook=sample.xlsm sheet=트레이딩
2026-08-18 16:17:20 INFO LINE | mode=3 | looking_for=25-10 / BID | threshold=10000000 | raw_line=26-6 375- 20
2026-08-18 16:17:20 INFO EXCEL_CONNECTED | workbook=sample.xlsm sheet=트레이딩
2026-08-18 16:17:21 INFO LINE | mode=3 | looking_for=25-10 / BID | threshold=10000000 | raw_line=26-5 84 845 세트 사자 40억
2026-08-18 16:17:21 INFO LINE | mode=3 | looking_for=25-10 / BID | threshold=10000000 | raw_line=26-5  84-  ㅎㅈ
2026-08-18 16:17:21 INFO LINE | mode=3 | looking_for=25-10 / BID | threshold=10000000 | raw_line=26-3  11 사자  30
2026-08-18 16:17:21 INFO LINE | mode=3 | looking_for=25-10 / BID | threshold=10000000 | raw_line=26-5 84+ 50억
2026-08-18 16:17:21 INFO LINE | mode=3 | looking_for=25-10 / BID | threshold=10000000 | raw_line=26-2 75 755- 20
2026-08-18 16:17:21 INFO LINE | mode=3 | looking_for=25-10 / BID | threshold=10000000 | raw_line=25-11 사자 있나요
2026-08-18 16:17:21 INFO LINE | mode=3 | looking_for=25-10 / BID | threshold=10000000 | raw_line=26-4 66 팔고 26-5 84 845 사자
2026-08-18 16:17:21 INFO LINE | mode=3 | looking_for=25-10 / BID | threshold=10000000 | raw_line=26-3 105 11-
2026-08-18 16:17:21 INFO LINE | mode=3 | looking_for=25-10 / BID | threshold=10000000 | raw_line=26-6 375-
2026-08-18 16:17:21 INFO LINE | mode=3 | looking_for=25-10 / BID | threshold=10000000 | raw_line=26-3 105 11- 20억
2026-08-18 16:17:21 INFO LINE | mode=3 | looking_for=25-10 / BID | threshold=10000000 | raw_line=26-6 375- 10억
2026-08-18 16:17:21 INFO LINE | mode=3 | looking_for=25-10 / BID | threshold=10000000 | raw_line=27.1.25(월) 중금(민 3.233, .54) -3원 팔자~3.316%동
2026-08-18 16:17:21 INFO EXCEL_CONNECTED | workbook=sample.xlsm sheet=트레이딩
2026-08-18 16:17:21 INFO LINE | mode=3 | looking_for=25-10 / BID | threshold=10000000 | raw_line=26-6 375 38+ 20억
2026-08-18 16:17:24 INFO EXCEL_CONNECTED | workbook=sample.xlsm sheet=트레이딩
2026-08-18 16:17:24 INFO LINE | mode=3 | looking_for=25-10 / BID | threshold=10000000 | raw_line=2026.08.18 / 16:17
2026-08-18 16:17:25 INFO EXCEL_CONNECTED | workbook=sample.xlsm sheet=트레이딩
2026-08-18 16:17:25 INFO LINE | mode=3 | looking_for=25-10 / BID | threshold=10000000 | raw_line=26-3 11+ 30억
2026-08-18 16:17:26 INFO EXCEL_CONNECTED | workbook=sample.xlsm sheet=트레이딩
2026-08-18 16:17:26 INFO LINE | mode=3 | looking_for=25-10 / BID | threshold=10000000 | raw_line=26-5 84- 40
2026-08-18 16:17:26 INFO LINE | mode=3 | looking_for=25-10 / BID | threshold=10000000 | raw_line=26-6 375 38+
2026-08-18 16:17:26 INFO LINE | mode=3 | looking_for=25-10 / BID | threshold=10000000 | raw_line=26-5 84 845 세트 사자 40억
2026-08-18 16:17:26 INFO LINE | mode=3 | looking_for=25-10 / BID | threshold=10000000 | raw_line=26-5  84-  ㅎㅈ
2026-08-18 16:17:26 INFO LINE | mode=3 | looking_for=25-10 / BID | threshold=10000000 | raw_line=26-3  11 사자  30
2026-08-18 16:17:26 INFO LINE | mode=3 | looking_for=25-10 / BID | threshold=10000000 | raw_line=26-5 84+ 50억
2026-08-18 16:17:26 INFO LINE | mode=3 | looking_for=25-10 / BID | threshold=10000000 | raw_line=26-2 75 755- 20
2026-08-18 16:17:26 INFO LINE | mode=3 | looking_for=25-10 / BID | threshold=10000000 | raw_line=25-11 사자 있나요
2026-08-18 16:17:26 INFO LINE | mode=3 | looking_for=25-10 / BID | threshold=10000000 | raw_line=26-4 66 팔고 26-5 84 845 사자
2026-08-18 16:17:26 INFO LINE | mode=3 | looking_for=25-10 / BID | threshold=10000000 | raw_line=26-3 105 11-
2026-08-18 16:17:26 INFO LINE | mode=3 | looking_for=25-10 / BID | threshold=10000000 | raw_line=26-6 375-
2026-08-18 16:17:27 INFO EXCEL_CONNECTED | workbook=sample.xlsm sheet=트레이딩
2026-08-18 16:17:27 INFO LINE | mode=3 | looking_for=25-10 / BID | threshold=10000000 | raw_line=26-3 105 11- 20억
2026-08-18 16:17:28 INFO EXCEL_CONNECTED | workbook=sample.xlsm sheet=트레이딩
2026-08-18 16:17:28 INFO LINE | mode=3 | looking_for=25-10 / BID | threshold=10000000 | raw_line=26-5 84 845+ 50
2026-08-18 16:17:28 INFO LINE | mode=3 | looking_for=25-10 / BID | threshold=10000000 | raw_line=26-5 84- 40
2026-08-18 16:17:28 INFO LINE | mode=3 | looking_for=25-10 / BID | threshold=10000000 | raw_line=26-6 375 38+
2026-08-18 16:17:28 INFO LINE | mode=3 | looking_for=25-10 / BID | threshold=10000000 | raw_line=26-5 84 845 세트 사자 40억
2026-08-18 16:17:28 INFO LINE | mode=3 | looking_for=25-10 / BID | threshold=10000000 | raw_line=26-5  84-  ㅎㅈ
2026-08-18 16:17:28 INFO LINE | mode=3 | looking_for=25-10 / BID | threshold=10000000 | raw_line=26-3  11 사자  30
2026-08-18 16:17:28 INFO LINE | mode=3 | looking_for=25-10 / BID | threshold=10000000 | raw_line=26-5 84+ 50억
2026-08-18 16:17:28 INFO LINE | mode=3 | looking_for=25-10 / BID | threshold=10000000 | raw_line=26-2 75 755- 20
2026-08-18 16:17:28 INFO LINE | mode=3 | looking_for=25-10 / BID | threshold=10000000 | raw_line=25-11 사자 있나요
2026-08-18 16:17:28 INFO LINE | mode=3 | looking_for=25-10 / BID | threshold=10000000 | raw_line=26-4 66 팔고 26-5 84 845 사자
2026-08-18 16:17:28 INFO LINE | mode=3 | looking_for=25-10 / BID | threshold=10000000 | raw_line=26-3 105 11-
2026-08-18 16:17:28 INFO EXCEL_CONNECTED | workbook=sample.xlsm sheet=트레이딩
2026-08-18 16:17:28 INFO LINE | mode=3 | looking_for=25-10 / BID | threshold=10000000 | raw_line=26-3  11 사자  30
2026-08-18 16:17:28 INFO LINE | mode=3 | looking_for=25-10 / BID | threshold=10000000 | raw_line=27.11.27(토) 농어촌공사  팔자(민3.773  .94) -8원 3.845
2026-08-18 16:17:30 INFO EXCEL_CONNECTED | workbook=sample.xlsm sheet=트레이딩
2026-08-18 16:17:30 INFO LINE | mode=3 | looking_for=25-10 / BID | threshold=10000000 | raw_line=26-3 11+ 자투리
2026-08-18 16:17:30 INFO LINE | mode=3 | looking_for=25-10 / BID | threshold=10000000 | raw_line=26-3 105 11-
2026-08-18 16:17:32 INFO EXCEL_CONNECTED | workbook=sample.xlsm sheet=트레이딩
2026-08-18 16:17:32 INFO LINE | mode=3 | looking_for=25-10 / BID | threshold=10000000 | raw_line=26-3 11+
2026-08-18 16:17:33 INFO EXCEL_CONNECTED | workbook=sample.xlsm sheet=트레이딩
2026-08-18 16:17:33 INFO LINE | mode=3 | looking_for=25-10 / BID | threshold=10000000 | raw_line=25-6 -2.5원 사자
2026-08-18 16:17:33 INFO EXCEL_CONNECTED | workbook=sample.xlsm sheet=트레이딩
2026-08-18 16:17:34 INFO LINE | mode=3 | looking_for=25-10 / BID | threshold=10000000 | raw_line=26-3 +0.75원 당팔 20억
2026-08-18 16:17:34 INFO LINE | mode=3 | looking_for=25-10 / BID | threshold=10000000 | raw_line=26-3 105 11- 20억
2026-08-18 16:17:34 INFO LINE | mode=3 | looking_for=25-10 / BID | threshold=10000000 | raw_line=26-5 84 845 세트 사자 40억
2026-08-18 16:17:34 INFO LINE | mode=3 | looking_for=25-10 / BID | threshold=10000000 | raw_line=26-5  84-   50억 추가
2026-08-18 16:17:34 INFO LINE | mode=3 | looking_for=25-10 / BID | threshold=10000000 | raw_line=26-3 11+ 50
2026-08-18 16:17:34 INFO LINE | mode=3 | looking_for=25-10 / BID | threshold=10000000 | raw_line=26-5 84 845+ 50
2026-08-18 16:17:34 INFO LINE | mode=3 | looking_for=25-10 / BID | threshold=10000000 | raw_line=26-5 84- 40
2026-08-18 16:17:34 INFO LINE | mode=3 | looking_for=25-10 / BID | threshold=10000000 | raw_line=26-6 375 38+
2026-08-18 16:17:34 INFO LINE | mode=3 | looking_for=25-10 / BID | threshold=10000000 | raw_line=26-5 84 845 세트 사자 40억
2026-08-18 16:17:34 INFO LINE | mode=3 | looking_for=25-10 / BID | threshold=10000000 | raw_line=26-5  84-  ㅎㅈ
2026-08-18 16:17:34 INFO LINE | mode=3 | looking_for=25-10 / BID | threshold=10000000 | raw_line=26-3  11 사자  30
2026-08-18 16:17:34 INFO EXCEL_CONNECTED | workbook=sample.xlsm sheet=트레이딩
2026-08-18 16:17:34 INFO LINE | mode=3 | looking_for=25-10 / BID | threshold=10000000 | raw_line=27.10.23 (토) 광주도시공사 (AA+) 민3.843(끝.61원).-5원 팔자 3.892%
2026-08-18 16:17:38 INFO EXCEL_CONNECTED | workbook=sample.xlsm sheet=트레이딩
2026-08-18 16:17:38 INFO LINE | mode=3 | looking_for=25-10 / BID | threshold=10000000 | raw_line=26-5 84 845+ 50
2026-08-18 16:17:38 INFO LINE | mode=3 | looking_for=25-10 / BID | threshold=10000000 | raw_line=26-5 40억 당팔
2026-08-18 16:17:38 INFO LINE | mode=3 | looking_for=25-10 / BID | threshold=10000000 | raw_line=27.1.25(월) 중금(민 3.233, .54) -3원 팔자~3.316%동
2026-08-18 16:17:39 INFO EXCEL_CONNECTED | workbook=sample.xlsm sheet=트레이딩
2026-08-18 16:17:39 INFO LINE | mode=3 | looking_for=25-10 / BID | threshold=10000000 | raw_line=26-3 11+ 자투리
2026-08-18 16:17:39 INFO LINE | mode=3 | looking_for=25-10 / BID | threshold=10000000 | raw_line=26-6 375 38+ 20억
2026-08-18 16:17:39 INFO LINE | mode=3 | looking_for=25-10 / BID | threshold=10000000 | raw_line=26-3 +0.75원 당팔 20억
2026-08-18 16:17:39 INFO LINE | mode=3 | looking_for=25-10 / BID | threshold=10000000 | raw_line=26-3 105 11- 20억
2026-08-18 16:17:39 INFO LINE | mode=3 | looking_for=25-10 / BID | threshold=10000000 | raw_line=26-5 84 845 세트 사자 40억
2026-08-18 16:17:39 INFO LINE | mode=3 | looking_for=25-10 / BID | threshold=10000000 | raw_line=26-5  84-   50억 추가
2026-08-18 16:17:39 INFO LINE | mode=3 | looking_for=25-10 / BID | threshold=10000000 | raw_line=26-3 11+ 50
2026-08-18 16:17:39 INFO LINE | mode=3 | looking_for=25-10 / BID | threshold=10000000 | raw_line=26-5 84 845+ 50
2026-08-18 16:17:39 INFO LINE | mode=3 | looking_for=25-10 / BID | threshold=10000000 | raw_line=26-5 84- 40
2026-08-18 16:17:39 INFO LINE | mode=3 | looking_for=25-10 / BID | threshold=10000000 | raw_line=26-6 375 38+
2026-08-18 16:17:39 INFO LINE | mode=3 | looking_for=25-10 / BID | threshold=10000000 | raw_line=26-5 84 845 세트 사자 40억
2026-08-18 16:17:39 INFO LINE | mode=3 | looking_for=25-10 / BID | threshold=10000000 | raw_line=26.8.28(금) 중금 (민2.93 끝.53 수10) 팔자 +0.85원 2.80
2026-08-18 16:17:41 INFO EXCEL_CONNECTED | workbook=sample.xlsm sheet=트레이딩
2026-08-18 16:17:41 INFO LINE | mode=3 | looking_for=25-10 / BID | threshold=10000000 | raw_line=26-6 375 38+ 30억
2026-08-18 16:17:41 INFO EXCEL_CONNECTED | workbook=sample.xlsm sheet=트레이딩
2026-08-18 16:17:42 INFO LINE | mode=3 | looking_for=25-10 / BID | threshold=10000000 | raw_line=21-5 145 15-
2026-08-18 16:17:42 INFO LINE | mode=3 | looking_for=25-10 / BID | threshold=10000000 | raw_line=26-3 11+ 자투리
2026-08-18 16:17:42 INFO LINE | mode=3 | looking_for=25-10 / BID | threshold=10000000 | raw_line=26-6 375 38+ 20억
2026-08-18 16:17:42 INFO LINE | mode=3 | looking_for=25-10 / BID | threshold=10000000 | raw_line=26-3 +0.75원 당팔 20억
2026-08-18 16:17:42 INFO LINE | mode=3 | looking_for=25-10 / BID | threshold=10000000 | raw_line=26-3 105 11- 20억
2026-08-18 16:17:42 INFO LINE | mode=3 | looking_for=25-10 / BID | threshold=10000000 | raw_line=26-5 84 845 세트 사자 40억
2026-08-18 16:17:42 INFO LINE | mode=3 | looking_for=25-10 / BID | threshold=10000000 | raw_line=26-5  84-   50억 추가
2026-08-18 16:17:42 INFO LINE | mode=3 | looking_for=25-10 / BID | threshold=10000000 | raw_line=26-3 11+ 50
2026-08-18 16:17:42 INFO LINE | mode=3 | looking_for=25-10 / BID | threshold=10000000 | raw_line=26-5 84 845+ 50
2026-08-18 16:17:42 INFO LINE | mode=3 | looking_for=25-10 / BID | threshold=10000000 | raw_line=26-5 84- 40
2026-08-18 16:17:42 INFO LINE | mode=3 | looking_for=25-10 / BID | threshold=10000000 | raw_line=26-6 375 38+
2026-08-18 16:17:42 INFO EXCEL_CONNECTED | workbook=sample.xlsm sheet=트레이딩
2026-08-18 16:17:42 INFO LINE | mode=3 | looking_for=25-10 / BID | threshold=10000000 | raw_line=26-6 375- 30
2026-08-18 16:17:42 INFO LINE | mode=3 | looking_for=25-10 / BID | threshold=10000000 | raw_line=26-5 84- 40
2026-08-18 16:17:42 INFO LINE | mode=3 | looking_for=25-10 / BID | threshold=10000000 | raw_line=20-9 095+
2026-08-18 16:17:42 INFO LINE | mode=3 | looking_for=25-10 / BID | threshold=10000000 | raw_line=26.12.11(금) 롯데캐피탈450-3 (민 3.728% / 끝 .04 / A+) -2원 팔자 3.793%
2026-08-18 16:17:44 INFO EXCEL_CONNECTED | workbook=sample.xlsm sheet=트레이딩
2026-08-18 16:17:44 INFO LINE | mode=3 | looking_for=25-10 / BID | threshold=10000000 | raw_line=26.8.28(금) 중금 팔자 (민 2.930, 끝전.53) 수10
2026-08-18 16:17:46 INFO EXCEL_CONNECTED | workbook=sample.xlsm sheet=트레이딩
2026-08-18 16:17:46 INFO LINE | mode=3 | looking_for=25-10 / BID | threshold=10000000 | raw_line=29.2.19(월) 한국철도공사 (민4.032 .61) +4bp
2026-08-18 16:17:46 INFO LINE | mode=3 | looking_for=25-10 / BID | threshold=10000000 | raw_line=29.3.15(목) 현대커머셜510 (민4.359,끝전.71) 오버3 팔자
2026-08-18 16:17:48 INFO EXCEL_CONNECTED | workbook=sample.xlsm sheet=트레이딩
2026-08-18 16:17:48 INFO LINE | mode=3 | looking_for=25-10 / BID | threshold=10000000 | raw_line=26-6 375- 10억
2026-08-18 16:17:50 INFO EXCEL_CONNECTED | workbook=sample.xlsm sheet=트레이딩
2026-08-18 16:17:50 INFO LINE | mode=3 | looking_for=25-10 / BID | threshold=10000000 | raw_line=25-10  755+
2026-08-18 16:17:50 INFO LINE | mode=3 | looking_for=25-10 / BID | threshold=10000000 | raw_line=26-5 84- 50억
2026-08-18 16:17:50 INFO LINE | mode=3 | looking_for=25-10 / BID | threshold=10000000 | raw_line=25-6 보류
2026-08-18 16:17:50 INFO LINE | mode=3 | looking_for=25-10 / BID | threshold=10000000 | raw_line=26-6 375 38+ 20억
2026-08-18 16:17:50 INFO QUOTE_FOUND | 25-10 | raw_token=755+ | 3.755 | BUY | row=41 | raw_line=25-10  755+
2026-08-18 16:17:50 INFO EXCEL_CONNECTED | workbook=sample.xlsm sheet=트레이딩
2026-08-18 16:17:50 INFO EXCEL_WRITE | D41=3.755
2026-08-18 16:17:50 INFO PNL | F44=6317674.560558235
2026-08-18 16:17:50 INFO EXCEL_CONNECTED | workbook=sample.xlsm sheet=트레이딩
2026-08-18 16:17:50 INFO TRIGGERED
2026-08-18 16:17:51 INFO MESSAGE_SENT | title=메모장
2026-08-18 16:17:51 INFO SENT
2026-08-18 16:17:51 INFO EXCEL_CONNECTED | workbook=sample.xlsm sheet=트레이딩
2026-08-18 16:17:52 INFO EXCEL_CONNECTED | workbook=sample.xlsm sheet=트레이딩
2026-08-18 16:17:52 INFO WATCHING
2026-08-18 16:17:52 INFO EXCEL_CONNECTED | workbook=sample.xlsm sheet=트레이딩
2026-08-18 16:17:52 INFO LINE | mode=3 | looking_for=25-10 / BID | threshold=10000000 | raw_line=삼통 89+
2026-08-18 16:17:52 INFO LINE | mode=3 | looking_for=25-10 / BID | threshold=10000000 | raw_line=28.5.8(월)해외인프라도시개발(민3.940%/끝.29원/AAA)오버5팔자 3.990%
2026-08-18 16:17:52 INFO LINE | mode=3 | looking_for=25-10 / BID | threshold=10000000 | raw_line=27.3.22(월) 롯데캐피탈458-2(민4.187/끝.67) -6원 4.301 팔자
2026-08-18 16:17:54 INFO EXCEL_CONNECTED | workbook=sample.xlsm sheet=트레이딩
2026-08-18 16:17:54 INFO LINE | mode=3 | looking_for=25-10 / BID | threshold=10000000 | raw_line=28.6.17 산금채 [민3.834%/끝45/AAA] 팔자
2026-08-18 16:17:54 INFO LINE | mode=3 | looking_for=25-10 / BID | threshold=10000000 | raw_line=26.8.28(금) 중금 팔자 (민 2.930, 끝전.53) 수10 +0.85원팔자 2.80%
2026-08-18 16:17:55 INFO EXCEL_CONNECTED | workbook=sample.xlsm sheet=트레이딩
2026-08-18 16:17:55 INFO LINE | mode=3 | looking_for=25-10 / BID | threshold=10000000 | raw_line=26.11.7(토) 중금~GEB4 (민 3.011% / 끝 .95 / AAA) 팔자(수반)
2026-08-18 16:17:56 INFO EXCEL_CONNECTED | workbook=sample.xlsm sheet=트레이딩
2026-08-18 16:17:56 INFO LINE | mode=3 | looking_for=25-10 / BID | threshold=10000000 | raw_line=28.6.23 중금채 [민3.836%/끝95/AAA] 팔자
2026-08-18 16:17:58 INFO EXCEL_CONNECTED | workbook=sample.xlsm sheet=트레이딩
2026-08-18 16:17:58 INFO LINE | mode=3 | looking_for=25-10 / BID | threshold=10000000 | raw_line=28.6.23 중금채 [민3.836%/끝95/AAA] 팔자
2026-08-18 16:17:58 INFO LINE | mode=3 | looking_for=25-10 / BID | threshold=10000000 | raw_line=28.6.16(금) 인천도시공사270 (민3.969/.80/aa+) 팔자
2026-08-18 16:18:01 INFO EXCEL_CONNECTED | workbook=sample.xlsm sheet=트레이딩
2026-08-18 16:18:01 INFO LINE | mode=3 | looking_for=25-10 / BID | threshold=10000000 | raw_line=28.8.6 수출입채 [민3.833%/끝88/AAA] 팔자
2026-08-18 16:18:01 INFO LINE | mode=3 | looking_for=25-10 / BID | threshold=10000000 | raw_line=28.10.17(화) KB캐피탈581-2 (민 4.298% / 끝 .32 / AA-) 오버2 팔자
2026-08-18 16:18:01 INFO EXCEL_CONNECTED | workbook=sample.xlsm sheet=트레이딩
2026-08-18 16:18:02 INFO LINE | mode=3 | looking_for=25-10 / BID | threshold=10000000 | raw_line=26.8.28(금) 중금 팔자 (민 2.930, 끝전.53) 수10
2026-08-18 16:18:02 INFO LINE | mode=3 | looking_for=25-10 / BID | threshold=10000000 | raw_line=27.12.7 케이비캐(사) (민 4.061 끝전7) 팔자 오바3 동
2026-08-18 16:18:04 INFO EXCEL_CONNECTED | workbook=sample.xlsm sheet=트레이딩
2026-08-18 16:18:04 INFO LINE | mode=3 | looking_for=25-10 / BID | threshold=10000000 | raw_line=26-2 75 755- 20
2026-08-18 16:18:05 INFO EXCEL_CONNECTED | workbook=sample.xlsm sheet=트레이딩
2026-08-18 16:18:05 INFO LINE | mode=3 | looking_for=25-10 / BID | threshold=10000000 | raw_line=26-3  11 사자  30
2026-08-18 16:18:05 INFO LINE | mode=3 | looking_for=25-10 / BID | threshold=10000000 | raw_line=26-3 105 11- 20억
2026-08-18 16:18:05 INFO LINE | mode=3 | looking_for=25-10 / BID | threshold=10000000 | raw_line=26-3 11+ 30억
2026-08-18 16:18:05 INFO LINE | mode=3 | looking_for=25-10 / BID | threshold=10000000 | raw_line=26-6 375 38+ 20억
2026-08-18 16:18:05 INFO LINE | mode=3 | looking_for=25-10 / BID | threshold=10000000 | raw_line=26-6 375- 20
2026-08-18 16:18:05 INFO LINE | mode=3 | looking_for=25-10 / BID | threshold=10000000 | raw_line=26-3 11 거래
2026-08-18 16:18:05 INFO LINE | mode=3 | looking_for=25-10 / BID | threshold=10000000 | raw_line=26-6 375- 10억
2026-08-18 16:18:05 INFO LINE | mode=3 | looking_for=25-10 / BID | threshold=10000000 | raw_line=26-3 11+ 50
2026-08-18 16:18:05 INFO LINE | mode=3 | looking_for=25-10 / BID | threshold=10000000 | raw_line=26-2 75 755- 20
2026-08-18 16:18:05 INFO LINE | mode=3 | looking_for=25-10 / BID | threshold=10000000 | raw_line=21-5 145 15-
2026-08-18 16:18:05 INFO LINE | mode=3 | looking_for=25-10 / BID | threshold=10000000 | raw_line=26-3 11+ 자투리
2026-08-18 16:18:05 INFO LINE | mode=3 | looking_for=25-10 / BID | threshold=10000000 | raw_line=1.5년 한전 가스 추가사자 100
2026-08-18 16:18:06 INFO EXCEL_CONNECTED | workbook=sample.xlsm sheet=트레이딩
2026-08-18 16:18:06 INFO LINE | mode=3 | looking_for=25-10 / BID | threshold=10000000 | raw_line=26-6 375 38+
2026-08-18 16:18:07 INFO EXCEL_CONNECTED | workbook=sample.xlsm sheet=트레이딩
2026-08-18 16:18:07 INFO LINE | mode=3 | looking_for=25-10 / BID | threshold=10000000 | raw_line=26-2 755+ 10
2026-08-18 16:18:07 INFO EXCEL_CONNECTED | workbook=sample.xlsm sheet=트레이딩
2026-08-18 16:18:07 INFO LINE | mode=3 | looking_for=25-10 / BID | threshold=10000000 | raw_line=26-3 11+ 자투리
2026-08-18 16:18:07 INFO LINE | mode=3 | looking_for=25-10 / BID | threshold=10000000 | raw_line=26-3 105 11-
2026-08-18 16:18:07 INFO LINE | mode=3 | looking_for=25-10 / BID | threshold=10000000 | raw_line=26-3  11 사자  30
2026-08-18 16:18:07 INFO LINE | mode=3 | looking_for=25-10 / BID | threshold=10000000 | raw_line=26-3 105 11- 20억
2026-08-18 16:18:07 INFO LINE | mode=3 | looking_for=25-10 / BID | threshold=10000000 | raw_line=26-3 11+ 30억
2026-08-18 16:18:07 INFO LINE | mode=3 | looking_for=25-10 / BID | threshold=10000000 | raw_line=26-6 375 38+ 20억
2026-08-18 16:18:07 INFO LINE | mode=3 | looking_for=25-10 / BID | threshold=10000000 | raw_line=26-6 375- 20
2026-08-18 16:18:07 INFO LINE | mode=3 | looking_for=25-10 / BID | threshold=10000000 | raw_line=26-3 11 거래
2026-08-18 16:18:07 INFO LINE | mode=3 | looking_for=25-10 / BID | threshold=10000000 | raw_line=26-6 375- 10억
2026-08-18 16:18:07 INFO LINE | mode=3 | looking_for=25-10 / BID | threshold=10000000 | raw_line=26-3 11+ 50
2026-08-18 16:18:07 INFO LINE | mode=3 | looking_for=25-10 / BID | threshold=10000000 | raw_line=26-2 75 755- 20
2026-08-18 16:18:07 INFO LINE | mode=3 | looking_for=25-10 / BID | threshold=10000000 | raw_line=28.8.6 수출입채 [민3.833%/끝88/AAA] 팔자
2026-08-18 16:18:07 INFO LINE | mode=3 | looking_for=25-10 / BID | threshold=10000000 | raw_line=28.10.17(화) 케이비캐피탈581-2(민4.298) 오버2 팔자
2026-08-18 16:18:09 INFO EXCEL_CONNECTED | workbook=sample.xlsm sheet=트레이딩
2026-08-18 16:18:09 INFO LINE | mode=3 | looking_for=25-10 / BID | threshold=10000000 | raw_line=26-5 84 845+ 자투리
2026-08-18 16:18:09 INFO EXCEL_CONNECTED | workbook=sample.xlsm sheet=트레이딩
2026-08-18 16:18:09 INFO LINE | mode=3 | looking_for=25-10 / BID | threshold=10000000 | raw_line=26-3 11+
2026-08-18 16:18:09 INFO LINE | mode=3 | looking_for=25-10 / BID | threshold=10000000 | raw_line=26-3 11+ 자투리
2026-08-18 16:18:09 INFO LINE | mode=3 | looking_for=25-10 / BID | threshold=10000000 | raw_line=26-3 105 11-
2026-08-18 16:18:09 INFO LINE | mode=3 | looking_for=25-10 / BID | threshold=10000000 | raw_line=26-3  11 사자  30
2026-08-18 16:18:09 INFO LINE | mode=3 | looking_for=25-10 / BID | threshold=10000000 | raw_line=26-3 105 11- 20억
2026-08-18 16:18:09 INFO LINE | mode=3 | looking_for=25-10 / BID | threshold=10000000 | raw_line=26-3 11+ 30억
2026-08-18 16:18:09 INFO LINE | mode=3 | looking_for=25-10 / BID | threshold=10000000 | raw_line=26-6 375 38+ 20억
2026-08-18 16:18:09 INFO LINE | mode=3 | looking_for=25-10 / BID | threshold=10000000 | raw_line=26-6 375- 20
2026-08-18 16:18:09 INFO LINE | mode=3 | looking_for=25-10 / BID | threshold=10000000 | raw_line=26-3 11 거래
2026-08-18 16:18:09 INFO LINE | mode=3 | looking_for=25-10 / BID | threshold=10000000 | raw_line=26-6 375- 10억
2026-08-18 16:18:09 INFO LINE | mode=3 | looking_for=25-10 / BID | threshold=10000000 | raw_line=26-3 11+ 50
2026-08-18 16:18:10 INFO EXCEL_CONNECTED | workbook=sample.xlsm sheet=트레이딩
2026-08-18 16:18:10 INFO LINE | mode=3 | looking_for=25-10 / BID | threshold=10000000 | raw_line=20-9 095+
2026-08-18 16:18:12 INFO EXCEL_CONNECTED | workbook=sample.xlsm sheet=트레이딩
2026-08-18 16:18:12 INFO LINE | mode=3 | looking_for=25-10 / BID | threshold=10000000 | raw_line=26-5  84-  50
2026-08-18 16:18:16 INFO EXCEL_CONNECTED | workbook=sample.xlsm sheet=트레이딩
2026-08-18 16:18:16 INFO LINE | mode=3 | looking_for=25-10 / BID | threshold=10000000 | raw_line=28.7.28 산금채 민3.851.. 팔자
2026-08-18 16:18:16 INFO EXCEL_CONNECTED | workbook=sample.xlsm sheet=트레이딩
2026-08-18 16:18:17 INFO LINE | mode=3 | looking_for=25-10 / BID | threshold=10000000 | raw_line=26.8.28(금) 중금 (민2.93 끝.53 수10) 팔자 +0.85원 2.80
2026-08-18 16:18:17 INFO LINE | mode=3 | looking_for=25-10 / BID | threshold=10000000 | raw_line=26.8.28(금) 중금 팔자 (민 2.930, 끝전.53) 수10
2026-08-18 16:18:18 INFO EXCEL_CONNECTED | workbook=sample.xlsm sheet=트레이딩
2026-08-18 16:18:18 INFO LINE | mode=3 | looking_for=25-10 / BID | threshold=10000000 | raw_line=26-3 11+ 30억
2026-08-18 16:18:19 INFO EXCEL_CONNECTED | workbook=sample.xlsm sheet=트레이딩
2026-08-18 16:18:19 INFO LINE | mode=3 | looking_for=25-10 / BID | threshold=10000000 | raw_line=26-5 84 845+ 50
2026-08-18 16:18:19 INFO LINE | mode=3 | looking_for=25-10 / BID | threshold=10000000 | raw_line=26-5 40억 당팔
2026-08-18 16:18:19 INFO LINE | mode=3 | looking_for=25-10 / BID | threshold=10000000 | raw_line=25-6 -2.5원 사자
2026-08-18 16:18:19 INFO LINE | mode=3 | looking_for=25-10 / BID | threshold=10000000 | raw_line=26-3 11+
2026-08-18 16:18:19 INFO LINE | mode=3 | looking_for=25-10 / BID | threshold=10000000 | raw_line=26-3 11+ 자투리
2026-08-18 16:18:19 INFO LINE | mode=3 | looking_for=25-10 / BID | threshold=10000000 | raw_line=26-3 105 11-
2026-08-18 16:18:19 INFO LINE | mode=3 | looking_for=25-10 / BID | threshold=10000000 | raw_line=26-3  11 사자  30
2026-08-18 16:18:19 INFO LINE | mode=3 | looking_for=25-10 / BID | threshold=10000000 | raw_line=26-3 105 11- 20억
2026-08-18 16:18:19 INFO LINE | mode=3 | looking_for=25-10 / BID | threshold=10000000 | raw_line=26-3 11+ 30억
2026-08-18 16:18:19 INFO LINE | mode=3 | looking_for=25-10 / BID | threshold=10000000 | raw_line=26-6 375 38+ 20억
2026-08-18 16:18:19 INFO LINE | mode=3 | looking_for=25-10 / BID | threshold=10000000 | raw_line=26-6 375- 20
2026-08-18 16:18:21 INFO EXCEL_CONNECTED | workbook=sample.xlsm sheet=트레이딩
2026-08-18 16:18:21 INFO LINE | mode=3 | looking_for=25-10 / BID | threshold=10000000 | raw_line=26-3 11+ 자투리
2026-08-18 16:18:22 INFO EXCEL_CONNECTED | workbook=sample.xlsm sheet=트레이딩
2026-08-18 16:18:22 INFO LINE | mode=3 | looking_for=25-10 / BID | threshold=10000000 | raw_line=28.2.23(수) 농금(중앙회) (민 3.867 끝.15) 팔자
2026-08-18 16:18:24 INFO EXCEL_CONNECTED | workbook=sample.xlsm sheet=트레이딩
2026-08-18 16:18:24 INFO LINE | mode=3 | looking_for=25-10 / BID | threshold=10000000 | raw_line=2026.08.18 / 16:18
2026-08-18 16:18:26 INFO EXCEL_CONNECTED | workbook=sample.xlsm sheet=트레이딩
2026-08-18 16:18:26 INFO LINE | mode=3 | looking_for=25-10 / BID | threshold=10000000 | raw_line=11/24 신한증권CP 50억*2장 3.22팔자	/// 30 사자
2026-08-18 16:18:27 INFO EXCEL_CONNECTED | workbook=sample.xlsm sheet=트레이딩
2026-08-18 16:18:27 INFO LINE | mode=3 | looking_for=25-10 / BID | threshold=10000000 | raw_line=26-6  20억 당사선팔
2026-08-18 16:18:27 INFO LINE | mode=3 | looking_for=25-10 / BID | threshold=10000000 | raw_line=8월말 만기 CP,전단,채권 사자
2026-08-18 16:18:27 INFO LINE | mode=3 | looking_for=25-10 / BID | threshold=10000000 | raw_line=11/24 신한증권CP 50억*2장 3.22팔자	/// 30 사자
2026-08-18 16:18:27 INFO EXCEL_CONNECTED | workbook=sample.xlsm sheet=트레이딩
2026-08-18 16:18:27 INFO LINE | mode=3 | looking_for=25-10 / BID | threshold=10000000 | raw_line=20-9 095+
2026-08-18 16:18:27 INFO LINE | mode=3 | looking_for=25-10 / BID | threshold=10000000 | raw_line=26-6 375 38+ 30억
2026-08-18 16:18:27 INFO LINE | mode=3 | looking_for=25-10 / BID | threshold=10000000 | raw_line=26-5 84 845+ 50
2026-08-18 16:18:27 INFO LINE | mode=3 | looking_for=25-10 / BID | threshold=10000000 | raw_line=26-5 40억 당팔
2026-08-18 16:18:27 INFO LINE | mode=3 | looking_for=25-10 / BID | threshold=10000000 | raw_line=25-6 -2.5원 사자
2026-08-18 16:18:27 INFO LINE | mode=3 | looking_for=25-10 / BID | threshold=10000000 | raw_line=26-3 11+
2026-08-18 16:18:27 INFO LINE | mode=3 | looking_for=25-10 / BID | threshold=10000000 | raw_line=26-3 11+ 자투리
2026-08-18 16:18:27 INFO LINE | mode=3 | looking_for=25-10 / BID | threshold=10000000 | raw_line=26-3 105 11-
2026-08-18 16:18:27 INFO LINE | mode=3 | looking_for=25-10 / BID | threshold=10000000 | raw_line=26-3  11 사자  30
2026-08-18 16:18:27 INFO LINE | mode=3 | looking_for=25-10 / BID | threshold=10000000 | raw_line=26-3 105 11- 20억
2026-08-18 16:18:27 INFO LINE | mode=3 | looking_for=25-10 / BID | threshold=10000000 | raw_line=26-3 11+ 30억
2026-08-18 16:18:28 INFO EXCEL_CONNECTED | workbook=sample.xlsm sheet=트레이딩
2026-08-18 16:18:28 INFO LINE | mode=3 | looking_for=25-10 / BID | threshold=10000000 | raw_line=26-3 105/11팔자 50억
2026-08-18 16:18:28 INFO LINE | mode=3 | looking_for=25-10 / BID | threshold=10000000 | raw_line=27.11.27 농어촌공사 -8원 팔자(민평 3.773 쩜94, 토)
2026-08-18 16:18:28 INFO LINE | mode=3 | looking_for=25-10 / BID | threshold=10000000 | raw_line=27.10.16 신한채(민 3.735,끝전.06,~FA4) -5원 팔자
2026-08-18 16:18:29 INFO EXCEL_CONNECTED | workbook=sample.xlsm sheet=트레이딩
2026-08-18 16:18:29 INFO LINE | mode=3 | looking_for=25-10 / BID | threshold=10000000 | raw_line=26-6 375- 10
2026-08-18 16:18:29 INFO LINE | mode=3 | looking_for=25-10 / BID | threshold=10000000 | raw_line=27.10.23(토) 광주도시공사24-4 (민3.843/.61/aa+) 팔자
2026-08-18 16:18:29 INFO EXCEL_CONNECTED | workbook=sample.xlsm sheet=트레이딩
2026-08-18 16:18:29 INFO LINE | mode=3 | looking_for=25-10 / BID | threshold=10000000 | raw_line=26-6 375- 30
2026-08-18 16:18:29 INFO LINE | mode=3 | looking_for=25-10 / BID | threshold=10000000 | raw_line=26-5 84- 40
2026-08-18 16:18:29 INFO LINE | mode=3 | looking_for=25-10 / BID | threshold=10000000 | raw_line=20-9 095+
2026-08-18 16:18:29 INFO LINE | mode=3 | looking_for=25-10 / BID | threshold=10000000 | raw_line=26-6 375 38+ 30억
2026-08-18 16:18:29 INFO LINE | mode=3 | looking_for=25-10 / BID | threshold=10000000 | raw_line=26-5 84 845+ 50
2026-08-18 16:18:29 INFO LINE | mode=3 | looking_for=25-10 / BID | threshold=10000000 | raw_line=26-5 40억 당팔
2026-08-18 16:18:29 INFO LINE | mode=3 | looking_for=25-10 / BID | threshold=10000000 | raw_line=25-6 -2.5원 사자
2026-08-18 16:18:29 INFO LINE | mode=3 | looking_for=25-10 / BID | threshold=10000000 | raw_line=26-3 11+
2026-08-18 16:18:29 INFO LINE | mode=3 | looking_for=25-10 / BID | threshold=10000000 | raw_line=26-3 11+ 자투리
2026-08-18 16:18:29 INFO LINE | mode=3 | looking_for=25-10 / BID | threshold=10000000 | raw_line=26-3 105 11-
2026-08-18 16:18:29 INFO LINE | mode=3 | looking_for=25-10 / BID | threshold=10000000 | raw_line=26-3  11 사자  30
2026-08-18 16:18:29 INFO LINE | mode=3 | looking_for=25-10 / BID | threshold=10000000 | raw_line=27.7.18(일) 평택도시공사(녹) (민3.790, 끝전.53, AA) -6원 팔자
2026-08-18 16:18:34 INFO EXCEL_CONNECTED | workbook=sample.xlsm sheet=트레이딩
2026-08-18 16:18:34 INFO LINE | mode=3 | looking_for=25-10 / BID | threshold=10000000 | raw_line=신한채~FA4  27.10.16 토 민3.735%(.06원),-4원 팔자 3.771%
2026-08-18 16:18:35 INFO EXCEL_CONNECTED | workbook=sample.xlsm sheet=트레이딩
2026-08-18 16:18:35 INFO LINE | mode=3 | looking_for=25-10 / BID | threshold=10000000 | raw_line=26-6 0.8원 당팔 100억
2026-08-18 16:18:36 INFO EXCEL_CONNECTED | workbook=sample.xlsm sheet=트레이딩
2026-08-18 16:18:36 INFO LINE | mode=3 | looking_for=25-10 / BID | threshold=10000000 | raw_line=26-6 375- 10억
2026-08-18 16:18:36 INFO LINE | mode=3 | looking_for=25-10 / BID | threshold=10000000 | raw_line=26-6 375- 30
2026-08-18 16:18:36 INFO LINE | mode=3 | looking_for=25-10 / BID | threshold=10000000 | raw_line=26-5 84- 40
2026-08-18 16:18:36 INFO LINE | mode=3 | looking_for=25-10 / BID | threshold=10000000 | raw_line=20-9 095+
2026-08-18 16:18:36 INFO LINE | mode=3 | looking_for=25-10 / BID | threshold=10000000 | raw_line=26-6 375 38+ 30억
2026-08-18 16:18:36 INFO LINE | mode=3 | looking_for=25-10 / BID | threshold=10000000 | raw_line=26-5 84 845+ 50
2026-08-18 16:18:36 INFO LINE | mode=3 | looking_for=25-10 / BID | threshold=10000000 | raw_line=26-5 40억 당팔
2026-08-18 16:18:36 INFO LINE | mode=3 | looking_for=25-10 / BID | threshold=10000000 | raw_line=25-6 -2.5원 사자
2026-08-18 16:18:36 INFO LINE | mode=3 | looking_for=25-10 / BID | threshold=10000000 | raw_line=26-3 11+
2026-08-18 16:18:36 INFO LINE | mode=3 | looking_for=25-10 / BID | threshold=10000000 | raw_line=26-3 11+ 자투리
2026-08-18 16:18:36 INFO LINE | mode=3 | looking_for=25-10 / BID | threshold=10000000 | raw_line=26-3 105 11-
2026-08-18 16:18:36 INFO LINE | mode=3 | looking_for=25-10 / BID | threshold=10000000 | raw_line=27.7.21.농금채은행(민.3.668,끝.78)팔자 ~ -3원 3.709%
2026-08-18 16:18:36 INFO LINE | mode=3 | looking_for=25-10 / BID | threshold=10000000 | raw_line=광해광업공단26(28.5.12(금) 민3.926) 팔자
2026-08-18 16:18:37 INFO EXCEL_CONNECTED | workbook=sample.xlsm sheet=트레이딩
2026-08-18 16:18:37 INFO LINE | mode=3 | looking_for=25-10 / BID | threshold=10000000 | raw_line=26.11.20(금) 중금(~GF53) 팔자 (민 3.032, 끝전.97, 쿠폰 2.49)
2026-08-18 16:18:37 INFO LINE | mode=3 | looking_for=25-10 / BID | threshold=10000000 | raw_line=26.8.28(금) 중금 (민2.93 끝.53 수10) 팔자 +0.85원 2.80
2026-08-18 16:18:37 INFO EXCEL_CONNECTED | workbook=sample.xlsm sheet=트레이딩
2026-08-18 16:18:37 INFO LINE | mode=3 | looking_for=25-10 / BID | threshold=10000000 | raw_line=25-10  755+  100
2026-08-18 16:18:37 INFO LINE | mode=3 | looking_for=25-10 / BID | threshold=10000000 | raw_line=26-5 84- 40억
2026-08-18 16:18:37 INFO QUOTE_FOUND | 25-10 | raw_token=755+ | 3.755 | BUY | row=41 | raw_line=25-10  755+  100
2026-08-18 16:18:37 INFO EXCEL_CONNECTED | workbook=sample.xlsm sheet=트레이딩
2026-08-18 16:18:37 INFO EXCEL_WRITE | D41=3.755
2026-08-18 16:18:37 INFO PNL | F44=6317674.560558235
2026-08-18 16:18:37 INFO EXCEL_CONNECTED | workbook=sample.xlsm sheet=트레이딩
2026-08-18 16:18:37 INFO TRIGGERED
2026-08-18 16:18:38 INFO MESSAGE_SENT | title=메모장
2026-08-18 16:18:38 INFO SENT
2026-08-18 16:18:38 INFO EXCEL_CONNECTED | workbook=sample.xlsm sheet=트레이딩
2026-08-18 16:18:39 INFO EXCEL_CONNECTED | workbook=sample.xlsm sheet=트레이딩
2026-08-18 16:18:39 INFO WATCHING
2026-08-18 16:18:41 INFO EXCEL_CONNECTED | workbook=sample.xlsm sheet=트레이딩
2026-08-18 16:18:41 INFO LINE | mode=3 | looking_for=25-10 / BID | threshold=10000000 | raw_line=27.2.25.하나은행(민.3.295,끝.86)팔자
2026-08-18 16:18:42 INFO EXCEL_CONNECTED | workbook=sample.xlsm sheet=트레이딩
2026-08-18 16:18:42 INFO LINE | mode=3 | looking_for=25-10 / BID | threshold=10000000 | raw_line=삼통 89+
2026-08-18 16:18:42 INFO LINE | mode=3 | looking_for=25-10 / BID | threshold=10000000 | raw_line=26.11.14(토) 국은채(FB3)(민3.046%, 끝.98) -2원 팔자(3.173%) 200억
2026-08-18 16:18:42 INFO EXCEL_CONNECTED | workbook=sample.xlsm sheet=트레이딩
2026-08-18 16:18:42 INFO LINE | mode=3 | looking_for=25-10 / BID | threshold=10000000 | raw_line=삼통 89+
2026-08-18 16:18:42 INFO LINE | mode=3 | looking_for=25-10 / BID | threshold=10000000 | raw_line=통당 75+
2026-08-18 16:18:42 INFO LINE | mode=3 | looking_for=25-10 / BID | threshold=10000000 | raw_line=삼통 89+ 동
2026-08-18 16:18:42 INFO LINE | mode=3 | looking_for=25-10 / BID | threshold=10000000 | raw_line=통당 75+
2026-08-18 16:18:42 INFO LINE | mode=3 | looking_for=25-10 / BID | threshold=10000000 | raw_line=통당 745-
2026-08-18 16:18:42 INFO LINE | mode=3 | looking_for=25-10 / BID | threshold=10000000 | raw_line=통당 75+
2026-08-18 16:18:47 INFO EXCEL_CONNECTED | workbook=sample.xlsm sheet=트레이딩
2026-08-18 16:18:47 INFO LINE | mode=3 | looking_for=25-10 / BID | threshold=10000000 | raw_line=26-2 755+ 30
2026-08-18 16:18:47 INFO LINE | mode=3 | looking_for=25-10 / BID | threshold=10000000 | raw_line=26-5 84 845+ 50
2026-08-18 16:18:47 INFO LINE | mode=3 | looking_for=25-10 / BID | threshold=10000000 | raw_line=27.10.16(토) 신한은행(민3.735/끝.06) -4원 3.771% 팔자
2026-08-18 16:18:49 INFO EXCEL_CONNECTED | workbook=sample.xlsm sheet=트레이딩
2026-08-18 16:18:49 INFO LINE | mode=3 | looking_for=25-10 / BID | threshold=10000000 | raw_line=25-10  755+  100
2026-08-18 16:18:49 INFO LINE | mode=3 | looking_for=25-10 / BID | threshold=10000000 | raw_line=26-5 84- 40억
2026-08-18 16:18:49 INFO QUOTE_FOUND | 25-10 | raw_token=755+ | 3.755 | BUY | row=41 | raw_line=25-10  755+  100
2026-08-18 16:18:49 INFO EXCEL_CONNECTED | workbook=sample.xlsm sheet=트레이딩
2026-08-18 16:18:49 INFO EXCEL_WRITE | D41=3.755
2026-08-18 16:18:49 INFO PNL | F44=6317674.560558235
2026-08-18 16:18:49 INFO EXCEL_CONNECTED | workbook=sample.xlsm sheet=트레이딩
2026-08-18 16:18:49 INFO TRIGGERED
2026-08-18 16:18:50 INFO MESSAGE_SENT | title=메모장
2026-08-18 16:18:50 INFO SENT
2026-08-18 16:18:50 INFO EXCEL_CONNECTED | workbook=sample.xlsm sheet=트레이딩
2026-08-18 16:18:50 INFO EXCEL_CONNECTED | workbook=sample.xlsm sheet=트레이딩
2026-08-18 16:18:50 INFO WATCHING
2026-08-18 16:18:51 INFO EXCEL_CONNECTED | workbook=sample.xlsm sheet=트레이딩
2026-08-18 16:18:51 INFO LINE | mode=3 | looking_for=25-10 / BID | threshold=10000000 | raw_line=25-11 365- 10억
2026-08-18 16:18:51 INFO LINE | mode=3 | looking_for=25-10 / BID | threshold=10000000 | raw_line=26-6 375 38+ 20억
2026-08-18 16:18:51 INFO LINE | mode=3 | looking_for=25-10 / BID | threshold=10000000 | raw_line=26-3 11 +
2026-08-18 16:18:51 INFO LINE | mode=3 | looking_for=25-10 / BID | threshold=10000000 | raw_line=26-2 75 755- 20
2026-08-18 16:18:51 INFO LINE | mode=3 | looking_for=25-10 / BID | threshold=10000000 | raw_line=26-2 75 755- 20
2026-08-18 16:18:52 INFO EXCEL_CONNECTED | workbook=sample.xlsm sheet=트레이딩
2026-08-18 16:18:52 INFO LINE | mode=3 | looking_for=25-10 / BID | threshold=10000000 | raw_line=20-9 095+
2026-08-18 16:18:52 INFO LINE | mode=3 | looking_for=25-10 / BID | threshold=10000000 | raw_line=26-5 84 845+ 자투리
2026-08-18 16:18:52 INFO LINE | mode=3 | looking_for=25-10 / BID | threshold=10000000 | raw_line=26-2 755+ 10
2026-08-18 16:18:52 INFO LINE | mode=3 | looking_for=25-10 / BID | threshold=10000000 | raw_line=26-6 375 38+
2026-08-18 16:18:52 INFO LINE | mode=3 | looking_for=25-10 / BID | threshold=10000000 | raw_line=26-2 75 755- 20
2026-08-18 16:18:52 INFO LINE | mode=3 | looking_for=25-10 / BID | threshold=10000000 | raw_line=25-10  755+
2026-08-18 16:18:52 INFO LINE | mode=3 | looking_for=25-10 / BID | threshold=10000000 | raw_line=26-5 84- 50억
2026-08-18 16:18:52 INFO LINE | mode=3 | looking_for=25-10 / BID | threshold=10000000 | raw_line=25-6 보류
2026-08-18 16:18:52 INFO LINE | mode=3 | looking_for=25-10 / BID | threshold=10000000 | raw_line=26-6 375 38+ 20억
2026-08-18 16:18:52 INFO LINE | mode=3 | looking_for=25-10 / BID | threshold=10000000 | raw_line=26-6 375- 10억
2026-08-18 16:18:52 INFO LINE | mode=3 | looking_for=25-10 / BID | threshold=10000000 | raw_line=26-6 375- 30
2026-08-18 16:18:52 INFO QUOTE_FOUND | 25-10 | raw_token=755+ | 3.755 | BUY | row=41 | raw_line=25-10  755+
2026-08-18 16:18:52 INFO EXCEL_CONNECTED | workbook=sample.xlsm sheet=트레이딩
2026-08-18 16:18:52 INFO EXCEL_WRITE | D41=3.755
2026-08-18 16:18:52 INFO PNL | F44=6317674.560558235
2026-08-18 16:18:52 INFO EXCEL_CONNECTED | workbook=sample.xlsm sheet=트레이딩
2026-08-18 16:18:52 INFO TRIGGERED
2026-08-18 16:18:53 INFO MESSAGE_SENT | title=메모장
2026-08-18 16:18:53 INFO SENT
2026-08-18 16:18:53 INFO EXCEL_CONNECTED | workbook=sample.xlsm sheet=트레이딩
2026-08-18 16:18:53 INFO EXCEL_CONNECTED | workbook=sample.xlsm sheet=트레이딩
2026-08-18 16:18:53 INFO WATCHING
2026-08-18 16:18:54 INFO EXCEL_CONNECTED | workbook=sample.xlsm sheet=트레이딩
2026-08-18 16:18:54 INFO LINE | mode=3 | looking_for=25-10 / BID | threshold=10000000 | raw_line=26-3 105 11- 20억
2026-08-18 16:18:54 INFO LINE | mode=3 | looking_for=25-10 / BID | threshold=10000000 | raw_line=26-5 84 845 세트 사자 40억
2026-08-18 16:18:55 INFO EXCEL_CONNECTED | workbook=sample.xlsm sheet=트레이딩
2026-08-18 16:18:55 INFO LINE | mode=3 | looking_for=25-10 / BID | threshold=10000000 | raw_line=26-3 11+ 50
2026-08-18 16:18:58 INFO EXCEL_CONNECTED | workbook=sample.xlsm sheet=트레이딩
2026-08-18 16:18:58 INFO LINE | mode=3 | looking_for=25-10 / BID | threshold=10000000 | raw_line=26-2 755+ 10
2026-08-18 16:18:58 INFO LINE | mode=3 | looking_for=25-10 / BID | threshold=10000000 | raw_line=26-7 74 +
2026-08-18 16:18:59 INFO EXCEL_CONNECTED | workbook=sample.xlsm sheet=트레이딩
2026-08-18 16:18:59 INFO LINE | mode=3 | looking_for=25-10 / BID | threshold=10000000 | raw_line=26-3 105/11팔자 50억
2026-08-18 16:18:59 INFO LINE | mode=3 | looking_for=25-10 / BID | threshold=10000000 | raw_line=26-6  20억 당사선팔
2026-08-18 16:18:59 INFO LINE | mode=3 | looking_for=25-10 / BID | threshold=10000000 | raw_line=26-3 11+ 자투리
2026-08-18 16:18:59 INFO LINE | mode=3 | looking_for=25-10 / BID | threshold=10000000 | raw_line=26-3 11+ 30억
2026-08-18 16:18:59 INFO LINE | mode=3 | looking_for=25-10 / BID | threshold=10000000 | raw_line=26-5  84-  50
2026-08-18 16:18:59 INFO LINE | mode=3 | looking_for=25-10 / BID | threshold=10000000 | raw_line=20-9 095+
2026-08-18 16:18:59 INFO LINE | mode=3 | looking_for=25-10 / BID | threshold=10000000 | raw_line=26-5 84 845+ 자투리
2026-08-18 16:18:59 INFO LINE | mode=3 | looking_for=25-10 / BID | threshold=10000000 | raw_line=26-2 755+ 10
2026-08-18 16:18:59 INFO LINE | mode=3 | looking_for=25-10 / BID | threshold=10000000 | raw_line=26-6 375 38+
2026-08-18 16:18:59 INFO LINE | mode=3 | looking_for=25-10 / BID | threshold=10000000 | raw_line=26-2 75 755- 20
2026-08-18 16:18:59 INFO LINE | mode=3 | looking_for=25-10 / BID | threshold=10000000 | raw_line=25-10  755+
2026-08-18 16:18:59 INFO QUOTE_FOUND | 25-10 | raw_token=755+ | 3.755 | BUY | row=41 | raw_line=25-10  755+
2026-08-18 16:18:59 INFO EXCEL_CONNECTED | workbook=sample.xlsm sheet=트레이딩
2026-08-18 16:18:59 INFO EXCEL_WRITE | D41=3.755
2026-08-18 16:18:59 INFO PNL | F44=6317674.560558235
2026-08-18 16:18:59 INFO EXCEL_CONNECTED | workbook=sample.xlsm sheet=트레이딩
2026-08-18 16:18:59 INFO TRIGGERED
2026-08-18 16:19:00 INFO MESSAGE_SENT | title=메모장
2026-08-18 16:19:00 INFO SENT
2026-08-18 16:19:00 INFO EXCEL_CONNECTED | workbook=sample.xlsm sheet=트레이딩
2026-08-18 16:19:00 INFO EXCEL_CONNECTED | workbook=sample.xlsm sheet=트레이딩
2026-08-18 16:19:00 INFO WATCHING
2026-08-18 16:19:02 INFO EXCEL_CONNECTED | workbook=sample.xlsm sheet=트레이딩
2026-08-18 16:19:02 INFO LINE | mode=3 | looking_for=25-10 / BID | threshold=10000000 | raw_line=26-2 75 755- 20
2026-08-18 16:19:02 INFO EXCEL_CONNECTED | workbook=sample.xlsm sheet=트레이딩
2026-08-18 16:19:03 INFO LINE | mode=3 | looking_for=25-10 / BID | threshold=10000000 | raw_line=26-6 375- 10
2026-08-18 16:19:03 INFO LINE | mode=3 | looking_for=25-10 / BID | threshold=10000000 | raw_line=26-3 105/11팔자 50억
2026-08-18 16:19:03 INFO LINE | mode=3 | looking_for=25-10 / BID | threshold=10000000 | raw_line=26-6  20억 당사선팔
2026-08-18 16:19:03 INFO LINE | mode=3 | looking_for=25-10 / BID | threshold=10000000 | raw_line=26-3 11+ 자투리
2026-08-18 16:19:03 INFO LINE | mode=3 | looking_for=25-10 / BID | threshold=10000000 | raw_line=26-3 11+ 30억
2026-08-18 16:19:03 INFO LINE | mode=3 | looking_for=25-10 / BID | threshold=10000000 | raw_line=26-5  84-  50
2026-08-18 16:19:03 INFO LINE | mode=3 | looking_for=25-10 / BID | threshold=10000000 | raw_line=20-9 095+
2026-08-18 16:19:03 INFO LINE | mode=3 | looking_for=25-10 / BID | threshold=10000000 | raw_line=26-5 84 845+ 자투리
2026-08-18 16:19:03 INFO LINE | mode=3 | looking_for=25-10 / BID | threshold=10000000 | raw_line=26-2 755+ 10
2026-08-18 16:19:03 INFO LINE | mode=3 | looking_for=25-10 / BID | threshold=10000000 | raw_line=26-6 375 38+
2026-08-18 16:19:03 INFO LINE | mode=3 | looking_for=25-10 / BID | threshold=10000000 | raw_line=26-2 75 755- 20
2026-08-18 16:19:04 INFO EXCEL_CONNECTED | workbook=sample.xlsm sheet=트레이딩
2026-08-18 16:19:04 INFO LINE | mode=3 | looking_for=25-10 / BID | threshold=10000000 | raw_line=26-3 당팔 20억
2026-08-18 16:19:04 INFO LINE | mode=3 | looking_for=25-10 / BID | threshold=10000000 | raw_line=26-3 11+ 30억
2026-08-18 16:19:04 INFO LINE | mode=3 | looking_for=25-10 / BID | threshold=10000000 | raw_line=26-3 105 11-
2026-08-18 16:19:08 INFO EXCEL_CONNECTED | workbook=sample.xlsm sheet=트레이딩
2026-08-18 16:19:08 INFO LINE | mode=3 | looking_for=25-10 / BID | threshold=10000000 | raw_line=28.6.16(금) 인천도시공사270 (민3.969/.80/aa+) 팔자
2026-08-18 16:19:09 INFO EXCEL_CONNECTED | workbook=sample.xlsm sheet=트레이딩
2026-08-18 16:19:09 INFO LINE | mode=3 | looking_for=25-10 / BID | threshold=10000000 | raw_line=25-10  755+
2026-08-18 16:19:09 INFO QUOTE_FOUND | 25-10 | raw_token=755+ | 3.755 | BUY | row=41 | raw_line=25-10  755+
2026-08-18 16:19:09 INFO EXCEL_CONNECTED | workbook=sample.xlsm sheet=트레이딩
2026-08-18 16:19:09 INFO EXCEL_WRITE | D41=3.755
2026-08-18 16:19:09 INFO PNL | F44=6317674.560558235
2026-08-18 16:19:09 INFO EXCEL_CONNECTED | workbook=sample.xlsm sheet=트레이딩
2026-08-18 16:19:09 INFO TRIGGERED
2026-08-18 16:19:10 INFO MESSAGE_SENT | title=메모장
2026-08-18 16:19:10 INFO SENT
2026-08-18 16:19:10 INFO EXCEL_CONNECTED | workbook=sample.xlsm sheet=트레이딩
2026-08-18 16:19:10 INFO EXCEL_CONNECTED | workbook=sample.xlsm sheet=트레이딩
2026-08-18 16:19:10 INFO WATCHING
2026-08-18 16:19:11 INFO EXCEL_CONNECTED | workbook=sample.xlsm sheet=트레이딩
2026-08-18 16:19:11 INFO LINE | mode=3 | looking_for=25-10 / BID | threshold=10000000 | raw_line=26-7 72-
2026-08-18 16:19:11 INFO LINE | mode=3 | looking_for=25-10 / BID | threshold=10000000 | raw_line=26-6 375- 10
2026-08-18 16:19:12 INFO EXCEL_CONNECTED | workbook=sample.xlsm sheet=트레이딩
2026-08-18 16:19:12 INFO LINE | mode=3 | looking_for=25-10 / BID | threshold=10000000 | raw_line=26-2 75 755- 20
2026-08-18 16:19:12 INFO LINE | mode=3 | looking_for=25-10 / BID | threshold=10000000 | raw_line=26-2 755+ 30
2026-08-18 16:19:12 INFO LINE | mode=3 | looking_for=25-10 / BID | threshold=10000000 | raw_line=26-5 84 845+ 50
2026-08-18 16:19:12 INFO LINE | mode=3 | looking_for=25-10 / BID | threshold=10000000 | raw_line=25-10  755+  100
2026-08-18 16:19:12 INFO LINE | mode=3 | looking_for=25-10 / BID | threshold=10000000 | raw_line=26-5 84- 40억
2026-08-18 16:19:12 INFO QUOTE_FOUND | 25-10 | raw_token=755+ | 3.755 | BUY | row=41 | raw_line=25-10  755+  100
2026-08-18 16:19:12 INFO EXCEL_CONNECTED | workbook=sample.xlsm sheet=트레이딩
2026-08-18 16:19:12 INFO EXCEL_WRITE | D41=3.755
2026-08-18 16:19:12 INFO PNL | F44=6317674.560558235
2026-08-18 16:19:12 INFO EXCEL_CONNECTED | workbook=sample.xlsm sheet=트레이딩
2026-08-18 16:19:12 INFO TRIGGERED
2026-08-18 16:19:13 INFO MESSAGE_SENT | title=메모장
2026-08-18 16:19:13 INFO SENT
2026-08-18 16:19:13 INFO EXCEL_CONNECTED | workbook=sample.xlsm sheet=트레이딩
2026-08-18 16:19:13 INFO EXCEL_CONNECTED | workbook=sample.xlsm sheet=트레이딩
2026-08-18 16:19:13 INFO WATCHING
2026-08-18 16:19:14 INFO EXCEL_CONNECTED | workbook=sample.xlsm sheet=트레이딩
2026-08-18 16:19:14 INFO LINE | mode=3 | looking_for=25-10 / BID | threshold=10000000 | raw_line=25-5 34 추가사자 50억
2026-08-18 16:19:14 INFO LINE | mode=3 | looking_for=25-10 / BID | threshold=10000000 | raw_line=27.7.18(일) 평택도시공사(녹) (민3.790, 끝전.53, AA) -6원 팔자
2026-08-18 16:19:19 INFO EXCEL_CONNECTED | workbook=sample.xlsm sheet=트레이딩
2026-08-18 16:19:19 INFO LINE | mode=3 | looking_for=25-10 / BID | threshold=10000000 | raw_line=27.7.18 평택도시공사(녹) -6원 팔자  (민3.79  .53)
2026-08-18 16:19:20 INFO EXCEL_CONNECTED | workbook=sample.xlsm sheet=트레이딩
2026-08-18 16:19:20 INFO LINE | mode=3 | looking_for=25-10 / BID | threshold=10000000 | raw_line=국고 23-10 10억 사자관심
2026-08-18 16:19:20 INFO LINE | mode=3 | looking_for=25-10 / BID | threshold=10000000 | raw_line=26-2 75 755- 20
2026-08-18 16:19:20 INFO LINE | mode=3 | looking_for=25-10 / BID | threshold=10000000 | raw_line=27.9.30(목) 삼성중공업139-1 (민4.119, 끝전.26, A-) -4원 팔자
2026-08-18 16:19:21 INFO EXCEL_CONNECTED | workbook=sample.xlsm sheet=트레이딩
2026-08-18 16:19:21 INFO LINE | mode=3 | looking_for=25-10 / BID | threshold=10000000 | raw_line=26-5 84 845 세트 사자 40억
2026-08-18 16:19:21 INFO LINE | mode=3 | looking_for=25-10 / BID | threshold=10000000 | raw_line=25-11 365- 10억
2026-08-18 16:19:21 INFO LINE | mode=3 | looking_for=25-10 / BID | threshold=10000000 | raw_line=26-6 375 38+ 20억
2026-08-18 16:19:21 INFO LINE | mode=3 | looking_for=25-10 / BID | threshold=10000000 | raw_line=26-3 11 +
2026-08-18 16:19:21 INFO LINE | mode=3 | looking_for=25-10 / BID | threshold=10000000 | raw_line=26-2 75 755- 20
2026-08-18 16:19:21 INFO LINE | mode=3 | looking_for=25-10 / BID | threshold=10000000 | raw_line=26-2 75 755- 20
2026-08-18 16:19:21 INFO LINE | mode=3 | looking_for=25-10 / BID | threshold=10000000 | raw_line=26-2 755+ 30
2026-08-18 16:19:21 INFO LINE | mode=3 | looking_for=25-10 / BID | threshold=10000000 | raw_line=27.1.30(토) 신한금융지주162-1(민3.453, 끝.55, AAA) 팔자
2026-08-18 16:19:22 INFO EXCEL_CONNECTED | workbook=sample.xlsm sheet=트레이딩
2026-08-18 16:19:22 INFO LINE | mode=3 | looking_for=25-10 / BID | threshold=10000000 | raw_line=27.7.18 평택도시공사(녹) -6원 팔자  (민3.79  .53)
2026-08-18 16:19:23 INFO EXCEL_CONNECTED | workbook=sample.xlsm sheet=트레이딩
2026-08-18 16:19:23 INFO LINE | mode=3 | looking_for=25-10 / BID | threshold=10000000 | raw_line=26-2 755+ 10 추가
2026-08-18 16:19:23 INFO LINE | mode=3 | looking_for=25-10 / BID | threshold=10000000 | raw_line=국고 23-10 10억 사자관심
2026-08-18 16:19:23 INFO EXCEL_CONNECTED | workbook=sample.xlsm sheet=트레이딩
2026-08-18 16:19:24 INFO LINE | mode=3 | looking_for=25-10 / BID | threshold=10000000 | raw_line=26-3 11+ 50
2026-08-18 16:19:24 INFO LINE | mode=3 | looking_for=25-10 / BID | threshold=10000000 | raw_line=26-3 105 11- 20억
2026-08-18 16:19:24 INFO LINE | mode=3 | looking_for=25-10 / BID | threshold=10000000 | raw_line=26-5 84 845 세트 사자 40억
2026-08-18 16:19:24 INFO LINE | mode=3 | looking_for=25-10 / BID | threshold=10000000 | raw_line=25-11 365- 10억
2026-08-18 16:19:24 INFO LINE | mode=3 | looking_for=25-10 / BID | threshold=10000000 | raw_line=26-6 375 38+ 20억
2026-08-18 16:19:24 INFO LINE | mode=3 | looking_for=25-10 / BID | threshold=10000000 | raw_line=26-3 11 +
2026-08-18 16:19:24 INFO LINE | mode=3 | looking_for=25-10 / BID | threshold=10000000 | raw_line=26-2 75 755- 20
2026-08-18 16:19:24 INFO EXCEL_CONNECTED | workbook=sample.xlsm sheet=트레이딩
2026-08-18 16:19:24 INFO LINE | mode=3 | looking_for=25-10 / BID | threshold=10000000 | raw_line=2026.08.18 / 16:19
2026-08-18 16:19:25 INFO EXCEL_CONNECTED | workbook=sample.xlsm sheet=트레이딩
2026-08-18 16:19:25 INFO LINE | mode=3 | looking_for=25-10 / BID | threshold=10000000 | raw_line=26-6  375  38 사자  10
2026-08-18 16:19:26 INFO EXCEL_CONNECTED | workbook=sample.xlsm sheet=트레이딩
2026-08-18 16:19:26 INFO LINE | mode=3 | looking_for=25-10 / BID | threshold=10000000 | raw_line=26-6  매도 호가 있으실까요?
2026-08-18 16:19:27 INFO EXCEL_CONNECTED | workbook=sample.xlsm sheet=트레이딩
2026-08-18 16:19:27 INFO LINE | mode=3 | looking_for=25-10 / BID | threshold=10000000 | raw_line=26-1 호가 있으실까요?
2026-08-18 16:19:27 INFO LINE | mode=3 | looking_for=25-10 / BID | threshold=10000000 | raw_line=28.2.14(월) LG이노텍44-3 (민4.033 끝.03 AA-) 팔자
2026-08-18 16:19:27 INFO EXCEL_CONNECTED | workbook=sample.xlsm sheet=트레이딩
2026-08-18 16:19:27 INFO LINE | mode=3 | looking_for=25-10 / BID | threshold=10000000 | raw_line=26-2 75 755- 20
2026-08-18 16:19:27 INFO LINE | mode=3 | looking_for=25-10 / BID | threshold=10000000 | raw_line=26-2 755+ 10
2026-08-18 16:19:27 INFO LINE | mode=3 | looking_for=25-10 / BID | threshold=10000000 | raw_line=26-7 74 +
2026-08-18 16:19:27 INFO LINE | mode=3 | looking_for=25-10 / BID | threshold=10000000 | raw_line=26-3 11+ 50
2026-08-18 16:19:27 INFO LINE | mode=3 | looking_for=25-10 / BID | threshold=10000000 | raw_line=26-3 105 11- 20억
2026-08-18 16:19:27 INFO LINE | mode=3 | looking_for=25-10 / BID | threshold=10000000 | raw_line=26-5 84 845 세트 사자 40억
2026-08-18 16:19:27 INFO LINE | mode=3 | looking_for=25-10 / BID | threshold=10000000 | raw_line=25-11 365- 10억
2026-08-18 16:19:28 INFO EXCEL_CONNECTED | workbook=sample.xlsm sheet=트레이딩
2026-08-18 16:19:28 INFO LINE | mode=3 | looking_for=25-10 / BID | threshold=10000000 | raw_line=26-2 755+ 10
2026-08-18 16:19:28 INFO LINE | mode=3 | looking_for=25-10 / BID | threshold=10000000 | raw_line=28.5.12(금) 광해광업공단[민 3.926 끝.23] 팔자
2026-08-18 16:19:29 INFO EXCEL_CONNECTED | workbook=sample.xlsm sheet=트레이딩
2026-08-18 16:19:29 INFO LINE | mode=3 | looking_for=25-10 / BID | threshold=10000000 | raw_line=26-2 755 사자 20억
2026-08-18 16:19:29 INFO EXCEL_CONNECTED | workbook=sample.xlsm sheet=트레이딩
2026-08-18 16:19:30 INFO LINE | mode=3 | looking_for=25-10 / BID | threshold=10000000 | raw_line=26-3 11+ 30억
2026-08-18 16:19:30 INFO LINE | mode=3 | looking_for=25-10 / BID | threshold=10000000 | raw_line=26-3 105 11-
2026-08-18 16:19:30 INFO LINE | mode=3 | looking_for=25-10 / BID | threshold=10000000 | raw_line=26-2 75 755- 20
2026-08-18 16:19:30 INFO LINE | mode=3 | looking_for=25-10 / BID | threshold=10000000 | raw_line=26-2 755+ 10
2026-08-18 16:19:30 INFO LINE | mode=3 | looking_for=25-10 / BID | threshold=10000000 | raw_line=26-7 74 +
2026-08-18 16:19:30 INFO LINE | mode=3 | looking_for=25-10 / BID | threshold=10000000 | raw_line=26-3 11+ 50
2026-08-18 16:19:30 INFO LINE | mode=3 | looking_for=25-10 / BID | threshold=10000000 | raw_line=26-3 105 11- 20억
2026-08-18 16:19:32 INFO EXCEL_CONNECTED | workbook=sample.xlsm sheet=트레이딩
2026-08-18 16:19:32 INFO LINE | mode=3 | looking_for=25-10 / BID | threshold=10000000 | raw_line=삼통 89+
2026-08-18 16:19:33 INFO EXCEL_CONNECTED | workbook=sample.xlsm sheet=트레이딩
2026-08-18 16:19:33 INFO LINE | mode=3 | looking_for=25-10 / BID | threshold=10000000 | raw_line=삼통 89+
2026-08-18 16:19:33 INFO LINE | mode=3 | looking_for=25-10 / BID | threshold=10000000 | raw_line=통당 75+
2026-08-18 16:19:33 INFO LINE | mode=3 | looking_for=25-10 / BID | threshold=10000000 | raw_line=삼통 89+ 동
2026-08-18 16:19:33 INFO LINE | mode=3 | looking_for=25-10 / BID | threshold=10000000 | raw_line=통당 75+
2026-08-18 16:19:33 INFO LINE | mode=3 | looking_for=25-10 / BID | threshold=10000000 | raw_line=통당 745-
2026-08-18 16:19:33 INFO LINE | mode=3 | looking_for=25-10 / BID | threshold=10000000 | raw_line=통당 75+
2026-08-18 16:19:35 INFO EXCEL_CONNECTED | workbook=sample.xlsm sheet=트레이딩
2026-08-18 16:19:35 INFO LINE | mode=3 | looking_for=25-10 / BID | threshold=10000000 | raw_line=26-2 75 755- 20
2026-08-18 16:19:35 INFO LINE | mode=3 | looking_for=25-10 / BID | threshold=10000000 | raw_line=26-3 11+ 자투리
2026-08-18 16:19:35 INFO LINE | mode=3 | looking_for=25-10 / BID | threshold=10000000 | raw_line=8월말 만기 CP,전단,채권 사자
2026-08-18 16:19:36 INFO EXCEL_CONNECTED | workbook=sample.xlsm sheet=트레이딩
2026-08-18 16:19:36 INFO LINE | mode=3 | looking_for=25-10 / BID | threshold=10000000 | raw_line=26.8.28(금) 중금 팔자 (민 2.930, 끝전.53) 수10 +0.85원팔자 2.80%
2026-08-18 16:19:37 INFO EXCEL_CONNECTED | workbook=sample.xlsm sheet=트레이딩
2026-08-18 16:19:37 INFO LINE | mode=3 | looking_for=25-10 / BID | threshold=10000000 | raw_line=26.11.7(토) 중금~GEB4 (민 3.011% / 끝 .95 / AAA) 팔자(수반)
2026-08-18 16:19:37 INFO LINE | mode=3 | looking_for=25-10 / BID | threshold=10000000 | raw_line=26.11.20(금) 중금(~GF53) 팔자 (민 3.032, 끝전.97, 쿠폰 2.49)
2026-08-18 16:19:39 INFO EXCEL_CONNECTED | workbook=sample.xlsm sheet=트레이딩
2026-08-18 16:19:39 INFO LINE | mode=3 | looking_for=25-10 / BID | threshold=10000000 | raw_line=26-6 375 38+ 20억
2026-08-18 16:19:40 INFO EXCEL_CONNECTED | workbook=sample.xlsm sheet=트레이딩
2026-08-18 16:19:40 INFO LINE | mode=3 | looking_for=25-10 / BID | threshold=10000000 | raw_line=26-6 375- 10
2026-08-18 16:19:40 INFO LINE | mode=3 | looking_for=25-10 / BID | threshold=10000000 | raw_line=26-3 105 11-
2026-08-18 16:19:41 INFO EXCEL_CONNECTED | workbook=sample.xlsm sheet=트레이딩
2026-08-18 16:19:41 INFO LINE | mode=3 | looking_for=25-10 / BID | threshold=10000000 | raw_line=26-5 84 845+ 50
2026-08-18 16:19:41 INFO LINE | mode=3 | looking_for=25-10 / BID | threshold=10000000 | raw_line=29.2.19(월) 한국철도공사277 팔자 (민4.032/끝전.61) 오바4 팔자
2026-08-18 16:19:41 INFO EXCEL_CONNECTED | workbook=sample.xlsm sheet=트레이딩
2026-08-18 16:19:41 INFO LINE | mode=3 | looking_for=25-10 / BID | threshold=10000000 | raw_line=26-2 75 755- 20
2026-08-18 16:19:41 INFO LINE | mode=3 | looking_for=25-10 / BID | threshold=10000000 | raw_line=25-5 34 추가사자 50억
2026-08-18 16:19:41 INFO LINE | mode=3 | looking_for=25-10 / BID | threshold=10000000 | raw_line=26-7 72-
2026-08-18 16:19:41 INFO LINE | mode=3 | looking_for=25-10 / BID | threshold=10000000 | raw_line=26-6 375- 10
2026-08-18 16:19:41 INFO LINE | mode=3 | looking_for=25-10 / BID | threshold=10000000 | raw_line=25-10  755+
2026-08-18 16:19:41 INFO LINE | mode=3 | looking_for=25-10 / BID | threshold=10000000 | raw_line=26-3 당팔 20억
2026-08-18 16:19:41 INFO LINE | mode=3 | looking_for=25-10 / BID | threshold=10000000 | raw_line=26-3 11+ 30억
2026-08-18 16:19:41 INFO LINE | mode=3 | looking_for=25-10 / BID | threshold=10000000 | raw_line=28.5.8(월)해외인프라도시개발(민3.940%/끝.29원/AAA)오버5팔자 3.990%
2026-08-18 16:19:41 INFO QUOTE_FOUND | 25-10 | raw_token=755+ | 3.755 | BUY | row=41 | raw_line=25-10  755+
2026-08-18 16:19:41 INFO EXCEL_CONNECTED | workbook=sample.xlsm sheet=트레이딩
2026-08-18 16:19:42 INFO EXCEL_WRITE | D41=3.755
2026-08-18 16:19:42 INFO PNL | F44=6317674.560558235
2026-08-18 16:19:42 INFO EXCEL_CONNECTED | workbook=sample.xlsm sheet=트레이딩
2026-08-18 16:19:42 INFO TRIGGERED
2026-08-18 16:19:42 INFO MESSAGE_SENT | title=메모장
2026-08-18 16:19:42 INFO SENT
2026-08-18 16:19:42 INFO EXCEL_CONNECTED | workbook=sample.xlsm sheet=트레이딩
2026-08-18 16:19:43 INFO EXCEL_CONNECTED | workbook=sample.xlsm sheet=트레이딩
2026-08-18 16:19:43 INFO WATCHING
2026-08-18 16:19:44 INFO EXCEL_CONNECTED | workbook=sample.xlsm sheet=트레이딩
2026-08-18 16:19:44 INFO LINE | mode=3 | looking_for=25-10 / BID | threshold=10000000 | raw_line=29.2.19(월) 한국철도공사277 팔자 (민4.032/끝전.61) 오바4 팔자
2026-08-18 16:19:44 INFO EXCEL_CONNECTED | workbook=sample.xlsm sheet=트레이딩
2026-08-18 16:19:44 INFO LINE | mode=3 | looking_for=25-10 / BID | threshold=10000000 | raw_line=25-10  755+  100
2026-08-18 16:19:44 INFO QUOTE_FOUND | 25-10 | raw_token=755+ | 3.755 | BUY | row=41 | raw_line=25-10  755+  100
2026-08-18 16:19:44 INFO EXCEL_CONNECTED | workbook=sample.xlsm sheet=트레이딩
2026-08-18 16:19:44 INFO EXCEL_WRITE | D41=3.755
2026-08-18 16:19:44 INFO PNL | F44=6317674.560558235
2026-08-18 16:19:44 INFO EXCEL_CONNECTED | workbook=sample.xlsm sheet=트레이딩
2026-08-18 16:19:45 INFO TRIGGERED
2026-08-18 16:19:45 INFO MESSAGE_SENT | title=메모장
2026-08-18 16:19:45 INFO SENT
2026-08-18 16:19:45 INFO EXCEL_CONNECTED | workbook=sample.xlsm sheet=트레이딩
2026-08-18 16:19:46 INFO EXCEL_CONNECTED | workbook=sample.xlsm sheet=트레이딩
2026-08-18 16:19:46 INFO WATCHING
2026-08-18 16:19:48 INFO EXCEL_CONNECTED | workbook=sample.xlsm sheet=트레이딩
2026-08-18 16:19:48 INFO LINE | mode=3 | looking_for=25-10 / BID | threshold=10000000 | raw_line=26-3 105 11- 20억
2026-08-18 16:19:48 INFO EXCEL_CONNECTED | workbook=sample.xlsm sheet=트레이딩
2026-08-18 16:19:48 INFO LINE | mode=3 | looking_for=25-10 / BID | threshold=10000000 | raw_line=국고 23-10 10억 사자관심
2026-08-18 16:19:48 INFO LINE | mode=3 | looking_for=25-10 / BID | threshold=10000000 | raw_line=국고 23-10 10억 사자관심
2026-08-18 16:19:48 INFO LINE | mode=3 | looking_for=25-10 / BID | threshold=10000000 | raw_line=26-2 75 755- 20
2026-08-18 16:19:48 INFO LINE | mode=3 | looking_for=25-10 / BID | threshold=10000000 | raw_line=25-5 34 추가사자 50억
2026-08-18 16:19:48 INFO LINE | mode=3 | looking_for=25-10 / BID | threshold=10000000 | raw_line=26-7 72-
2026-08-18 16:19:48 INFO LINE | mode=3 | looking_for=25-10 / BID | threshold=10000000 | raw_line=26-6 375- 10
2026-08-18 16:19:48 INFO LINE | mode=3 | looking_for=25-10 / BID | threshold=10000000 | raw_line=25-10  755+
2026-08-18 16:19:48 INFO LINE | mode=3 | looking_for=25-10 / BID | threshold=10000000 | raw_line=28.5.8(월)해외인프라도시개발(민3.940%/끝.29원/AAA)오버5팔자 3.990%
2026-08-18 16:19:48 INFO QUOTE_FOUND | 25-10 | raw_token=755+ | 3.755 | BUY | row=41 | raw_line=25-10  755+
2026-08-18 16:19:48 INFO EXCEL_CONNECTED | workbook=sample.xlsm sheet=트레이딩
2026-08-18 16:19:49 INFO EXCEL_WRITE | D41=3.755
2026-08-18 16:19:49 INFO PNL | F44=6317674.560558235
2026-08-18 16:19:49 INFO EXCEL_CONNECTED | workbook=sample.xlsm sheet=트레이딩
2026-08-18 16:19:49 INFO TRIGGERED
2026-08-18 16:19:49 INFO MESSAGE_SENT | title=메모장
2026-08-18 16:19:49 INFO SENT
2026-08-18 16:19:49 INFO EXCEL_CONNECTED | workbook=sample.xlsm sheet=트레이딩
2026-08-18 16:19:50 INFO EXCEL_CONNECTED | workbook=sample.xlsm sheet=트레이딩
2026-08-18 16:19:50 INFO WATCHING
2026-08-18 16:19:51 INFO EXCEL_CONNECTED | workbook=sample.xlsm sheet=트레이딩
2026-08-18 16:19:51 INFO LINE | mode=3 | looking_for=25-10 / BID | threshold=10000000 | raw_line=26-3 11+ 10억
2026-08-18 16:19:51 INFO EXCEL_CONNECTED | workbook=sample.xlsm sheet=트레이딩
2026-08-18 16:19:51 INFO LINE | mode=3 | looking_for=25-10 / BID | threshold=10000000 | raw_line=삼통 89+
2026-08-18 16:19:52 INFO EXCEL_CONNECTED | workbook=sample.xlsm sheet=트레이딩
2026-08-18 16:19:52 INFO LINE | mode=3 | looking_for=25-10 / BID | threshold=10000000 | raw_line=26-5 84- 50억
2026-08-18 16:19:55 INFO EXCEL_CONNECTED | workbook=sample.xlsm sheet=트레이딩
2026-08-18 16:19:55 INFO LINE | mode=3 | looking_for=25-10 / BID | threshold=10000000 | raw_line=25-4 0.75 당사
2026-08-18 16:19:56 INFO EXCEL_CONNECTED | workbook=sample.xlsm sheet=트레이딩
2026-08-18 16:19:56 INFO LINE | mode=3 | looking_for=25-10 / BID | threshold=10000000 | raw_line=26-6  매도 호가 있으실까요?
2026-08-18 16:19:56 INFO LINE | mode=3 | looking_for=25-10 / BID | threshold=10000000 | raw_line=26-6  375  38 사자  10
2026-08-18 16:19:56 INFO LINE | mode=3 | looking_for=25-10 / BID | threshold=10000000 | raw_line=26-2 755+ 10 추가
2026-08-18 16:19:56 INFO LINE | mode=3 | looking_for=25-10 / BID | threshold=10000000 | raw_line=국고 23-10 10억 사자관심
2026-08-18 16:19:56 INFO LINE | mode=3 | looking_for=25-10 / BID | threshold=10000000 | raw_line=국고 23-10 10억 사자관심
2026-08-18 16:19:56 INFO LINE | mode=3 | looking_for=25-10 / BID | threshold=10000000 | raw_line=26-2 75 755- 20
2026-08-18 16:19:56 INFO LINE | mode=3 | looking_for=25-10 / BID | threshold=10000000 | raw_line=25-5 34 추가사자 50억
2026-08-18 16:19:56 INFO EXCEL_CONNECTED | workbook=sample.xlsm sheet=트레이딩
2026-08-18 16:19:56 INFO LINE | mode=3 | looking_for=25-10 / BID | threshold=10000000 | raw_line=26-3  11 사자  30
2026-08-18 16:19:59 INFO EXCEL_CONNECTED | workbook=sample.xlsm sheet=트레이딩
2026-08-18 16:19:59 INFO LINE | mode=3 | looking_for=25-10 / BID | threshold=10000000 | raw_line=27.7.21.농금채은행(민.3.668,끝.78)팔자 ~ -3원 3.709%
2026-08-18 16:19:59 INFO LINE | mode=3 | looking_for=25-10 / BID | threshold=10000000 | raw_line=27.7.18(일) 평택도시공사2025-3(녹)(민3.79 .53 AA 쿠:2.708) -6원 팔자 3.864%
2026-08-18 16:20:00 INFO EXCEL_CONNECTED | workbook=sample.xlsm sheet=트레이딩
2026-08-18 16:20:00 INFO LINE | mode=3 | looking_for=25-10 / BID | threshold=10000000 | raw_line=28.8.6 수출입채 [민3.833%/끝88/AAA] 팔자
2026-08-18 16:20:00 INFO LINE | mode=3 | looking_for=25-10 / BID | threshold=10000000 | raw_line=27.11.27 농어촌공사 (민 3.773/.94) -8원 팔자
2026-08-18 16:20:00 INFO EXCEL_CONNECTED | workbook=sample.xlsm sheet=트레이딩
2026-08-18 16:20:00 INFO LINE | mode=3 | looking_for=25-10 / BID | threshold=10000000 | raw_line=27.7.21.농금채은행(민.3.668,끝.78)팔자 ~ -3원 3.709%
2026-08-18 16:20:00 INFO LINE | mode=3 | looking_for=25-10 / BID | threshold=10000000 | raw_line=27.1.25(월) 중금(민 3.233, .54) -3원 팔자~3.316%동
2026-08-18 16:20:04 INFO EXCEL_CONNECTED | workbook=sample.xlsm sheet=트레이딩
2026-08-18 16:20:04 INFO LINE | mode=3 | looking_for=25-10 / BID | threshold=10000000 | raw_line=삼통 89 보류
2026-08-18 16:20:04 INFO EXCEL_CONNECTED | workbook=sample.xlsm sheet=트레이딩
2026-08-18 16:20:04 INFO LINE | mode=3 | looking_for=25-10 / BID | threshold=10000000 | raw_line=통당 75+
2026-08-18 16:20:04 INFO LINE | mode=3 | looking_for=25-10 / BID | threshold=10000000 | raw_line=삼통 89+
2026-08-18 16:20:04 INFO LINE | mode=3 | looking_for=25-10 / BID | threshold=10000000 | raw_line=통안채 0.8 당팔
2026-08-18 16:20:04 INFO LINE | mode=3 | looking_for=25-10 / BID | threshold=10000000 | raw_line=삼통 89+
2026-08-18 16:20:04 INFO LINE | mode=3 | looking_for=25-10 / BID | threshold=10000000 | raw_line=통당 75+
2026-08-18 16:20:04 INFO LINE | mode=3 | looking_for=25-10 / BID | threshold=10000000 | raw_line=삼통 89+ 동
2026-08-18 16:20:05 INFO EXCEL_CONNECTED | workbook=sample.xlsm sheet=트레이딩
2026-08-18 16:20:05 INFO LINE | mode=3 | looking_for=25-10 / BID | threshold=10000000 | raw_line=국고 23-10 10억 사자관심
2026-08-18 16:20:05 INFO LINE | mode=3 | looking_for=25-10 / BID | threshold=10000000 | raw_line=27.7.18(일) 평택도시공사2025-3(녹)(민3.79 .53 AA 쿠:2.708) -6원 팔자 3.864%
2026-08-18 16:20:06 INFO EXCEL_CONNECTED | workbook=sample.xlsm sheet=트레이딩
2026-08-18 16:20:06 INFO LINE | mode=3 | looking_for=25-10 / BID | threshold=10000000 | raw_line=28.6.23 중금채 [민3.836%/끝95/AAA] 팔자
2026-08-18 16:20:06 INFO LINE | mode=3 | looking_for=25-10 / BID | threshold=10000000 | raw_line=26.12.11(금) 롯데캐피탈450-3 (민 3.728% / 끝 .04 / A+) -2원 팔자 3.793%
2026-08-18 16:20:07 INFO EXCEL_CONNECTED | workbook=sample.xlsm sheet=트레이딩
2026-08-18 16:20:07 INFO LINE | mode=3 | looking_for=25-10 / BID | threshold=10000000 | raw_line=27.7.21.농금채은행(민.3.668,끝.78)팔자 ~ -3원 3.709%
2026-08-18 16:20:07 INFO LINE | mode=3 | looking_for=25-10 / BID | threshold=10000000 | raw_line=27.7.21.농금채은행(민.3.668,끝.78)팔자 ~ -3원 3.709%
2026-08-18 16:20:07 INFO LINE | mode=3 | looking_for=25-10 / BID | threshold=10000000 | raw_line=27.7.12 우리카드(민3.872 .36 AA) 오버2 팔자 / 오버4 사자
2026-08-18 16:20:08 INFO EXCEL_CONNECTED | workbook=sample.xlsm sheet=트레이딩
2026-08-18 16:20:08 INFO LINE | mode=3 | looking_for=25-10 / BID | threshold=10000000 | raw_line=27.2.25.하나은행(민.3.295,끝.86)팔자
2026-08-18 16:20:09 INFO EXCEL_CONNECTED | workbook=sample.xlsm sheet=트레이딩
2026-08-18 16:20:09 INFO LINE | mode=3 | looking_for=25-10 / BID | threshold=10000000 | raw_line=27.7.30(금) 신한은행 (민3.671, 끝.57) -5원팔자
2026-08-18 16:20:09 INFO EXCEL_CONNECTED | workbook=sample.xlsm sheet=트레이딩
2026-08-18 16:20:09 INFO LINE | mode=3 | looking_for=25-10 / BID | threshold=10000000 | raw_line=28.6.17 산금채 [민3.834%/끝45/AAA] 팔자
2026-08-18 16:20:10 INFO EXCEL_CONNECTED | workbook=sample.xlsm sheet=트레이딩
2026-08-18 16:20:10 INFO LINE | mode=3 | looking_for=25-10 / BID | threshold=10000000 | raw_line=26-5 84 845 세트 사자 40억
2026-08-18 16:20:11 INFO EXCEL_CONNECTED | workbook=sample.xlsm sheet=트레이딩
2026-08-18 16:20:11 INFO LINE | mode=3 | looking_for=25-10 / BID | threshold=10000000 | raw_line=26-2 755 사자 20억
2026-08-18 16:20:11 INFO LINE | mode=3 | looking_for=25-10 / BID | threshold=10000000 | raw_line=26-2 755+ 10
2026-08-18 16:20:11 INFO LINE | mode=3 | looking_for=25-10 / BID | threshold=10000000 | raw_line=26-1 호가 있으실까요?
2026-08-18 16:20:11 INFO LINE | mode=3 | looking_for=25-10 / BID | threshold=10000000 | raw_line=26-6  매도 호가 있으실까요?
2026-08-18 16:20:11 INFO LINE | mode=3 | looking_for=25-10 / BID | threshold=10000000 | raw_line=26-6  375  38 사자  10
2026-08-18 16:20:11 INFO LINE | mode=3 | looking_for=25-10 / BID | threshold=10000000 | raw_line=26-2 755+ 10 추가
2026-08-18 16:20:11 INFO LINE | mode=3 | looking_for=25-10 / BID | threshold=10000000 | raw_line=국고 23-10 10억 사자관심
2026-08-18 16:20:12 INFO EXCEL_CONNECTED | workbook=sample.xlsm sheet=트레이딩
2026-08-18 16:20:12 INFO LINE | mode=3 | looking_for=25-10 / BID | threshold=10000000 | raw_line=삼통 매도호가 있으실까요?
2026-08-18 16:20:13 INFO EXCEL_CONNECTED | workbook=sample.xlsm sheet=트레이딩
2026-08-18 16:20:13 INFO LINE | mode=3 | looking_for=25-10 / BID | threshold=10000000 | raw_line=26-3 11+ 10억
2026-08-18 16:20:13 INFO LINE | mode=3 | looking_for=25-10 / BID | threshold=10000000 | raw_line=통당 75+
2026-08-18 16:20:13 INFO LINE | mode=3 | looking_for=25-10 / BID | threshold=10000000 | raw_line=삼통 89+
2026-08-18 16:20:13 INFO LINE | mode=3 | looking_for=25-10 / BID | threshold=10000000 | raw_line=통안채 0.8 당팔
2026-08-18 16:20:13 INFO LINE | mode=3 | looking_for=25-10 / BID | threshold=10000000 | raw_line=삼통 89+
2026-08-18 16:20:13 INFO LINE | mode=3 | looking_for=25-10 / BID | threshold=10000000 | raw_line=통당 75+
2026-08-18 16:20:13 INFO LINE | mode=3 | looking_for=25-10 / BID | threshold=10000000 | raw_line=삼통 89+ 동
2026-08-18 16:20:13 INFO LINE | mode=3 | looking_for=25-10 / BID | threshold=10000000 | raw_line=27.12.7 케이비캐(사) (민 4.061 끝전7) 팔자 오바3 동
2026-08-18 16:20:13 INFO EXCEL_CONNECTED | workbook=sample.xlsm sheet=트레이딩
2026-08-18 16:20:14 INFO LINE | mode=3 | looking_for=25-10 / BID | threshold=10000000 | raw_line=26-3 11+ 자투리
2026-08-18 16:20:14 INFO LINE | mode=3 | looking_for=25-10 / BID | threshold=10000000 | raw_line=26-2 755 사자 20억
2026-08-18 16:20:14 INFO LINE | mode=3 | looking_for=25-10 / BID | threshold=10000000 | raw_line=26-2 755+ 10
2026-08-18 16:20:14 INFO LINE | mode=3 | looking_for=25-10 / BID | threshold=10000000 | raw_line=26-1 호가 있으실까요?
2026-08-18 16:20:14 INFO LINE | mode=3 | looking_for=25-10 / BID | threshold=10000000 | raw_line=26-6  매도 호가 있으실까요?
2026-08-18 16:20:14 INFO LINE | mode=3 | looking_for=25-10 / BID | threshold=10000000 | raw_line=26-6  375  38 사자  10
2026-08-18 16:20:14 INFO LINE | mode=3 | looking_for=25-10 / BID | threshold=10000000 | raw_line=26-2 755+ 10 추가
2026-08-18 16:20:14 INFO EXCEL_CONNECTED | workbook=sample.xlsm sheet=트레이딩
2026-08-18 16:20:14 INFO LINE | mode=3 | looking_for=25-10 / BID | threshold=10000000 | raw_line=26-3 105 11- 20억
2026-08-18 16:20:14 INFO LINE | mode=3 | looking_for=25-10 / BID | threshold=10000000 | raw_line=26.11.14(토) 국은채(FB3)(민3.046%, 끝.98) -2원 팔자(3.173%) 200억
2026-08-18 16:20:15 INFO EXCEL_CONNECTED | workbook=sample.xlsm sheet=트레이딩
2026-08-18 16:20:15 INFO LINE | mode=3 | looking_for=25-10 / BID | threshold=10000000 | raw_line=26-2 75 755- 20
2026-08-18 16:20:16 INFO EXCEL_CONNECTED | workbook=sample.xlsm sheet=트레이딩
2026-08-18 16:20:16 INFO LINE | mode=3 | looking_for=25-10 / BID | threshold=10000000 | raw_line=26-6 375 38+ 20억
2026-08-18 16:20:16 INFO LINE | mode=3 | looking_for=25-10 / BID | threshold=10000000 | raw_line=26-2 75 755- 20
2026-08-18 16:20:16 INFO LINE | mode=3 | looking_for=25-10 / BID | threshold=10000000 | raw_line=26-3 11+ 자투리
2026-08-18 16:20:16 INFO LINE | mode=3 | looking_for=25-10 / BID | threshold=10000000 | raw_line=26-2 755 사자 20억
2026-08-18 16:20:16 INFO LINE | mode=3 | looking_for=25-10 / BID | threshold=10000000 | raw_line=26-2 755+ 10
2026-08-18 16:20:16 INFO LINE | mode=3 | looking_for=25-10 / BID | threshold=10000000 | raw_line=26-1 호가 있으실까요?
2026-08-18 16:20:16 INFO LINE | mode=3 | looking_for=25-10 / BID | threshold=10000000 | raw_line=26-6  매도 호가 있으실까요?
2026-08-18 16:20:17 INFO EXCEL_CONNECTED | workbook=sample.xlsm sheet=트레이딩
2026-08-18 16:20:17 INFO LINE | mode=3 | looking_for=25-10 / BID | threshold=10000000 | raw_line=26-3 11+ 30억
2026-08-18 16:20:17 INFO LINE | mode=3 | looking_for=25-10 / BID | threshold=10000000 | raw_line=26-2 755 사자 20억
2026-08-18 16:20:17 INFO LINE | mode=3 | looking_for=25-10 / BID | threshold=10000000 | raw_line=26-2 755+ 10
2026-08-18 16:20:17 INFO LINE | mode=3 | looking_for=25-10 / BID | threshold=10000000 | raw_line=통당 75+
2026-08-18 16:20:18 INFO EXCEL_CONNECTED | workbook=sample.xlsm sheet=트레이딩
2026-08-18 16:20:18 INFO LINE | mode=3 | looking_for=25-10 / BID | threshold=10000000 | raw_line=26-2 755+ 10
2026-08-18 16:20:18 INFO LINE | mode=3 | looking_for=25-10 / BID | threshold=10000000 | raw_line=26-6 375- 10
2026-08-18 16:20:18 INFO LINE | mode=3 | looking_for=25-10 / BID | threshold=10000000 | raw_line=통안채 0.8 당팔
2026-08-18 16:20:18 INFO LINE | mode=3 | looking_for=25-10 / BID | threshold=10000000 | raw_line=삼통 89+
2026-08-18 16:20:18 INFO LINE | mode=3 | looking_for=25-10 / BID | threshold=10000000 | raw_line=통당 매도있나요?
2026-08-18 16:20:18 INFO LINE | mode=3 | looking_for=25-10 / BID | threshold=10000000 | raw_line=통당 75+
2026-08-18 16:20:18 INFO LINE | mode=3 | looking_for=25-10 / BID | threshold=10000000 | raw_line=삼통 89+
2026-08-18 16:20:18 INFO LINE | mode=3 | looking_for=25-10 / BID | threshold=10000000 | raw_line=28.5.8(월)해외인프라도시개발(민3.940%/끝.29원/AAA)오버5팔자 3.990%
2026-08-18 16:20:18 INFO EXCEL_CONNECTED | workbook=sample.xlsm sheet=트레이딩
2026-08-18 16:20:18 INFO LINE | mode=3 | looking_for=25-10 / BID | threshold=10000000 | raw_line=26-3 105 11- 20억
2026-08-18 16:20:18 INFO LINE | mode=3 | looking_for=25-10 / BID | threshold=10000000 | raw_line=25-10  755+  100
2026-08-18 16:20:18 INFO LINE | mode=3 | looking_for=25-10 / BID | threshold=10000000 | raw_line=26-5 84 845+ 50
2026-08-18 16:20:18 INFO LINE | mode=3 | looking_for=25-10 / BID | threshold=10000000 | raw_line=26-6 375- 10
2026-08-18 16:20:18 INFO LINE | mode=3 | looking_for=25-10 / BID | threshold=10000000 | raw_line=26-3 105 11-
2026-08-18 16:20:18 INFO LINE | mode=3 | looking_for=25-10 / BID | threshold=10000000 | raw_line=26-6 375 38+ 20억
2026-08-18 16:20:18 INFO LINE | mode=3 | looking_for=25-10 / BID | threshold=10000000 | raw_line=26-2 75 755- 20
2026-08-18 16:20:18 INFO LINE | mode=3 | looking_for=25-10 / BID | threshold=10000000 | raw_line=통당 75+
2026-08-18 16:20:18 INFO LINE | mode=3 | looking_for=25-10 / BID | threshold=10000000 | raw_line=27.7.18 평택도시공사(녹)(~F75) -6원 팔자(민평 3.79 쩜53, 일)
2026-08-18 16:20:18 INFO QUOTE_FOUND | 25-10 | raw_token=755+ | 3.755 | BUY | row=41 | raw_line=25-10  755+  100
2026-08-18 16:20:18 INFO EXCEL_CONNECTED | workbook=sample.xlsm sheet=트레이딩
2026-08-18 16:20:19 INFO EXCEL_WRITE | D41=3.755
2026-08-18 16:20:19 INFO PNL | F44=6317674.560558235
2026-08-18 16:20:19 INFO EXCEL_CONNECTED | workbook=sample.xlsm sheet=트레이딩
2026-08-18 16:20:19 INFO TRIGGERED
2026-08-18 16:20:19 INFO MESSAGE_SENT | title=메모장
2026-08-18 16:20:19 INFO SENT
2026-08-18 16:20:19 INFO EXCEL_CONNECTED | workbook=sample.xlsm sheet=트레이딩
2026-08-18 16:20:20 INFO EXCEL_CONNECTED | workbook=sample.xlsm sheet=트레이딩
2026-08-18 16:20:20 INFO WATCHING
2026-08-18 16:20:21 INFO EXCEL_CONNECTED | workbook=sample.xlsm sheet=트레이딩
2026-08-18 16:20:21 INFO LINE | mode=3 | looking_for=25-10 / BID | threshold=10000000 | raw_line=25-10  755+
2026-08-18 16:20:21 INFO LINE | mode=3 | looking_for=25-10 / BID | threshold=10000000 | raw_line=27.1.25(월)중금(민3.233%/끝.54원)-3원팔자 3.316% 동통
2026-08-18 16:20:21 INFO LINE | mode=3 | looking_for=25-10 / BID | threshold=10000000 | raw_line=29.4.23 KB지주 (민 4.212 월) 팔자
2026-08-18 16:20:21 INFO QUOTE_FOUND | 25-10 | raw_token=755+ | 3.755 | BUY | row=41 | raw_line=25-10  755+
2026-08-18 16:20:21 INFO EXCEL_CONNECTED | workbook=sample.xlsm sheet=트레이딩
2026-08-18 16:20:21 INFO EXCEL_WRITE | D41=3.755
2026-08-18 16:20:21 INFO PNL | F44=6317674.560558235
2026-08-18 16:20:21 INFO EXCEL_CONNECTED | workbook=sample.xlsm sheet=트레이딩
2026-08-18 16:20:21 INFO TRIGGERED
2026-08-18 16:20:21 INFO MESSAGE_SENT | title=메모장
2026-08-18 16:20:21 INFO SENT
2026-08-18 16:20:21 INFO EXCEL_CONNECTED | workbook=sample.xlsm sheet=트레이딩
2026-08-18 16:20:22 INFO EXCEL_CONNECTED | workbook=sample.xlsm sheet=트레이딩
2026-08-18 16:20:22 INFO WATCHING
2026-08-18 16:20:23 INFO EXCEL_CONNECTED | workbook=sample.xlsm sheet=트레이딩
2026-08-18 16:20:23 INFO LINE | mode=3 | looking_for=25-10 / BID | threshold=10000000 | raw_line=26-6 375 38+ 30억
2026-08-18 16:20:23 INFO LINE | mode=3 | looking_for=25-10 / BID | threshold=10000000 | raw_line=27.10.16 신한채(민 3.735,끝전.06,~FA4) -5원 팔자
2026-08-18 16:20:23 INFO EXCEL_CONNECTED | workbook=sample.xlsm sheet=트레이딩
2026-08-18 16:20:23 INFO LINE | mode=3 | looking_for=25-10 / BID | threshold=10000000 | raw_line=26-5 84- 50억
2026-08-18 16:20:23 INFO LINE | mode=3 | looking_for=25-10 / BID | threshold=10000000 | raw_line=26-3 11+ 10억
2026-08-18 16:20:23 INFO LINE | mode=3 | looking_for=25-10 / BID | threshold=10000000 | raw_line=26-3 105 11- 20억
2026-08-18 16:20:23 INFO LINE | mode=3 | looking_for=25-10 / BID | threshold=10000000 | raw_line=25-10  755+  100
2026-08-18 16:20:23 INFO LINE | mode=3 | looking_for=25-10 / BID | threshold=10000000 | raw_line=26-5 84 845+ 50
2026-08-18 16:20:23 INFO LINE | mode=3 | looking_for=25-10 / BID | threshold=10000000 | raw_line=26-6 375- 10
2026-08-18 16:20:23 INFO LINE | mode=3 | looking_for=25-10 / BID | threshold=10000000 | raw_line=26-3 105 11-
2026-08-18 16:20:23 INFO QUOTE_FOUND | 25-10 | raw_token=755+ | 3.755 | BUY | row=41 | raw_line=25-10  755+  100
2026-08-18 16:20:23 INFO EXCEL_CONNECTED | workbook=sample.xlsm sheet=트레이딩
2026-08-18 16:20:24 INFO EXCEL_WRITE | D41=3.755
2026-08-18 16:20:24 INFO PNL | F44=6317674.560558235
2026-08-18 16:20:24 INFO EXCEL_CONNECTED | workbook=sample.xlsm sheet=트레이딩
2026-08-18 16:20:24 INFO TRIGGERED
2026-08-18 16:20:24 INFO MESSAGE_SENT | title=메모장
2026-08-18 16:20:24 INFO SENT
2026-08-18 16:20:24 INFO EXCEL_CONNECTED | workbook=sample.xlsm sheet=트레이딩
2026-08-18 16:20:25 INFO EXCEL_CONNECTED | workbook=sample.xlsm sheet=트레이딩
2026-08-18 16:20:25 INFO WATCHING
2026-08-18 16:20:26 INFO EXCEL_CONNECTED | workbook=sample.xlsm sheet=트레이딩
2026-08-18 16:20:26 INFO LINE | mode=3 | looking_for=25-10 / BID | threshold=10000000 | raw_line=2026.08.18 / 16:20
2026-08-18 16:20:26 INFO LINE | mode=3 | looking_for=25-10 / BID | threshold=10000000 | raw_line=27.11.27 농어촌공사 (민 3.773/.94) -8원 팔자
2026-08-18 16:20:26 INFO LINE | mode=3 | looking_for=25-10 / BID | threshold=10000000 | raw_line=27.1.30(토) 신한금융지주162-1(민3.453, 끝.55, AAA) 팔자
2026-08-18 16:20:29 INFO EXCEL_CONNECTED | workbook=sample.xlsm sheet=트레이딩
2026-08-18 16:20:29 INFO LINE | mode=3 | looking_for=25-10 / BID | threshold=10000000 | raw_line=삼통 88-
2026-08-18 16:20:29 INFO LINE | mode=3 | looking_for=25-10 / BID | threshold=10000000 | raw_line=27.7.30(금) 신한은행 (민3.671, 끝.57) -5원팔자
2026-08-18 16:20:29 INFO EXCEL_CONNECTED | workbook=sample.xlsm sheet=트레이딩
2026-08-18 16:20:30 INFO LINE | mode=3 | looking_for=25-10 / BID | threshold=10000000 | raw_line=삼통 89+
2026-08-18 16:20:30 INFO LINE | mode=3 | looking_for=25-10 / BID | threshold=10000000 | raw_line=통당 매도있나요?
2026-08-18 16:20:30 INFO LINE | mode=3 | looking_for=25-10 / BID | threshold=10000000 | raw_line=통당 75+
2026-08-18 16:20:30 INFO LINE | mode=3 | looking_for=25-10 / BID | threshold=10000000 | raw_line=삼통 89+
2026-08-18 16:20:30 INFO LINE | mode=3 | looking_for=25-10 / BID | threshold=10000000 | raw_line=통안채 0.8 당팔
2026-08-18 16:20:30 INFO LINE | mode=3 | looking_for=25-10 / BID | threshold=10000000 | raw_line=삼통 89+
2026-08-18 16:20:30 INFO EXCEL_CONNECTED | workbook=sample.xlsm sheet=트레이딩
2026-08-18 16:20:30 INFO LINE | mode=3 | looking_for=25-10 / BID | threshold=10000000 | raw_line=26-6 375 38+
2026-08-18 16:20:33 INFO EXCEL_CONNECTED | workbook=sample.xlsm sheet=트레이딩
2026-08-18 16:20:33 INFO LINE | mode=3 | looking_for=25-10 / BID | threshold=10000000 | raw_line=26-3 11+ 자투리
2026-08-18 16:20:34 INFO EXCEL_CONNECTED | workbook=sample.xlsm sheet=트레이딩
2026-08-18 16:20:34 INFO LINE | mode=3 | looking_for=25-10 / BID | threshold=10000000 | raw_line=26-3  11 사자  30
2026-08-18 16:20:34 INFO LINE | mode=3 | looking_for=25-10 / BID | threshold=10000000 | raw_line=25-4 0.75 당사
2026-08-18 16:20:34 INFO LINE | mode=3 | looking_for=25-10 / BID | threshold=10000000 | raw_line=26-5 84- 50억
2026-08-18 16:20:34 INFO LINE | mode=3 | looking_for=25-10 / BID | threshold=10000000 | raw_line=26-3 11+ 10억
2026-08-18 16:20:34 INFO LINE | mode=3 | looking_for=25-10 / BID | threshold=10000000 | raw_line=26-3 105 11- 20억
2026-08-18 16:20:34 INFO LINE | mode=3 | looking_for=25-10 / BID | threshold=10000000 | raw_line=25-10  755+  100
2026-08-18 16:20:34 INFO LINE | mode=3 | looking_for=25-10 / BID | threshold=10000000 | raw_line=26-5 84 845+ 50
2026-08-18 16:20:34 INFO QUOTE_FOUND | 25-10 | raw_token=755+ | 3.755 | BUY | row=41 | raw_line=25-10  755+  100
2026-08-18 16:20:34 INFO EXCEL_CONNECTED | workbook=sample.xlsm sheet=트레이딩
2026-08-18 16:20:34 INFO EXCEL_WRITE | D41=3.755
2026-08-18 16:20:34 INFO PNL | F44=6317674.560558235
2026-08-18 16:20:34 INFO EXCEL_CONNECTED | workbook=sample.xlsm sheet=트레이딩
2026-08-18 16:20:34 INFO TRIGGERED
2026-08-18 16:20:35 INFO MESSAGE_SENT | title=메모장
2026-08-18 16:20:35 INFO SENT
2026-08-18 16:20:35 INFO EXCEL_CONNECTED | workbook=sample.xlsm sheet=트레이딩
2026-08-18 16:20:35 INFO EXCEL_CONNECTED | workbook=sample.xlsm sheet=트레이딩
2026-08-18 16:20:35 INFO WATCHING
2026-08-18 16:20:36 INFO EXCEL_CONNECTED | workbook=sample.xlsm sheet=트레이딩
2026-08-18 16:20:36 INFO LINE | mode=3 | looking_for=25-10 / BID | threshold=10000000 | raw_line=26-5 84 845 세트 사자 30억
2026-08-18 16:20:36 INFO LINE | mode=3 | looking_for=25-10 / BID | threshold=10000000 | raw_line=26-2 75 755- 20
2026-08-18 16:20:37 INFO EXCEL_CONNECTED | workbook=sample.xlsm sheet=트레이딩
2026-08-18 16:20:37 INFO LINE | mode=3 | looking_for=25-10 / BID | threshold=10000000 | raw_line=26-2 755 사자 20억
2026-08-18 16:20:37 INFO LINE | mode=3 | looking_for=25-10 / BID | threshold=10000000 | raw_line=26-2 755+ 10
2026-08-18 16:20:37 INFO LINE | mode=3 | looking_for=25-10 / BID | threshold=10000000 | raw_line=통당 매도있나요?
2026-08-18 16:20:37 INFO EXCEL_CONNECTED | workbook=sample.xlsm sheet=트레이딩
2026-08-18 16:20:37 INFO LINE | mode=3 | looking_for=25-10 / BID | threshold=10000000 | raw_line=26-3 11+ 10억
2026-08-18 16:20:37 INFO LINE | mode=3 | looking_for=25-10 / BID | threshold=10000000 | raw_line=26-3 105 11-
2026-08-18 16:20:37 INFO LINE | mode=3 | looking_for=25-10 / BID | threshold=10000000 | raw_line=26-3 105 11- 20억
2026-08-18 16:20:37 INFO LINE | mode=3 | looking_for=25-10 / BID | threshold=10000000 | raw_line=26-3 11+ 10억
2026-08-18 16:20:37 INFO LINE | mode=3 | looking_for=25-10 / BID | threshold=10000000 | raw_line=26-5 84 845 세트 사자 40억
2026-08-18 16:20:37 INFO LINE | mode=3 | looking_for=25-10 / BID | threshold=10000000 | raw_line=국고 23-10 10억 사자관심
2026-08-18 16:20:37 INFO LINE | mode=3 | looking_for=25-10 / BID | threshold=10000000 | raw_line=26-3  11 사자  30
2026-08-18 16:20:37 INFO LINE | mode=3 | looking_for=25-10 / BID | threshold=10000000 | raw_line=25-4 0.75 당사
2026-08-18 16:20:37 INFO LINE | mode=3 | looking_for=25-10 / BID | threshold=10000000 | raw_line=26-5 84- 50억
2026-08-18 16:20:37 INFO LINE | mode=3 | looking_for=25-10 / BID | threshold=10000000 | raw_line=통안채 0.8 당팔
2026-08-18 16:20:37 INFO LINE | mode=3 | looking_for=25-10 / BID | threshold=10000000 | raw_line=삼통 89+
2026-08-18 16:20:37 INFO LINE | mode=3 | looking_for=25-10 / BID | threshold=10000000 | raw_line=통당 매도있나요?
2026-08-18 16:20:37 INFO LINE | mode=3 | looking_for=25-10 / BID | threshold=10000000 | raw_line=통당 75+
2026-08-18 16:20:37 INFO LINE | mode=3 | looking_for=25-10 / BID | threshold=10000000 | raw_line=삼통 89+
2026-08-18 16:20:37 INFO LINE | mode=3 | looking_for=25-10 / BID | threshold=10000000 | raw_line=통안채 0.8 당팔
2026-08-18 16:20:41 INFO EXCEL_CONNECTED | workbook=sample.xlsm sheet=트레이딩
2026-08-18 16:20:41 INFO LINE | mode=3 | looking_for=25-10 / BID | threshold=10000000 | raw_line=26-3 105 11- 20억
2026-08-18 16:20:41 INFO LINE | mode=3 | looking_for=25-10 / BID | threshold=10000000 | raw_line=20-9 095+
2026-08-18 16:20:42 INFO EXCEL_CONNECTED | workbook=sample.xlsm sheet=트레이딩
2026-08-18 16:20:42 INFO LINE | mode=3 | looking_for=25-10 / BID | threshold=10000000 | raw_line=26-3  105  11 사자  30
2026-08-18 16:20:43 INFO EXCEL_CONNECTED | workbook=sample.xlsm sheet=트레이딩
2026-08-18 16:20:43 INFO LINE | mode=3 | looking_for=25-10 / BID | threshold=10000000 | raw_line=25-11 0.8원 당팔 100억
2026-08-18 16:20:43 INFO LINE | mode=3 | looking_for=25-10 / BID | threshold=10000000 | raw_line=27.7.21.농금채은행(민.3.668,끝.78)팔자 ~ -3원 3.709% 관심 있으신 분 없으신가요?
2026-08-18 16:20:43 INFO EXCEL_CONNECTED | workbook=sample.xlsm sheet=트레이딩
2026-08-18 16:20:43 INFO LINE | mode=3 | looking_for=25-10 / BID | threshold=10000000 | raw_line=26-3 11+ 30억
2026-08-18 16:20:43 INFO LINE | mode=3 | looking_for=25-10 / BID | threshold=10000000 | raw_line=26-2 755 사자 20억
2026-08-18 16:20:43 INFO LINE | mode=3 | looking_for=25-10 / BID | threshold=10000000 | raw_line=26-2 755+ 10
2026-08-18 16:20:43 INFO LINE | mode=3 | looking_for=25-10 / BID | threshold=10000000 | raw_line=26-2 75 755- 20
2026-08-18 16:20:43 INFO LINE | mode=3 | looking_for=25-10 / BID | threshold=10000000 | raw_line=26-3 105 11- 20억
2026-08-18 16:20:43 INFO LINE | mode=3 | looking_for=25-10 / BID | threshold=10000000 | raw_line=26-3 11+ 10억
2026-08-18 16:20:43 INFO LINE | mode=3 | looking_for=25-10 / BID | threshold=10000000 | raw_line=26-5 84 845 세트 사자 40억
2026-08-18 16:20:43 INFO LINE | mode=3 | looking_for=25-10 / BID | threshold=10000000 | raw_line=28.6.17 산금채 [민3.834%/끝45/AAA] 팔자
2026-08-18 16:20:44 INFO EXCEL_CONNECTED | workbook=sample.xlsm sheet=트레이딩
2026-08-18 16:20:44 INFO LINE | mode=3 | looking_for=25-10 / BID | threshold=10000000 | raw_line=26-5 84 845 세트 사자 40억
2026-08-18 16:20:46 INFO EXCEL_CONNECTED | workbook=sample.xlsm sheet=트레이딩
2026-08-18 16:20:46 INFO LINE | mode=3 | looking_for=25-10 / BID | threshold=10000000 | raw_line=20억
2026-08-18 16:20:46 INFO LINE | mode=3 | looking_for=25-10 / BID | threshold=10000000 | raw_line=20억
2026-08-18 16:20:46 INFO LINE | mode=3 | looking_for=25-10 / BID | threshold=10000000 | raw_line=ㅎㅈ
2026-08-18 16:20:46 INFO LINE | mode=3 | looking_for=25-10 / BID | threshold=10000000 | raw_line=ㅎㅈ
2026-08-18 16:20:47 INFO EXCEL_CONNECTED | workbook=sample.xlsm sheet=트레이딩
2026-08-18 16:20:47 INFO LINE | mode=3 | looking_for=25-10 / BID | threshold=10000000 | raw_line=26-2 75 755- 20
2026-08-18 16:20:47 INFO LINE | mode=3 | looking_for=25-10 / BID | threshold=10000000 | raw_line=26-3 105 11- 20억
2026-08-18 16:20:47 INFO LINE | mode=3 | looking_for=25-10 / BID | threshold=10000000 | raw_line='ㅎㅈ
2026-08-18 16:20:47 INFO LINE | mode=3 | looking_for=25-10 / BID | threshold=10000000 | raw_line='ㅎㅈ
2026-08-18 16:20:47 INFO LINE | mode=3 | looking_for=25-10 / BID | threshold=10000000 | raw_line=84 845+
2026-08-18 16:20:47 INFO LINE | mode=3 | looking_for=25-10 / BID | threshold=10000000 | raw_line=84 845+
2026-08-18 16:20:47 INFO LINE | mode=3 | looking_for=25-10 / BID | threshold=10000000 | raw_line=ㅎㅈ
2026-08-18 16:20:47 INFO EXCEL_CONNECTED | workbook=sample.xlsm sheet=트레이딩
2026-08-18 16:20:48 INFO LINE | mode=3 | looking_for=25-10 / BID | threshold=10000000 | raw_line=25-10  755+
2026-08-18 16:20:48 INFO LINE | mode=3 | looking_for=25-10 / BID | threshold=10000000 | raw_line=26-2 755+ 10
2026-08-18 16:20:48 INFO LINE | mode=3 | looking_for=25-10 / BID | threshold=10000000 | raw_line=26-6 375- 10
2026-08-18 16:20:48 INFO LINE | mode=3 | looking_for=25-10 / BID | threshold=10000000 | raw_line=26-3 11+ 30억
2026-08-18 16:20:48 INFO LINE | mode=3 | looking_for=25-10 / BID | threshold=10000000 | raw_line=26-2 755 사자 20억
2026-08-18 16:20:48 INFO LINE | mode=3 | looking_for=25-10 / BID | threshold=10000000 | raw_line=26-2 755+ 10
2026-08-18 16:20:48 INFO LINE | mode=3 | looking_for=25-10 / BID | threshold=10000000 | raw_line=26-2 75 755- 20
2026-08-18 16:20:48 INFO QUOTE_FOUND | 25-10 | raw_token=755+ | 3.755 | BUY | row=41 | raw_line=25-10  755+
2026-08-18 16:20:48 INFO EXCEL_CONNECTED | workbook=sample.xlsm sheet=트레이딩
2026-08-18 16:20:48 INFO EXCEL_WRITE | D41=3.755
2026-08-18 16:20:48 INFO PNL | F44=6317674.560558235
2026-08-18 16:20:48 INFO EXCEL_CONNECTED | workbook=sample.xlsm sheet=트레이딩
2026-08-18 16:20:48 INFO TRIGGERED
2026-08-18 16:20:48 INFO MESSAGE_SENT | title=메모장
2026-08-18 16:20:48 INFO SENT
2026-08-18 16:20:48 INFO EXCEL_CONNECTED | workbook=sample.xlsm sheet=트레이딩
2026-08-18 16:20:49 INFO EXCEL_CONNECTED | workbook=sample.xlsm sheet=트레이딩
2026-08-18 16:20:49 INFO WATCHING
2026-08-18 16:20:50 INFO EXCEL_CONNECTED | workbook=sample.xlsm sheet=트레이딩
2026-08-18 16:20:50 INFO LINE | mode=3 | looking_for=25-10 / BID | threshold=10000000 | raw_line=26-6 375 38+ 20억
2026-08-18 16:20:50 INFO LINE | mode=3 | looking_for=25-10 / BID | threshold=10000000 | raw_line=통당 84-
2026-08-18 16:20:50 INFO LINE | mode=3 | looking_for=25-10 / BID | threshold=10000000 | raw_line=26.8.28(금) 중금 팔자 (민 2.930, 끝전.53) 수10 +0.85원팔자 2.80%
2026-08-18 16:20:50 INFO LINE | mode=3 | looking_for=25-10 / BID | threshold=10000000 | raw_line=ㅎㅈ
2026-08-18 16:20:50 INFO LINE | mode=3 | looking_for=25-10 / BID | threshold=10000000 | raw_line=ㅎㅈ
2026-08-18 16:20:50 INFO EXCEL_CONNECTED | workbook=sample.xlsm sheet=트레이딩
2026-08-18 16:20:51 INFO LINE | mode=3 | looking_for=25-10 / BID | threshold=10000000 | raw_line=태연상무님
2026-08-18 16:20:51 INFO LINE | mode=3 | looking_for=25-10 / BID | threshold=10000000 | raw_line=태연상무님
2026-08-18 16:20:51 INFO LINE | mode=3 | looking_for=25-10 / BID | threshold=10000000 | raw_line='ㅎㅈ
2026-08-18 16:20:51 INFO LINE | mode=3 | looking_for=25-10 / BID | threshold=10000000 | raw_line='ㅎㅈ
2026-08-18 16:20:51 INFO LINE | mode=3 | looking_for=25-10 / BID | threshold=10000000 | raw_line=84 845+
2026-08-18 16:20:52 INFO EXCEL_CONNECTED | workbook=sample.xlsm sheet=트레이딩
2026-08-18 16:20:52 INFO LINE | mode=3 | looking_for=25-10 / BID | threshold=10000000 | raw_line=감사요
2026-08-18 16:20:52 INFO LINE | mode=3 | looking_for=25-10 / BID | threshold=10000000 | raw_line=감사요
2026-08-18 16:20:52 INFO EXCEL_CONNECTED | workbook=sample.xlsm sheet=트레이딩
2026-08-18 16:20:53 INFO LINE | mode=3 | looking_for=25-10 / BID | threshold=10000000 | raw_line=ㅎㅈ
2026-08-18 16:20:53 INFO LINE | mode=3 | looking_for=25-10 / BID | threshold=10000000 | raw_line=ㅎㅈ
2026-08-18 16:20:53 INFO LINE | mode=3 | looking_for=25-10 / BID | threshold=10000000 | raw_line=태연상무님
2026-08-18 16:20:53 INFO LINE | mode=3 | looking_for=25-10 / BID | threshold=10000000 | raw_line=태연상무님
2026-08-18 16:20:53 INFO LINE | mode=3 | looking_for=25-10 / BID | threshold=10000000 | raw_line='ㅎㅈ
2026-08-18 16:20:53 INFO EXCEL_CONNECTED | workbook=sample.xlsm sheet=트레이딩
2026-08-18 16:20:53 INFO LINE | mode=3 | looking_for=25-10 / BID | threshold=10000000 | raw_line=26-5 84- 50억
2026-08-18 16:20:54 INFO EXCEL_CONNECTED | workbook=sample.xlsm sheet=트레이딩
2026-08-18 16:20:54 INFO LINE | mode=3 | looking_for=25-10 / BID | threshold=10000000 | raw_line=26-5 84 845 세트 사자 40억
2026-08-18 16:20:55 INFO EXCEL_CONNECTED | workbook=sample.xlsm sheet=트레이딩
2026-08-18 16:20:55 INFO LINE | mode=3 | looking_for=25-10 / BID | threshold=10000000 | raw_line=26-3 11+ 자투리
2026-08-18 16:20:55 INFO LINE | mode=3 | looking_for=25-10 / BID | threshold=10000000 | raw_line=26-6 375 38+
2026-08-18 16:20:55 INFO LINE | mode=3 | looking_for=25-10 / BID | threshold=10000000 | raw_line=26-6 375 38+ 30억
2026-08-18 16:20:55 INFO LINE | mode=3 | looking_for=25-10 / BID | threshold=10000000 | raw_line=25-10  755+
2026-08-18 16:20:55 INFO LINE | mode=3 | looking_for=25-10 / BID | threshold=10000000 | raw_line=26-2 755+ 10
2026-08-18 16:20:55 INFO LINE | mode=3 | looking_for=25-10 / BID | threshold=10000000 | raw_line=26-6 375- 10
2026-08-18 16:20:55 INFO LINE | mode=3 | looking_for=25-10 / BID | threshold=10000000 | raw_line=26-3 11+ 30억
2026-08-18 16:20:55 INFO LINE | mode=3 | looking_for=25-10 / BID | threshold=10000000 | raw_line=제가 20억매도 한양
2026-08-18 16:20:55 INFO LINE | mode=3 | looking_for=25-10 / BID | threshold=10000000 | raw_line=제가 20억매도 한양
2026-08-18 16:20:55 INFO QUOTE_FOUND | 25-10 | raw_token=755+ | 3.755 | BUY | row=41 | raw_line=25-10  755+
2026-08-18 16:20:55 INFO EXCEL_CONNECTED | workbook=sample.xlsm sheet=트레이딩
2026-08-18 16:20:55 INFO EXCEL_WRITE | D41=3.755
2026-08-18 16:20:55 INFO PNL | F44=6317674.560558235
2026-08-18 16:20:55 INFO EXCEL_CONNECTED | workbook=sample.xlsm sheet=트레이딩
2026-08-18 16:20:55 INFO TRIGGERED
2026-08-18 16:20:55 INFO MESSAGE_SENT | title=메모장
2026-08-18 16:20:56 INFO SENT
2026-08-18 16:20:56 INFO EXCEL_CONNECTED | workbook=sample.xlsm sheet=트레이딩
2026-08-18 16:20:56 INFO EXCEL_CONNECTED | workbook=sample.xlsm sheet=트레이딩
2026-08-18 16:20:56 INFO WATCHING
2026-08-18 16:20:57 INFO EXCEL_CONNECTED | workbook=sample.xlsm sheet=트레이딩
2026-08-18 16:20:57 INFO LINE | mode=3 | looking_for=25-10 / BID | threshold=10000000 | raw_line=26-5 84 845+ 50
2026-08-18 16:20:57 INFO LINE | mode=3 | looking_for=25-10 / BID | threshold=10000000 | raw_line=26-5  84-   자투리
2026-08-18 16:20:57 INFO LINE | mode=3 | looking_for=25-10 / BID | threshold=10000000 | raw_line=하나은행 27.9.9 (민 3.699%/.19원) -4원 3.739% 팔자
2026-08-18 16:20:57 INFO LINE | mode=3 | looking_for=25-10 / BID | threshold=10000000 | raw_line=50억
2026-08-18 16:20:57 INFO LINE | mode=3 | looking_for=25-10 / BID | threshold=10000000 | raw_line=50억
2026-08-18 16:20:57 INFO LINE | mode=3 | looking_for=25-10 / BID | threshold=10000000 | raw_line=ㅎㅈ
2026-08-18 16:20:57 INFO LINE | mode=3 | looking_for=25-10 / BID | threshold=10000000 | raw_line=ㅎㅈ
2026-08-18 16:20:57 INFO LINE | mode=3 | looking_for=25-10 / BID | threshold=10000000 | raw_line=태연상무님
2026-08-18 16:21:01 INFO EXCEL_CONNECTED | workbook=sample.xlsm sheet=트레이딩
2026-08-18 16:21:01 INFO LINE | mode=3 | looking_for=25-10 / BID | threshold=10000000 | raw_line=26-1 67+ 10
2026-08-18 16:21:01 INFO LINE | mode=3 | looking_for=25-10 / BID | threshold=10000000 | raw_line=27.2.25.하나은행(민.3.295,끝.86)팔자
2026-08-18 16:21:01 INFO LINE | mode=3 | looking_for=25-10 / BID | threshold=10000000 | raw_line=태연상무님
2026-08-18 16:21:03 INFO EXCEL_CONNECTED | workbook=sample.xlsm sheet=트레이딩
2026-08-18 16:21:03 INFO LINE | mode=3 | looking_for=25-10 / BID | threshold=10000000 | raw_line=한국서부발전70-2(30.7.16 화, 민 4.378,끝전17 AAA)      발전사/유사 크래딧 교체가능
2026-08-18 16:21:04 INFO EXCEL_CONNECTED | workbook=sample.xlsm sheet=트레이딩
2026-08-18 16:21:04 INFO LINE | mode=3 | looking_for=25-10 / BID | threshold=10000000 | raw_line=통당 74-
2026-08-18 16:21:05 INFO EXCEL_CONNECTED | workbook=sample.xlsm sheet=트레이딩
2026-08-18 16:21:05 INFO LINE | mode=3 | looking_for=25-10 / BID | threshold=10000000 | raw_line=구삼통 0.8원 당팔
2026-08-18 16:21:05 INFO LINE | mode=3 | looking_for=25-10 / BID | threshold=10000000 | raw_line=통당 75+
2026-08-18 16:21:05 INFO LINE | mode=3 | looking_for=25-10 / BID | threshold=10000000 | raw_line=통안채 0.8 당팔
2026-08-18 16:21:05 INFO LINE | mode=3 | looking_for=25-10 / BID | threshold=10000000 | raw_line=삼통 89+
2026-08-18 16:21:05 INFO LINE | mode=3 | looking_for=25-10 / BID | threshold=10000000 | raw_line=통당 매도있나요?
2026-08-18 16:21:05 INFO LINE | mode=3 | looking_for=25-10 / BID | threshold=10000000 | raw_line=통당 75+
2026-08-18 16:21:05 INFO EXCEL_CONNECTED | workbook=sample.xlsm sheet=트레이딩
2026-08-18 16:21:05 INFO LINE | mode=3 | looking_for=25-10 / BID | threshold=10000000 | raw_line=25-4  호가 잇나요
2026-08-18 16:21:10 INFO EXCEL_CONNECTED | workbook=sample.xlsm sheet=트레이딩
2026-08-18 16:21:10 INFO LINE | mode=3 | looking_for=25-10 / BID | threshold=10000000 | raw_line=26.11.6(금)SK렌터카58-1(민3.414%/끝.45원/A0)팔자
2026-08-18 16:21:12 INFO EXCEL_CONNECTED | workbook=sample.xlsm sheet=트레이딩
2026-08-18 16:21:12 INFO LINE | mode=3 | looking_for=25-10 / BID | threshold=10000000 | raw_line=26-3 11+ 10억
2026-08-18 16:21:12 INFO LINE | mode=3 | looking_for=25-10 / BID | threshold=10000000 | raw_line=27.9.12(일) 서교공(민 3.748, .31) -3원 팔자~3.78%
2026-08-18 16:21:13 INFO EXCEL_CONNECTED | workbook=sample.xlsm sheet=트레이딩
2026-08-18 16:21:13 INFO LINE | mode=3 | looking_for=25-10 / BID | threshold=10000000 | raw_line=26-6 375 38+ 20억
2026-08-18 16:21:13 INFO LINE | mode=3 | looking_for=25-10 / BID | threshold=10000000 | raw_line=26-3 11+ 30억
2026-08-18 16:21:13 INFO LINE | mode=3 | looking_for=25-10 / BID | threshold=10000000 | raw_line=27.9.12(일) 서교공(민 3.748, .31) -3원 팔자~3.78%
2026-08-18 16:21:14 INFO EXCEL_CONNECTED | workbook=sample.xlsm sheet=트레이딩
2026-08-18 16:21:14 INFO LINE | mode=3 | looking_for=25-10 / BID | threshold=10000000 | raw_line=26-3  105  11 사자  30
2026-08-18 16:21:14 INFO LINE | mode=3 | looking_for=25-10 / BID | threshold=10000000 | raw_line=26-3 105 11- 20억
2026-08-18 16:21:14 INFO LINE | mode=3 | looking_for=25-10 / BID | threshold=10000000 | raw_line=20-9 095+
2026-08-18 16:21:14 INFO LINE | mode=3 | looking_for=25-10 / BID | threshold=10000000 | raw_line=26-3 11+ 10억
2026-08-18 16:21:14 INFO LINE | mode=3 | looking_for=25-10 / BID | threshold=10000000 | raw_line=26-3 105 11-
2026-08-18 16:21:14 INFO LINE | mode=3 | looking_for=25-10 / BID | threshold=10000000 | raw_line=26-5 84 845 세트 사자 30억
2026-08-18 16:21:14 INFO LINE | mode=3 | looking_for=25-10 / BID | threshold=10000000 | raw_line=26-2 75 755- 20
2026-08-18 16:21:14 INFO LINE | mode=3 | looking_for=25-10 / BID | threshold=10000000 | raw_line=29.2.19(월) 한국철도공사 (민4.032 .61) +4bp
2026-08-18 16:21:17 INFO EXCEL_CONNECTED | workbook=sample.xlsm sheet=트레이딩
2026-08-18 16:21:17 INFO LINE | mode=3 | looking_for=25-10 / BID | threshold=10000000 | raw_line=26-6 375.38+
2026-08-18 16:21:18 INFO EXCEL_CONNECTED | workbook=sample.xlsm sheet=트레이딩
2026-08-18 16:21:18 INFO LINE | mode=3 | looking_for=25-10 / BID | threshold=10000000 | raw_line=25-11 0.8원 당팔 100억
2026-08-18 16:21:18 INFO LINE | mode=3 | looking_for=25-10 / BID | threshold=10000000 | raw_line=26-3  105  11 사자  30
2026-08-18 16:21:18 INFO LINE | mode=3 | looking_for=25-10 / BID | threshold=10000000 | raw_line=26-3 105 11- 20억
2026-08-18 16:21:18 INFO LINE | mode=3 | looking_for=25-10 / BID | threshold=10000000 | raw_line=20-9 095+
2026-08-18 16:21:18 INFO LINE | mode=3 | looking_for=25-10 / BID | threshold=10000000 | raw_line=26-3 11+ 10억
2026-08-18 16:21:18 INFO LINE | mode=3 | looking_for=25-10 / BID | threshold=10000000 | raw_line=26-3 105 11-
2026-08-18 16:21:18 INFO LINE | mode=3 | looking_for=25-10 / BID | threshold=10000000 | raw_line=26-5 84 845 세트 사자 30억
2026-08-18 16:21:19 INFO EXCEL_CONNECTED | workbook=sample.xlsm sheet=트레이딩
2026-08-18 16:21:19 INFO LINE | mode=3 | looking_for=25-10 / BID | threshold=10000000 | raw_line=27.11.27(토) 농어촌공사  팔자(민3.773  .94) -8원 3.845
2026-08-18 16:21:20 INFO EXCEL_CONNECTED | workbook=sample.xlsm sheet=트레이딩
2026-08-18 16:21:20 INFO LINE | mode=3 | looking_for=25-10 / BID | threshold=10000000 | raw_line=26-3 11+ 자투리
2026-08-18 16:21:21 INFO EXCEL_CONNECTED | workbook=sample.xlsm sheet=트레이딩
2026-08-18 16:21:21 INFO LINE | mode=3 | looking_for=25-10 / BID | threshold=10000000 | raw_line=27.10.16 신한채(민 3.735,끝전.06,~FA4) -5원 팔자
2026-08-18 16:21:21 INFO EXCEL_CONNECTED | workbook=sample.xlsm sheet=트레이딩
2026-08-18 16:21:22 INFO LINE | mode=3 | looking_for=25-10 / BID | threshold=10000000 | raw_line=27.2.25.하나은행(민.3.295,끝.86)팔자
2026-08-18 16:21:22 INFO EXCEL_CONNECTED | workbook=sample.xlsm sheet=트레이딩
2026-08-18 16:21:22 INFO LINE | mode=3 | looking_for=25-10 / BID | threshold=10000000 | raw_line=25-4 66 팔고 26-5 84 845 사자
2026-08-18 16:21:22 INFO LINE | mode=3 | looking_for=25-10 / BID | threshold=10000000 | raw_line=27.1.25(월) 중금(민 3.233, .54) -3원 팔자~3.316%동
2026-08-18 16:21:23 INFO EXCEL_CONNECTED | workbook=sample.xlsm sheet=트레이딩
2026-08-18 16:21:23 INFO LINE | mode=3 | looking_for=25-10 / BID | threshold=10000000 | raw_line=26-5 84- 50억
2026-08-18 16:21:23 INFO LINE | mode=3 | looking_for=25-10 / BID | threshold=10000000 | raw_line=26-1 665+
2026-08-18 16:21:23 INFO LINE | mode=3 | looking_for=25-10 / BID | threshold=10000000 | raw_line=27.1.25(월) 중금(민 3.233, .54) -3원 팔자~3.316%동
2026-08-18 16:21:24 INFO EXCEL_CONNECTED | workbook=sample.xlsm sheet=트레이딩
2026-08-18 16:21:24 INFO LINE | mode=3 | looking_for=25-10 / BID | threshold=10000000 | raw_line=26-6 375 38+ 20억
2026-08-18 16:21:24 INFO LINE | mode=3 | looking_for=25-10 / BID | threshold=10000000 | raw_line=26-2 75 755- 20
2026-08-18 16:21:24 INFO LINE | mode=3 | looking_for=25-10 / BID | threshold=10000000 | raw_line=26-3 105 11- 20억
2026-08-18 16:21:24 INFO LINE | mode=3 | looking_for=25-10 / BID | threshold=10000000 | raw_line=26-5 84 845 세트 사자 40억
2026-08-18 16:21:24 INFO LINE | mode=3 | looking_for=25-10 / BID | threshold=10000000 | raw_line=25-11 0.8원 당팔 100억
2026-08-18 16:21:24 INFO LINE | mode=3 | looking_for=25-10 / BID | threshold=10000000 | raw_line=26-3  105  11 사자  30
2026-08-18 16:21:24 INFO LINE | mode=3 | looking_for=25-10 / BID | threshold=10000000 | raw_line=26-3 105 11- 20억
2026-08-18 16:21:24 INFO LINE | mode=3 | looking_for=25-10 / BID | threshold=10000000 | raw_line=28.6.23 중금채 [민3.836%/끝95/AAA] 팔자
2026-08-18 16:21:24 INFO EXCEL_CONNECTED | workbook=sample.xlsm sheet=트레이딩
2026-08-18 16:21:24 INFO LINE | mode=3 | looking_for=25-10 / BID | threshold=10000000 | raw_line=2026.08.18 / 16:21
2026-08-18 16:21:25 INFO EXCEL_CONNECTED | workbook=sample.xlsm sheet=트레이딩
2026-08-18 16:21:25 INFO LINE | mode=3 | looking_for=25-10 / BID | threshold=10000000 | raw_line=26-5 84 845 세트 사자 40억
2026-08-18 16:21:28 INFO EXCEL_CONNECTED | workbook=sample.xlsm sheet=트레이딩
2026-08-18 16:21:28 INFO LINE | mode=3 | looking_for=25-10 / BID | threshold=10000000 | raw_line=27.10.16 신한채 (민3.735,끝.06,~FA4) 팔자
2026-08-18 16:21:29 INFO EXCEL_CONNECTED | workbook=sample.xlsm sheet=트레이딩
2026-08-18 16:21:29 INFO LINE | mode=3 | looking_for=25-10 / BID | threshold=10000000 | raw_line=25-9 65- 10억
2026-08-18 16:21:29 INFO LINE | mode=3 | looking_for=25-10 / BID | threshold=10000000 | raw_line=26.11.7(토) 중금~GEB4 (민 3.011% / 끝 .95 / AAA) 팔자(수반)
2026-08-18 16:21:29 INFO LINE | mode=3 | looking_for=25-10 / BID | threshold=10000000 | raw_line=거래
2026-08-18 16:21:29 INFO LINE | mode=3 | looking_for=25-10 / BID | threshold=10000000 | raw_line=거래
2026-08-18 16:21:32 INFO EXCEL_CONNECTED | workbook=sample.xlsm sheet=트레이딩
2026-08-18 16:21:32 INFO LINE | mode=3 | looking_for=25-10 / BID | threshold=10000000 | raw_line=26-5 84 845+ 50
2026-08-18 16:21:33 INFO EXCEL_CONNECTED | workbook=sample.xlsm sheet=트레이딩
2026-08-18 16:21:33 INFO LINE | mode=3 | looking_for=25-10 / BID | threshold=10000000 | raw_line=26-5  84-   자투리
2026-08-18 16:21:33 INFO LINE | mode=3 | looking_for=25-10 / BID | threshold=10000000 | raw_line=26-5 84 845 세트 사자 40억
2026-08-18 16:21:33 INFO LINE | mode=3 | looking_for=25-10 / BID | threshold=10000000 | raw_line=26-5 84- 50억
2026-08-18 16:21:33 INFO LINE | mode=3 | looking_for=25-10 / BID | threshold=10000000 | raw_line=26-6 375 38+ 20억
2026-08-18 16:21:33 INFO LINE | mode=3 | looking_for=25-10 / BID | threshold=10000000 | raw_line=26-2 75 755- 20
2026-08-18 16:21:33 INFO LINE | mode=3 | looking_for=25-10 / BID | threshold=10000000 | raw_line=26-3 105 11- 20억
2026-08-18 16:21:33 INFO LINE | mode=3 | looking_for=25-10 / BID | threshold=10000000 | raw_line=26-5 84 845 세트 사자 40억
2026-08-18 16:21:36 INFO EXCEL_CONNECTED | workbook=sample.xlsm sheet=트레이딩
2026-08-18 16:21:36 INFO LINE | mode=3 | looking_for=25-10 / BID | threshold=10000000 | raw_line=ㅎㅈ
2026-08-18 16:21:43 INFO EXCEL_CONNECTED | workbook=sample.xlsm sheet=트레이딩
2026-08-18 16:21:43 INFO LINE | mode=3 | looking_for=25-10 / BID | threshold=10000000 | raw_line=26-3 11+ 10억
2026-08-18 16:21:44 INFO EXCEL_CONNECTED | workbook=sample.xlsm sheet=트레이딩
2026-08-18 16:21:44 INFO LINE | mode=3 | looking_for=25-10 / BID | threshold=10000000 | raw_line=26-5 84 845+ 50
2026-08-18 16:21:44 INFO LINE | mode=3 | looking_for=25-10 / BID | threshold=10000000 | raw_line=26-5  84-   자투리
2026-08-18 16:21:44 INFO LINE | mode=3 | looking_for=25-10 / BID | threshold=10000000 | raw_line=26-5 84 845 세트 사자 40억
2026-08-18 16:21:44 INFO LINE | mode=3 | looking_for=25-10 / BID | threshold=10000000 | raw_line=26-5 84- 50억
2026-08-18 16:21:44 INFO LINE | mode=3 | looking_for=25-10 / BID | threshold=10000000 | raw_line=26-6 375 38+ 20억
2026-08-18 16:21:44 INFO LINE | mode=3 | looking_for=25-10 / BID | threshold=10000000 | raw_line=26-2 75 755- 20
2026-08-18 16:21:44 INFO LINE | mode=3 | looking_for=25-10 / BID | threshold=10000000 | raw_line=26-3 105 11- 20억
2026-08-18 16:21:45 INFO EXCEL_CONNECTED | workbook=sample.xlsm sheet=트레이딩
2026-08-18 16:21:45 INFO LINE | mode=3 | looking_for=25-10 / BID | threshold=10000000 | raw_line=25-10  755+
2026-08-18 16:21:45 INFO QUOTE_FOUND | 25-10 | raw_token=755+ | 3.755 | BUY | row=41 | raw_line=25-10  755+
2026-08-18 16:21:45 INFO EXCEL_CONNECTED | workbook=sample.xlsm sheet=트레이딩
2026-08-18 16:21:45 INFO EXCEL_WRITE | D41=3.755
2026-08-18 16:21:45 INFO PNL | F44=6317674.560558235
2026-08-18 16:21:45 INFO EXCEL_CONNECTED | workbook=sample.xlsm sheet=트레이딩
2026-08-18 16:21:45 INFO TRIGGERED
2026-08-18 16:21:46 INFO MESSAGE_SENT | title=메모장
2026-08-18 16:21:46 INFO SENT
2026-08-18 16:21:46 INFO EXCEL_CONNECTED | workbook=sample.xlsm sheet=트레이딩
2026-08-18 16:21:46 INFO EXCEL_CONNECTED | workbook=sample.xlsm sheet=트레이딩
2026-08-18 16:21:46 INFO WATCHING
2026-08-18 16:21:47 INFO EXCEL_CONNECTED | workbook=sample.xlsm sheet=트레이딩
2026-08-18 16:21:47 INFO LINE | mode=3 | looking_for=25-10 / BID | threshold=10000000 | raw_line=26-1 67+ 10
2026-08-18 16:21:47 INFO LINE | mode=3 | looking_for=25-10 / BID | threshold=10000000 | raw_line=26-5 84 845+ 50
2026-08-18 16:21:47 INFO LINE | mode=3 | looking_for=25-10 / BID | threshold=10000000 | raw_line=26-5  84-   자투리
2026-08-18 16:21:47 INFO LINE | mode=3 | looking_for=25-10 / BID | threshold=10000000 | raw_line=26-5 84 845 세트 사자 40억
2026-08-18 16:21:47 INFO LINE | mode=3 | looking_for=25-10 / BID | threshold=10000000 | raw_line=26-5 84- 50억
2026-08-18 16:21:47 INFO LINE | mode=3 | looking_for=25-10 / BID | threshold=10000000 | raw_line=26-6 375 38+ 20억
2026-08-18 16:21:47 INFO LINE | mode=3 | looking_for=25-10 / BID | threshold=10000000 | raw_line=26-2 75 755- 20
2026-08-18 16:21:49 INFO EXCEL_CONNECTED | workbook=sample.xlsm sheet=트레이딩
2026-08-18 16:21:49 INFO LINE | mode=3 | looking_for=25-10 / BID | threshold=10000000 | raw_line=26-6 375.38+
2026-08-18 16:21:49 INFO LINE | mode=3 | looking_for=25-10 / BID | threshold=10000000 | raw_line=26-5 84- 40
2026-08-18 16:21:51 INFO EXCEL_CONNECTED | workbook=sample.xlsm sheet=트레이딩
2026-08-18 16:21:51 INFO LINE | mode=3 | looking_for=25-10 / BID | threshold=10000000 | raw_line=26-5 84 845 세트 사자 40억
2026-08-18 16:21:52 INFO EXCEL_CONNECTED | workbook=sample.xlsm sheet=트레이딩
2026-08-18 16:21:52 INFO LINE | mode=3 | looking_for=25-10 / BID | threshold=10000000 | raw_line=26-3 11+ 30억
2026-08-18 16:21:52 INFO LINE | mode=3 | looking_for=25-10 / BID | threshold=10000000 | raw_line=26-3 11+ 10억
2026-08-18 16:21:52 INFO LINE | mode=3 | looking_for=25-10 / BID | threshold=10000000 | raw_line=25-4  호가 잇나요
2026-08-18 16:21:52 INFO LINE | mode=3 | looking_for=25-10 / BID | threshold=10000000 | raw_line=26-1 67+ 10
2026-08-18 16:21:52 INFO LINE | mode=3 | looking_for=25-10 / BID | threshold=10000000 | raw_line=26-5 84 845+ 50
2026-08-18 16:21:52 INFO LINE | mode=3 | looking_for=25-10 / BID | threshold=10000000 | raw_line=26-5  84-   자투리
2026-08-18 16:21:52 INFO LINE | mode=3 | looking_for=25-10 / BID | threshold=10000000 | raw_line=26-5 84 845 세트 사자 40억
2026-08-18 16:21:53 INFO EXCEL_CONNECTED | workbook=sample.xlsm sheet=트레이딩
2026-08-18 16:21:53 INFO LINE | mode=3 | looking_for=25-10 / BID | threshold=10000000 | raw_line=26-3 +0.75원 당팔 20억
2026-08-18 16:21:56 INFO EXCEL_CONNECTED | workbook=sample.xlsm sheet=트레이딩
2026-08-18 16:21:56 INFO LINE | mode=3 | looking_for=25-10 / BID | threshold=10000000 | raw_line=국통 0.8원 당팔 100억
2026-08-18 16:21:56 INFO EXCEL_CONNECTED | workbook=sample.xlsm sheet=트레이딩
2026-08-18 16:21:57 INFO LINE | mode=3 | looking_for=25-10 / BID | threshold=10000000 | raw_line=삼통 89+
2026-08-18 16:21:57 INFO LINE | mode=3 | looking_for=25-10 / BID | threshold=10000000 | raw_line=구삼통 0.8원 당팔
2026-08-18 16:21:57 INFO LINE | mode=3 | looking_for=25-10 / BID | threshold=10000000 | raw_line=통당 75+
2026-08-18 16:21:57 INFO LINE | mode=3 | looking_for=25-10 / BID | threshold=10000000 | raw_line=통안채 0.8 당팔
2026-08-18 16:21:57 INFO LINE | mode=3 | looking_for=25-10 / BID | threshold=10000000 | raw_line=삼통 89+
2026-08-18 16:21:57 INFO LINE | mode=3 | looking_for=25-10 / BID | threshold=10000000 | raw_line=통당 매도있나요?
2026-08-18 16:22:01 INFO EXCEL_CONNECTED | workbook=sample.xlsm sheet=트레이딩
2026-08-18 16:22:01 INFO LINE | mode=3 | looking_for=25-10 / BID | threshold=10000000 | raw_line=26-6 375 38+
2026-08-18 16:22:02 INFO EXCEL_CONNECTED | workbook=sample.xlsm sheet=트레이딩
2026-08-18 16:22:02 INFO LINE | mode=3 | looking_for=25-10 / BID | threshold=10000000 | raw_line=26-6 375.38+
2026-08-18 16:22:02 INFO LINE | mode=3 | looking_for=25-10 / BID | threshold=10000000 | raw_line=26-6 375 38+ 20억
2026-08-18 16:22:02 INFO LINE | mode=3 | looking_for=25-10 / BID | threshold=10000000 | raw_line=26-3 11+ 30억
2026-08-18 16:22:02 INFO LINE | mode=3 | looking_for=25-10 / BID | threshold=10000000 | raw_line=26-3 11+ 10억
2026-08-18 16:22:02 INFO LINE | mode=3 | looking_for=25-10 / BID | threshold=10000000 | raw_line=25-4  호가 잇나요
2026-08-18 16:22:02 INFO LINE | mode=3 | looking_for=25-10 / BID | threshold=10000000 | raw_line=26-1 67+ 10
2026-08-18 16:22:02 INFO LINE | mode=3 | looking_for=25-10 / BID | threshold=10000000 | raw_line=26-5 84 845+ 50
2026-08-18 16:22:02 INFO EXCEL_CONNECTED | workbook=sample.xlsm sheet=트레이딩
2026-08-18 16:22:02 INFO LINE | mode=3 | looking_for=25-10 / BID | threshold=10000000 | raw_line=26.9.8(화) 산금 (민2.94 끝.38 수10) 팔자
2026-08-18 16:22:03 INFO EXCEL_CONNECTED | workbook=sample.xlsm sheet=트레이딩
2026-08-18 16:22:03 INFO LINE | mode=3 | looking_for=25-10 / BID | threshold=10000000 | raw_line=26.8.28(금) 중금 팔자 (민 2.930, 끝전.53) 수10 +0.85원팔자 2.80%
2026-08-18 16:22:04 INFO EXCEL_CONNECTED | workbook=sample.xlsm sheet=트레이딩
2026-08-18 16:22:04 INFO LINE | mode=3 | looking_for=25-10 / BID | threshold=10000000 | raw_line=28.7.28 산금채 민3.851.. 팔자
2026-08-18 16:22:07 INFO EXCEL_CONNECTED | workbook=sample.xlsm sheet=트레이딩
2026-08-18 16:22:07 INFO LINE | mode=3 | looking_for=25-10 / BID | threshold=10000000 | raw_line=25-5 34 추가사자 50억
2026-08-18 16:22:08 INFO EXCEL_CONNECTED | workbook=sample.xlsm sheet=트레이딩
2026-08-18 16:22:08 INFO LINE | mode=3 | looking_for=25-10 / BID | threshold=10000000 | raw_line=26-3 11+ 자투리
2026-08-18 16:22:08 INFO LINE | mode=3 | looking_for=25-10 / BID | threshold=10000000 | raw_line=26-6 375.38+
2026-08-18 16:22:08 INFO LINE | mode=3 | looking_for=25-10 / BID | threshold=10000000 | raw_line=26-6 375 38+ 20억
2026-08-18 16:22:08 INFO LINE | mode=3 | looking_for=25-10 / BID | threshold=10000000 | raw_line=26-3 11+ 30억
2026-08-18 16:22:08 INFO LINE | mode=3 | looking_for=25-10 / BID | threshold=10000000 | raw_line=26-3 11+ 10억
2026-08-18 16:22:08 INFO LINE | mode=3 | looking_for=25-10 / BID | threshold=10000000 | raw_line=25-4  호가 잇나요
2026-08-18 16:22:08 INFO LINE | mode=3 | looking_for=25-10 / BID | threshold=10000000 | raw_line=26-1 67+ 10
2026-08-18 16:22:08 INFO EXCEL_CONNECTED | workbook=sample.xlsm sheet=트레이딩
2026-08-18 16:22:08 INFO LINE | mode=3 | looking_for=25-10 / BID | threshold=10000000 | raw_line=28.8.6 수출입채 [민3.833%/끝88/AAA] 팔자
2026-08-18 16:22:11 INFO EXCEL_CONNECTED | workbook=sample.xlsm sheet=트레이딩
2026-08-18 16:22:11 INFO LINE | mode=3 | looking_for=25-10 / BID | threshold=10000000 | raw_line=11/24 신한증권CP 50억*2장 3.22팔자
2026-08-18 16:22:12 INFO EXCEL_CONNECTED | workbook=sample.xlsm sheet=트레이딩
2026-08-18 16:22:12 INFO LINE | mode=3 | looking_for=25-10 / BID | threshold=10000000 | raw_line=11/24 신한증권CP 50억*2장 3.22팔자	/// 30 사자
2026-08-18 16:22:12 INFO LINE | mode=3 | looking_for=25-10 / BID | threshold=10000000 | raw_line=11/24 신한증권CP 50억*2장 3.22팔자	/// 30 사자
2026-08-18 16:22:13 INFO EXCEL_CONNECTED | workbook=sample.xlsm sheet=트레이딩
2026-08-18 16:22:13 INFO LINE | mode=3 | looking_for=25-10 / BID | threshold=10000000 | raw_line=26-3 11+ 자투리
2026-08-18 16:22:14 INFO EXCEL_CONNECTED | workbook=sample.xlsm sheet=트레이딩
2026-08-18 16:22:14 INFO LINE | mode=3 | looking_for=25-10 / BID | threshold=10000000 | raw_line=25-4 66 팔고 26-5 84 845 사자
2026-08-18 16:22:14 INFO LINE | mode=3 | looking_for=25-10 / BID | threshold=10000000 | raw_line=26-3 11+ 자투리
2026-08-18 16:22:14 INFO LINE | mode=3 | looking_for=25-10 / BID | threshold=10000000 | raw_line=26-6 375.38+
2026-08-18 16:22:14 INFO LINE | mode=3 | looking_for=25-10 / BID | threshold=10000000 | raw_line=26-6 375 38+ 20억
2026-08-18 16:22:14 INFO LINE | mode=3 | looking_for=25-10 / BID | threshold=10000000 | raw_line=26-3 11+ 30억
2026-08-18 16:22:14 INFO LINE | mode=3 | looking_for=25-10 / BID | threshold=10000000 | raw_line=26-3 11+ 10억
2026-08-18 16:22:14 INFO LINE | mode=3 | looking_for=25-10 / BID | threshold=10000000 | raw_line=25-4  호가 잇나요
2026-08-18 16:22:23 INFO EXCEL_CONNECTED | workbook=sample.xlsm sheet=트레이딩
2026-08-18 16:22:23 INFO LINE | mode=3 | looking_for=25-10 / BID | threshold=10000000 | raw_line=27.7.21.농금채은행(민.3.668,끝.78)팔자 ~ -3원 3.709%
2026-08-18 16:22:24 INFO EXCEL_CONNECTED | workbook=sample.xlsm sheet=트레이딩
2026-08-18 16:22:24 INFO LINE | mode=3 | looking_for=25-10 / BID | threshold=10000000 | raw_line=27.7.21.농금채은행(민.3.668,끝.78)팔자 ~ -3원 3.709%
2026-08-18 16:22:24 INFO LINE | mode=3 | looking_for=25-10 / BID | threshold=10000000 | raw_line=28.7.28 산금채 민3.851.. 팔자
2026-08-18 16:22:24 INFO EXCEL_CONNECTED | workbook=sample.xlsm sheet=트레이딩
2026-08-18 16:22:24 INFO LINE | mode=3 | looking_for=25-10 / BID | threshold=10000000 | raw_line=2026.08.18 / 16:22
2026-08-18 16:22:26 INFO EXCEL_CONNECTED | workbook=sample.xlsm sheet=트레이딩
2026-08-18 16:22:26 INFO LINE | mode=3 | looking_for=25-10 / BID | threshold=10000000 | raw_line=27.2.25.하나은행(민.3.295,끝.86)팔자
2026-08-18 16:22:27 INFO EXCEL_CONNECTED | workbook=sample.xlsm sheet=트레이딩
2026-08-18 16:22:27 INFO LINE | mode=3 | looking_for=25-10 / BID | threshold=10000000 | raw_line=27.7.18(일) 평택도시공사(녹)(민3.790, 끝.53, AA0) 팔자...-6원 팔자 3.864
2026-08-18 16:22:27 INFO EXCEL_CONNECTED | workbook=sample.xlsm sheet=트레이딩
2026-08-18 16:22:28 INFO LINE | mode=3 | looking_for=25-10 / BID | threshold=10000000 | raw_line=28.6.16(금) 인천도시공사270 (민3.969/.80/aa+) 팔자
2026-08-18 16:22:31 INFO EXCEL_CONNECTED | workbook=sample.xlsm sheet=트레이딩
2026-08-18 16:22:31 INFO LINE | mode=3 | looking_for=25-10 / BID | threshold=10000000 | raw_line=28.7.28 산금채 민3.851.. 팔자
2026-08-18 16:22:32 INFO EXCEL_CONNECTED | workbook=sample.xlsm sheet=트레이딩
2026-08-18 16:22:33 INFO LINE | mode=3 | looking_for=25-10 / BID | threshold=10000000 | raw_line=27.2.25.하나은행(민.3.295,끝.86)팔자
2026-08-18 16:22:33 INFO EXCEL_CONNECTED | workbook=sample.xlsm sheet=트레이딩
2026-08-18 16:22:33 INFO LINE | mode=3 | looking_for=25-10 / BID | threshold=10000000 | raw_line=29.2.19(월) 한국철도공사 (민4.032 .61) +4bp
2026-08-18 16:22:33 INFO LINE | mode=3 | looking_for=25-10 / BID | threshold=10000000 | raw_line=8월말 만기 CP,전단,채권 사자
2026-08-18 16:22:35 INFO EXCEL_CONNECTED | workbook=sample.xlsm sheet=트레이딩
2026-08-18 16:22:35 INFO LINE | mode=3 | looking_for=25-10 / BID | threshold=10000000 | raw_line=26-5 84 845+ 50
2026-08-18 16:22:36 INFO EXCEL_CONNECTED | workbook=sample.xlsm sheet=트레이딩
2026-08-18 16:22:36 INFO LINE | mode=3 | looking_for=25-10 / BID | threshold=10000000 | raw_line=26-1 665+
2026-08-18 16:22:36 INFO LINE | mode=3 | looking_for=25-10 / BID | threshold=10000000 | raw_line=25-4 66 팔고 26-5 84 845 사자
2026-08-18 16:22:36 INFO LINE | mode=3 | looking_for=25-10 / BID | threshold=10000000 | raw_line=26-3 11+ 자투리
2026-08-18 16:22:36 INFO LINE | mode=3 | looking_for=25-10 / BID | threshold=10000000 | raw_line=26-6 375.38+
2026-08-18 16:22:36 INFO LINE | mode=3 | looking_for=25-10 / BID | threshold=10000000 | raw_line=26-6 375 38+ 20억
2026-08-18 16:22:36 INFO LINE | mode=3 | looking_for=25-10 / BID | threshold=10000000 | raw_line=26-3 11+ 30억
2026-08-18 16:22:36 INFO LINE | mode=3 | looking_for=25-10 / BID | threshold=10000000 | raw_line=26-3 11+ 10억
2026-08-18 16:22:37 INFO EXCEL_CONNECTED | workbook=sample.xlsm sheet=트레이딩
2026-08-18 16:22:37 INFO LINE | mode=3 | looking_for=25-10 / BID | threshold=10000000 | raw_line=26-5 84 845 세트 사자 40억
2026-08-18 16:22:38 INFO EXCEL_CONNECTED | workbook=sample.xlsm sheet=트레이딩
2026-08-18 16:22:38 INFO LINE | mode=3 | looking_for=25-10 / BID | threshold=10000000 | raw_line=26-5 84 845+ 50
2026-08-18 16:22:39 INFO EXCEL_CONNECTED | workbook=sample.xlsm sheet=트레이딩
2026-08-18 16:22:39 INFO LINE | mode=3 | looking_for=25-10 / BID | threshold=10000000 | raw_line=26-5 84 845 세트 사자 40억
2026-08-18 16:22:39 INFO LINE | mode=3 | looking_for=25-10 / BID | threshold=10000000 | raw_line=26-5 84- 50억
2026-08-18 16:22:39 INFO LINE | mode=3 | looking_for=25-10 / BID | threshold=10000000 | raw_line=26-1 665+
2026-08-18 16:22:39 INFO LINE | mode=3 | looking_for=25-10 / BID | threshold=10000000 | raw_line=25-4 66 팔고 26-5 84 845 사자
2026-08-18 16:22:39 INFO LINE | mode=3 | looking_for=25-10 / BID | threshold=10000000 | raw_line=26-3 11+ 자투리
2026-08-18 16:22:39 INFO LINE | mode=3 | looking_for=25-10 / BID | threshold=10000000 | raw_line=26-6 375.38+
2026-08-18 16:22:39 INFO LINE | mode=3 | looking_for=25-10 / BID | threshold=10000000 | raw_line=26-6 375 38+ 20억
2026-08-18 16:22:39 INFO EXCEL_CONNECTED | workbook=sample.xlsm sheet=트레이딩
2026-08-18 16:22:39 INFO LINE | mode=3 | looking_for=25-10 / BID | threshold=10000000 | raw_line=27.7.18(일) 평택도시공사2025-3(녹)(민3.79 .53 AA 쿠:2.708) -6원 팔자 3.864%
2026-08-18 16:22:40 INFO EXCEL_CONNECTED | workbook=sample.xlsm sheet=트레이딩
2026-08-18 16:22:40 INFO LINE | mode=3 | looking_for=25-10 / BID | threshold=10000000 | raw_line=26-5  84-   50
2026-08-18 16:22:41 INFO EXCEL_CONNECTED | workbook=sample.xlsm sheet=트레이딩
2026-08-18 16:22:41 INFO LINE | mode=3 | looking_for=25-10 / BID | threshold=10000000 | raw_line=25-9 65- 10억
2026-08-18 16:22:41 INFO LINE | mode=3 | looking_for=25-10 / BID | threshold=10000000 | raw_line=26-5 84 845 세트 사자 40억
2026-08-18 16:22:41 INFO LINE | mode=3 | looking_for=25-10 / BID | threshold=10000000 | raw_line=26-5 84- 50억
2026-08-18 16:22:41 INFO LINE | mode=3 | looking_for=25-10 / BID | threshold=10000000 | raw_line=26-1 665+
2026-08-18 16:22:41 INFO LINE | mode=3 | looking_for=25-10 / BID | threshold=10000000 | raw_line=25-4 66 팔고 26-5 84 845 사자
2026-08-18 16:22:41 INFO LINE | mode=3 | looking_for=25-10 / BID | threshold=10000000 | raw_line=26-3 11+ 자투리
2026-08-18 16:22:41 INFO LINE | mode=3 | looking_for=25-10 / BID | threshold=10000000 | raw_line=26-6 375.38+
2026-08-18 16:22:42 INFO EXCEL_CONNECTED | workbook=sample.xlsm sheet=트레이딩
2026-08-18 16:22:42 INFO LINE | mode=3 | looking_for=25-10 / BID | threshold=10000000 | raw_line=26.9.5 산금채 [민 2.938 / 끝.13] 팔자 (수10)
2026-08-18 16:22:44 INFO EXCEL_CONNECTED | workbook=sample.xlsm sheet=트레이딩
2026-08-18 16:22:44 INFO LINE | mode=3 | looking_for=25-10 / BID | threshold=10000000 | raw_line=25-11 365- 10억
2026-08-18 16:22:45 INFO EXCEL_CONNECTED | workbook=sample.xlsm sheet=트레이딩
2026-08-18 16:22:45 INFO LINE | mode=3 | looking_for=25-10 / BID | threshold=10000000 | raw_line=26-6 375+ 10억
2026-08-18 16:22:45 INFO EXCEL_CONNECTED | workbook=sample.xlsm sheet=트레이딩
2026-08-18 16:22:46 INFO LINE | mode=3 | looking_for=25-10 / BID | threshold=10000000 | raw_line=26-3 11+ 10억
2026-08-18 16:22:46 INFO LINE | mode=3 | looking_for=25-10 / BID | threshold=10000000 | raw_line=26-5 84 845+ 50
2026-08-18 16:22:46 INFO LINE | mode=3 | looking_for=25-10 / BID | threshold=10000000 | raw_line=25-9 65- 10억
2026-08-18 16:22:46 INFO LINE | mode=3 | looking_for=25-10 / BID | threshold=10000000 | raw_line=26-5 84 845 세트 사자 40억
2026-08-18 16:22:46 INFO LINE | mode=3 | looking_for=25-10 / BID | threshold=10000000 | raw_line=26-5 84- 50억
2026-08-18 16:22:46 INFO LINE | mode=3 | looking_for=25-10 / BID | threshold=10000000 | raw_line=26-1 665+
2026-08-18 16:22:46 INFO LINE | mode=3 | looking_for=25-10 / BID | threshold=10000000 | raw_line=25-4 66 팔고 26-5 84 845 사자
2026-08-18 16:22:46 INFO LINE | mode=3 | looking_for=25-10 / BID | threshold=10000000 | raw_line=28.6.16(금) 인천도시공사270 (민3.969/.80/aa+) 팔자
2026-08-18 16:22:47 INFO EXCEL_CONNECTED | workbook=sample.xlsm sheet=트레이딩
2026-08-18 16:22:47 INFO LINE | mode=3 | looking_for=25-10 / BID | threshold=10000000 | raw_line=ㅎㅈ
2026-08-18 16:22:47 INFO LINE | mode=3 | looking_for=25-10 / BID | threshold=10000000 | raw_line=ㅎㅈ
2026-08-18 16:22:48 INFO EXCEL_CONNECTED | workbook=sample.xlsm sheet=트레이딩
2026-08-18 16:22:48 INFO LINE | mode=3 | looking_for=25-10 / BID | threshold=10000000 | raw_line=ㅎㅈ
2026-08-18 16:22:48 INFO LINE | mode=3 | looking_for=25-10 / BID | threshold=10000000 | raw_line=ㅎㅈ
2026-08-18 16:22:48 INFO LINE | mode=3 | looking_for=25-10 / BID | threshold=10000000 | raw_line=입니다
2026-08-18 16:22:48 INFO LINE | mode=3 | looking_for=25-10 / BID | threshold=10000000 | raw_line=입니다
2026-08-18 16:22:48 INFO LINE | mode=3 | looking_for=25-10 / BID | threshold=10000000 | raw_line=50억
2026-08-18 16:22:48 INFO EXCEL_CONNECTED | workbook=sample.xlsm sheet=트레이딩
2026-08-18 16:22:48 INFO LINE | mode=3 | looking_for=25-10 / BID | threshold=10000000 | raw_line=26-2 755+ 10
2026-08-18 16:22:49 INFO EXCEL_CONNECTED | workbook=sample.xlsm sheet=트레이딩
2026-08-18 16:22:49 INFO LINE | mode=3 | looking_for=25-10 / BID | threshold=10000000 | raw_line=375
2026-08-18 16:22:49 INFO LINE | mode=3 | looking_for=25-10 / BID | threshold=10000000 | raw_line=375
2026-08-18 16:22:49 INFO LINE | mode=3 | looking_for=25-10 / BID | threshold=10000000 | raw_line=ㅎㅈ
2026-08-18 16:22:49 INFO LINE | mode=3 | looking_for=25-10 / BID | threshold=10000000 | raw_line=ㅎㅈ
2026-08-18 16:22:50 INFO EXCEL_CONNECTED | workbook=sample.xlsm sheet=트레이딩
2026-08-18 16:22:50 INFO LINE | mode=3 | looking_for=25-10 / BID | threshold=10000000 | raw_line=ㅎㅈ
2026-08-18 16:22:50 INFO LINE | mode=3 | looking_for=25-10 / BID | threshold=10000000 | raw_line=ㅎㅈ
2026-08-18 16:22:50 INFO LINE | mode=3 | looking_for=25-10 / BID | threshold=10000000 | raw_line=20억
2026-08-18 16:22:50 INFO LINE | mode=3 | looking_for=25-10 / BID | threshold=10000000 | raw_line=20억
2026-08-18 16:22:50 INFO LINE | mode=3 | looking_for=25-10 / BID | threshold=10000000 | raw_line=ㅎㅈ
2026-08-18 16:22:54 INFO EXCEL_CONNECTED | workbook=sample.xlsm sheet=트레이딩
2026-08-18 16:22:54 INFO LINE | mode=3 | looking_for=25-10 / BID | threshold=10000000 | raw_line=26-2 755+ 10
2026-08-18 16:22:55 INFO EXCEL_CONNECTED | workbook=sample.xlsm sheet=트레이딩
2026-08-18 16:22:55 INFO LINE | mode=3 | looking_for=25-10 / BID | threshold=10000000 | raw_line=26-5 84- 40
2026-08-18 16:22:55 INFO LINE | mode=3 | looking_for=25-10 / BID | threshold=10000000 | raw_line=25-10  755+
2026-08-18 16:22:55 INFO LINE | mode=3 | looking_for=25-10 / BID | threshold=10000000 | raw_line=26-3 11+ 10억
2026-08-18 16:22:55 INFO LINE | mode=3 | looking_for=25-10 / BID | threshold=10000000 | raw_line=26-5 84 845+ 50
2026-08-18 16:22:55 INFO LINE | mode=3 | looking_for=25-10 / BID | threshold=10000000 | raw_line=25-9 65- 10억
2026-08-18 16:22:55 INFO LINE | mode=3 | looking_for=25-10 / BID | threshold=10000000 | raw_line=26-5 84 845 세트 사자 40억
2026-08-18 16:22:55 INFO LINE | mode=3 | looking_for=25-10 / BID | threshold=10000000 | raw_line=26-5 84- 50억
2026-08-18 16:22:55 INFO LINE | mode=3 | looking_for=25-10 / BID | threshold=10000000 | raw_line=26.11.19 산금채 [민 3.032 / 끝.30] 팔자
2026-08-18 16:22:55 INFO QUOTE_FOUND | 25-10 | raw_token=755+ | 3.755 | BUY | row=41 | raw_line=25-10  755+
2026-08-18 16:22:55 INFO EXCEL_CONNECTED | workbook=sample.xlsm sheet=트레이딩
2026-08-18 16:22:55 INFO EXCEL_WRITE | D41=3.755
2026-08-18 16:22:55 INFO PNL | F44=6317674.560558235
2026-08-18 16:22:55 INFO EXCEL_CONNECTED | workbook=sample.xlsm sheet=트레이딩
2026-08-18 16:22:55 INFO TRIGGERED
2026-08-18 16:22:56 INFO MESSAGE_SENT | title=메모장
2026-08-18 16:22:56 INFO SENT
2026-08-18 16:22:56 INFO EXCEL_CONNECTED | workbook=sample.xlsm sheet=트레이딩
2026-08-18 16:22:56 INFO EXCEL_CONNECTED | workbook=sample.xlsm sheet=트레이딩
2026-08-18 16:22:56 INFO WATCHING
2026-08-18 16:22:57 INFO EXCEL_CONNECTED | workbook=sample.xlsm sheet=트레이딩
2026-08-18 16:22:57 INFO LINE | mode=3 | looking_for=25-10 / BID | threshold=10000000 | raw_line=26-3 11+ 10억
2026-08-18 16:22:57 INFO LINE | mode=3 | looking_for=25-10 / BID | threshold=10000000 | raw_line=28.8.6 수출입채 [민3.833%/끝88/AAA] 팔자
2026-08-18 16:22:57 INFO LINE | mode=3 | looking_for=25-10 / BID | threshold=10000000 | raw_line=27.7.21.농금채은행(민.3.668,끝.78)팔자 ~ -3원 3.709%
2026-08-18 16:22:57 INFO LINE | mode=3 | looking_for=25-10 / BID | threshold=10000000 | raw_line=ㅎㅈ
2026-08-18 16:22:58 INFO EXCEL_CONNECTED | workbook=sample.xlsm sheet=트레이딩
2026-08-18 16:22:58 INFO LINE | mode=3 | looking_for=25-10 / BID | threshold=10000000 | raw_line=26-5 84 845 세트 사자 40억
2026-08-18 16:22:58 INFO LINE | mode=3 | looking_for=25-10 / BID | threshold=10000000 | raw_line=26-6 375.38+
2026-08-18 16:22:58 INFO LINE | mode=3 | looking_for=25-10 / BID | threshold=10000000 | raw_line=26-5 84- 40
2026-08-18 16:22:58 INFO LINE | mode=3 | looking_for=25-10 / BID | threshold=10000000 | raw_line=25-10  755+
2026-08-18 16:22:58 INFO LINE | mode=3 | looking_for=25-10 / BID | threshold=10000000 | raw_line=26-3 11+ 10억
2026-08-18 16:22:58 INFO LINE | mode=3 | looking_for=25-10 / BID | threshold=10000000 | raw_line=26-5 84 845+ 50
2026-08-18 16:22:58 INFO LINE | mode=3 | looking_for=25-10 / BID | threshold=10000000 | raw_line=25-9 65- 10억
2026-08-18 16:22:58 INFO QUOTE_FOUND | 25-10 | raw_token=755+ | 3.755 | BUY | row=41 | raw_line=25-10  755+
2026-08-18 16:22:58 INFO EXCEL_CONNECTED | workbook=sample.xlsm sheet=트레이딩
2026-08-18 16:22:58 INFO EXCEL_WRITE | D41=3.755
2026-08-18 16:22:58 INFO PNL | F44=6317674.560558235
2026-08-18 16:22:58 INFO EXCEL_CONNECTED | workbook=sample.xlsm sheet=트레이딩
2026-08-18 16:22:58 INFO TRIGGERED
2026-08-18 16:22:59 INFO MESSAGE_SENT | title=메모장
2026-08-18 16:22:59 INFO SENT
2026-08-18 16:22:59 INFO EXCEL_CONNECTED | workbook=sample.xlsm sheet=트레이딩
2026-08-18 16:22:59 INFO EXCEL_CONNECTED | workbook=sample.xlsm sheet=트레이딩
2026-08-18 16:22:59 INFO WATCHING
2026-08-18 16:23:00 INFO EXCEL_CONNECTED | workbook=sample.xlsm sheet=트레이딩
2026-08-18 16:23:00 INFO LINE | mode=3 | looking_for=25-10 / BID | threshold=10000000 | raw_line=26-3 11 +
2026-08-18 16:23:00 INFO LINE | mode=3 | looking_for=25-10 / BID | threshold=10000000 | raw_line=26-3 11+ 30억
2026-08-18 16:23:01 INFO EXCEL_CONNECTED | workbook=sample.xlsm sheet=트레이딩
2026-08-18 16:23:01 INFO LINE | mode=3 | looking_for=25-10 / BID | threshold=10000000 | raw_line=26-3 +0.75원 당팔 20억
2026-08-18 16:23:01 INFO LINE | mode=3 | looking_for=25-10 / BID | threshold=10000000 | raw_line=26-5 84 845 세트 사자 40억
2026-08-18 16:23:01 INFO LINE | mode=3 | looking_for=25-10 / BID | threshold=10000000 | raw_line=26-6 375.38+
2026-08-18 16:23:01 INFO LINE | mode=3 | looking_for=25-10 / BID | threshold=10000000 | raw_line=26-5 84- 40
2026-08-18 16:23:01 INFO LINE | mode=3 | looking_for=25-10 / BID | threshold=10000000 | raw_line=25-10  755+
2026-08-18 16:23:01 INFO LINE | mode=3 | looking_for=25-10 / BID | threshold=10000000 | raw_line=26-3 11+ 10억
2026-08-18 16:23:01 INFO LINE | mode=3 | looking_for=25-10 / BID | threshold=10000000 | raw_line=26-5 84 845+ 50
2026-08-18 16:23:01 INFO QUOTE_FOUND | 25-10 | raw_token=755+ | 3.755 | BUY | row=41 | raw_line=25-10  755+
2026-08-18 16:23:01 INFO EXCEL_CONNECTED | workbook=sample.xlsm sheet=트레이딩
2026-08-18 16:23:01 INFO EXCEL_WRITE | D41=3.755
2026-08-18 16:23:01 INFO PNL | F44=6317674.560558235
2026-08-18 16:23:01 INFO EXCEL_CONNECTED | workbook=sample.xlsm sheet=트레이딩
2026-08-18 16:23:01 INFO TRIGGERED
2026-08-18 16:23:02 INFO MESSAGE_SENT | title=메모장
2026-08-18 16:23:02 INFO SENT
2026-08-18 16:23:02 INFO EXCEL_CONNECTED | workbook=sample.xlsm sheet=트레이딩
2026-08-18 16:23:02 INFO EXCEL_CONNECTED | workbook=sample.xlsm sheet=트레이딩
2026-08-18 16:23:02 INFO WATCHING
2026-08-18 16:23:08 INFO EXCEL_CONNECTED | workbook=sample.xlsm sheet=트레이딩
2026-08-18 16:23:08 INFO LINE | mode=3 | looking_for=25-10 / BID | threshold=10000000 | raw_line=27.2.15(월) 국철공단403(민3.353 .55) 팔자 -2.5원 3.146 추가팔자
2026-08-18 16:23:12 INFO EXCEL_CONNECTED | workbook=sample.xlsm sheet=트레이딩
2026-08-18 16:23:12 INFO LINE | mode=3 | looking_for=25-10 / BID | threshold=10000000 | raw_line=26-6 375+ 50
2026-08-18 16:23:12 INFO LINE | mode=3 | looking_for=25-10 / BID | threshold=10000000 | raw_line=27.10.16 신한채(민 3.735,끝전.06,~FA4) -5원 팔자
2026-08-18 16:23:13 INFO EXCEL_CONNECTED | workbook=sample.xlsm sheet=트레이딩
2026-08-18 16:23:13 INFO LINE | mode=3 | looking_for=25-10 / BID | threshold=10000000 | raw_line=26-6 375 38+
2026-08-18 16:23:13 INFO LINE | mode=3 | looking_for=25-10 / BID | threshold=10000000 | raw_line=26-3 +0.75원 당팔 20억
2026-08-18 16:23:13 INFO LINE | mode=3 | looking_for=25-10 / BID | threshold=10000000 | raw_line=26-5 84 845 세트 사자 40억
2026-08-18 16:23:13 INFO LINE | mode=3 | looking_for=25-10 / BID | threshold=10000000 | raw_line=26-6 375.38+
2026-08-18 16:23:13 INFO LINE | mode=3 | looking_for=25-10 / BID | threshold=10000000 | raw_line=26-5 84- 40
2026-08-18 16:23:13 INFO LINE | mode=3 | looking_for=25-10 / BID | threshold=10000000 | raw_line=25-10  755+
2026-08-18 16:23:13 INFO LINE | mode=3 | looking_for=25-10 / BID | threshold=10000000 | raw_line=26-3 11+ 10억
2026-08-18 16:23:13 INFO LINE | mode=3 | looking_for=25-10 / BID | threshold=10000000 | raw_line=27.10.16 신한채~FA4 (민3.735,끝전.06) 팔자
2026-08-18 16:23:13 INFO QUOTE_FOUND | 25-10 | raw_token=755+ | 3.755 | BUY | row=41 | raw_line=25-10  755+
2026-08-18 16:23:13 INFO EXCEL_CONNECTED | workbook=sample.xlsm sheet=트레이딩
2026-08-18 16:23:13 INFO EXCEL_WRITE | D41=3.755
2026-08-18 16:23:13 INFO PNL | F44=6317674.560558235
2026-08-18 16:23:13 INFO EXCEL_CONNECTED | workbook=sample.xlsm sheet=트레이딩
2026-08-18 16:23:13 INFO TRIGGERED
2026-08-18 16:23:14 INFO MESSAGE_SENT | title=메모장
2026-08-18 16:23:14 INFO SENT
2026-08-18 16:23:14 INFO EXCEL_CONNECTED | workbook=sample.xlsm sheet=트레이딩
2026-08-18 16:23:14 INFO EXCEL_CONNECTED | workbook=sample.xlsm sheet=트레이딩
2026-08-18 16:23:14 INFO WATCHING
2026-08-18 16:23:15 INFO EXCEL_CONNECTED | workbook=sample.xlsm sheet=트레이딩
2026-08-18 16:23:15 INFO LINE | mode=3 | looking_for=25-10 / BID | threshold=10000000 | raw_line=28.2.23(수) 농금(중앙회) (민 3.867 끝.15) 팔자
2026-08-18 16:23:16 INFO EXCEL_CONNECTED | workbook=sample.xlsm sheet=트레이딩
2026-08-18 16:23:16 INFO LINE | mode=3 | looking_for=25-10 / BID | threshold=10000000 | raw_line=27.2.25.하나은행(민.3.295,끝.86)팔자
2026-08-18 16:23:19 INFO EXCEL_CONNECTED | workbook=sample.xlsm sheet=트레이딩
2026-08-18 16:23:19 INFO LINE | mode=3 | looking_for=25-10 / BID | threshold=10000000 | raw_line=26-5 84+ 50억
2026-08-18 16:23:21 INFO EXCEL_CONNECTED | workbook=sample.xlsm sheet=트레이딩
2026-08-18 16:23:21 INFO LINE | mode=3 | looking_for=25-10 / BID | threshold=10000000 | raw_line=27.7.21.농금채은행(민.3.668,끝.78)팔자 ~ -3원 3.709%
2026-08-18 16:23:23 INFO EXCEL_CONNECTED | workbook=sample.xlsm sheet=트레이딩
2026-08-18 16:23:23 INFO LINE | mode=3 | looking_for=25-10 / BID | threshold=10000000 | raw_line=27.10.16 신한채~FA4 (민3.735,끝전.06) 팔자
2026-08-18 16:23:24 INFO EXCEL_CONNECTED | workbook=sample.xlsm sheet=트레이딩
2026-08-18 16:23:24 INFO LINE | mode=3 | looking_for=25-10 / BID | threshold=10000000 | raw_line=26-5 84- 40 ㅎㅈ
2026-08-18 16:23:25 INFO EXCEL_CONNECTED | workbook=sample.xlsm sheet=트레이딩
2026-08-18 16:23:25 INFO LINE | mode=3 | looking_for=25-10 / BID | threshold=10000000 | raw_line=2026.08.18 / 16:23
2026-08-18 16:23:25 INFO LINE | mode=3 | looking_for=25-10 / BID | threshold=10000000 | raw_line=26-3 11+ 자투리
2026-08-18 16:23:25 INFO LINE | mode=3 | looking_for=25-10 / BID | threshold=10000000 | raw_line=25-5 34 추가사자 50억
2026-08-18 16:23:25 INFO LINE | mode=3 | looking_for=25-10 / BID | threshold=10000000 | raw_line=26-6 375 38+
2026-08-18 16:23:25 INFO LINE | mode=3 | looking_for=25-10 / BID | threshold=10000000 | raw_line=26-3 +0.75원 당팔 20억
2026-08-18 16:23:25 INFO LINE | mode=3 | looking_for=25-10 / BID | threshold=10000000 | raw_line=26-5 84 845 세트 사자 40억
2026-08-18 16:23:25 INFO LINE | mode=3 | looking_for=25-10 / BID | threshold=10000000 | raw_line=26-6 375.38+
2026-08-18 16:23:25 INFO LINE | mode=3 | looking_for=25-10 / BID | threshold=10000000 | raw_line=26-5 84- 40
2026-08-18 16:23:26 INFO EXCEL_CONNECTED | workbook=sample.xlsm sheet=트레이딩
2026-08-18 16:23:26 INFO LINE | mode=3 | looking_for=25-10 / BID | threshold=10000000 | raw_line=국고 23-10 10억 사자관심
2026-08-18 16:23:26 INFO LINE | mode=3 | looking_for=25-10 / BID | threshold=10000000 | raw_line=ㅎㅈ
2026-08-18 16:23:26 INFO LINE | mode=3 | looking_for=25-10 / BID | threshold=10000000 | raw_line=ㅎㅈ
2026-08-18 16:23:27 INFO EXCEL_CONNECTED | workbook=sample.xlsm sheet=트레이딩
2026-08-18 16:23:27 INFO LINE | mode=3 | looking_for=25-10 / BID | threshold=10000000 | raw_line=26-6 375+ 10억 추가
2026-08-18 16:23:27 INFO LINE | mode=3 | looking_for=25-10 / BID | threshold=10000000 | raw_line=감사요
2026-08-18 16:23:27 INFO LINE | mode=3 | looking_for=25-10 / BID | threshold=10000000 | raw_line=감사요
2026-08-18 16:23:27 INFO LINE | mode=3 | looking_for=25-10 / BID | threshold=10000000 | raw_line=ㅎㅈ
2026-08-18 16:23:27 INFO LINE | mode=3 | looking_for=25-10 / BID | threshold=10000000 | raw_line=ㅎㅈ
2026-08-18 16:23:27 INFO LINE | mode=3 | looking_for=25-10 / BID | threshold=10000000 | raw_line=20억
2026-08-18 16:23:27 INFO EXCEL_CONNECTED | workbook=sample.xlsm sheet=트레이딩
2026-08-18 16:23:27 INFO LINE | mode=3 | looking_for=25-10 / BID | threshold=10000000 | raw_line=26-5 84 845 세트 사자 40억
2026-08-18 16:23:27 INFO LINE | mode=3 | looking_for=25-10 / BID | threshold=10000000 | raw_line=26-5 84 845+ 50
2026-08-18 16:23:27 INFO LINE | mode=3 | looking_for=25-10 / BID | threshold=10000000 | raw_line=26-3 11+ 자투리
2026-08-18 16:23:27 INFO LINE | mode=3 | looking_for=25-10 / BID | threshold=10000000 | raw_line=25-5 34 추가사자 50억
2026-08-18 16:23:27 INFO LINE | mode=3 | looking_for=25-10 / BID | threshold=10000000 | raw_line=26-6 375 38+
2026-08-18 16:23:27 INFO LINE | mode=3 | looking_for=25-10 / BID | threshold=10000000 | raw_line=26-3 +0.75원 당팔 20억
2026-08-18 16:23:27 INFO LINE | mode=3 | looking_for=25-10 / BID | threshold=10000000 | raw_line=26-5 84 845 세트 사자 40억
2026-08-18 16:23:28 INFO EXCEL_CONNECTED | workbook=sample.xlsm sheet=트레이딩
2026-08-18 16:23:28 INFO LINE | mode=3 | looking_for=25-10 / BID | threshold=10000000 | raw_line=26-2 755+ 30
2026-08-18 16:23:28 INFO LINE | mode=3 | looking_for=25-10 / BID | threshold=10000000 | raw_line=40억
2026-08-18 16:23:28 INFO LINE | mode=3 | looking_for=25-10 / BID | threshold=10000000 | raw_line=40억
2026-08-18 16:23:29 INFO EXCEL_CONNECTED | workbook=sample.xlsm sheet=트레이딩
2026-08-18 16:23:29 INFO LINE | mode=3 | looking_for=25-10 / BID | threshold=10000000 | raw_line=40억 마샇반디
2026-08-18 16:23:29 INFO LINE | mode=3 | looking_for=25-10 / BID | threshold=10000000 | raw_line=40억 마샇반디
2026-08-18 16:23:30 INFO EXCEL_CONNECTED | workbook=sample.xlsm sheet=트레이딩
2026-08-18 16:23:30 INFO LINE | mode=3 | looking_for=25-10 / BID | threshold=10000000 | raw_line=거래
2026-08-18 16:23:30 INFO LINE | mode=3 | looking_for=25-10 / BID | threshold=10000000 | raw_line=거래
2026-08-18 16:23:30 INFO LINE | mode=3 | looking_for=25-10 / BID | threshold=10000000 | raw_line=제가 20억매도 한양
2026-08-18 16:23:30 INFO LINE | mode=3 | looking_for=25-10 / BID | threshold=10000000 | raw_line=제가 20억매도 한양
2026-08-18 16:23:30 INFO LINE | mode=3 | looking_for=25-10 / BID | threshold=10000000 | raw_line=감사요
2026-08-18 16:23:30 INFO EXCEL_CONNECTED | workbook=sample.xlsm sheet=트레이딩
2026-08-18 16:23:30 INFO LINE | mode=3 | looking_for=25-10 / BID | threshold=10000000 | raw_line=8월말 만기 CP,전단,채권 사자
2026-08-18 16:23:30 INFO LINE | mode=3 | looking_for=25-10 / BID | threshold=10000000 | raw_line=감사합니다
2026-08-18 16:23:30 INFO LINE | mode=3 | looking_for=25-10 / BID | threshold=10000000 | raw_line=감사합니다
2026-08-18 16:23:32 INFO EXCEL_CONNECTED | workbook=sample.xlsm sheet=트레이딩
2026-08-18 16:23:32 INFO LINE | mode=3 | looking_for=25-10 / BID | threshold=10000000 | raw_line=26-6 375+ 10억
2026-08-18 16:23:32 INFO EXCEL_CONNECTED | workbook=sample.xlsm sheet=트레이딩
2026-08-18 16:23:33 INFO LINE | mode=3 | looking_for=25-10 / BID | threshold=10000000 | raw_line=26-5  84-   50
2026-08-18 16:23:33 INFO LINE | mode=3 | looking_for=25-10 / BID | threshold=10000000 | raw_line=26-5 84 845+ 50
2026-08-18 16:23:33 INFO LINE | mode=3 | looking_for=25-10 / BID | threshold=10000000 | raw_line=26-5 84 845 세트 사자 40억
2026-08-18 16:23:33 INFO LINE | mode=3 | looking_for=25-10 / BID | threshold=10000000 | raw_line=26-5 84 845+ 50
2026-08-18 16:23:33 INFO LINE | mode=3 | looking_for=25-10 / BID | threshold=10000000 | raw_line=26-3 11+ 자투리
2026-08-18 16:23:33 INFO LINE | mode=3 | looking_for=25-10 / BID | threshold=10000000 | raw_line=25-5 34 추가사자 50억
2026-08-18 16:23:33 INFO LINE | mode=3 | looking_for=25-10 / BID | threshold=10000000 | raw_line=26-6 375 38+
2026-08-18 16:23:34 INFO EXCEL_CONNECTED | workbook=sample.xlsm sheet=트레이딩
2026-08-18 16:23:34 INFO LINE | mode=3 | looking_for=25-10 / BID | threshold=10000000 | raw_line=27.2.15(월) 국철공단403(민3.353 .55) 팔자 -2.5원 3.416 추가팔자
2026-08-18 16:23:35 INFO EXCEL_CONNECTED | workbook=sample.xlsm sheet=트레이딩
2026-08-18 16:23:35 INFO LINE | mode=3 | looking_for=25-10 / BID | threshold=10000000 | raw_line=28.6.16(금) 인천도시공사270 (민3.969/.80/aa+) 팔자
2026-08-18 16:23:35 INFO EXCEL_CONNECTED | workbook=sample.xlsm sheet=트레이딩
2026-08-18 16:23:35 INFO LINE | mode=3 | looking_for=25-10 / BID | threshold=10000000 | raw_line=27.7.18(일) 평택도시공사(녹)(민3.790, 끝.53, AA0) 팔자...-6원 팔자 3.864
2026-08-18 16:23:37 INFO EXCEL_CONNECTED | workbook=sample.xlsm sheet=트레이딩
2026-08-18 16:23:37 INFO LINE | mode=3 | looking_for=25-10 / BID | threshold=10000000 | raw_line=11/24 신한증권CP 50억*2장 3.22팔자	/// 30 사자
2026-08-18 16:23:37 INFO LINE | mode=3 | looking_for=25-10 / BID | threshold=10000000 | raw_line=제가 20억매도 한양
2026-08-18 16:23:37 INFO EXCEL_CONNECTED | workbook=sample.xlsm sheet=트레이딩
2026-08-18 16:23:37 INFO LINE | mode=3 | looking_for=25-10 / BID | threshold=10000000 | raw_line=26-5 84 845+ 50
2026-08-18 16:23:37 INFO LINE | mode=3 | looking_for=25-10 / BID | threshold=10000000 | raw_line=26-2 매도 있을까요
2026-08-18 16:23:41 INFO EXCEL_CONNECTED | workbook=sample.xlsm sheet=트레이딩
2026-08-18 16:23:41 INFO LINE | mode=3 | looking_for=25-10 / BID | threshold=10000000 | raw_line=28.6.16(금) 인천도시공사270 (민3.969/.80/aa+) 팔자
2026-08-18 16:23:45 INFO EXCEL_CONNECTED | workbook=sample.xlsm sheet=트레이딩
2026-08-18 16:23:45 INFO LINE | mode=3 | looking_for=25-10 / BID | threshold=10000000 | raw_line=25-5 34 추가사자 50억
2026-08-18 16:23:46 INFO EXCEL_CONNECTED | workbook=sample.xlsm sheet=트레이딩
2026-08-18 16:23:46 INFO LINE | mode=3 | looking_for=25-10 / BID | threshold=10000000 | raw_line=26-2 755+ 10
2026-08-18 16:23:46 INFO LINE | mode=3 | looking_for=25-10 / BID | threshold=10000000 | raw_line=26-6 375+ 10억
2026-08-18 16:23:46 INFO LINE | mode=3 | looking_for=25-10 / BID | threshold=10000000 | raw_line=25-11 365- 10억
2026-08-18 16:23:46 INFO LINE | mode=3 | looking_for=25-10 / BID | threshold=10000000 | raw_line=26-5  84-   50
2026-08-18 16:23:46 INFO LINE | mode=3 | looking_for=25-10 / BID | threshold=10000000 | raw_line=26-5 84 845+ 50
2026-08-18 16:23:46 INFO LINE | mode=3 | looking_for=25-10 / BID | threshold=10000000 | raw_line=26-5 84 845 세트 사자 40억
2026-08-18 16:23:46 INFO LINE | mode=3 | looking_for=25-10 / BID | threshold=10000000 | raw_line=26-5 84 845+ 50
2026-08-18 16:23:50 INFO EXCEL_CONNECTED | workbook=sample.xlsm sheet=트레이딩
2026-08-18 16:23:50 INFO LINE | mode=3 | looking_for=25-10 / BID | threshold=10000000 | raw_line=26-5 20억 당팔
2026-08-18 16:23:50 INFO LINE | mode=3 | looking_for=25-10 / BID | threshold=10000000 | raw_line=28.5.8(월)해외인프라도시개발(민3.940%/끝.29원/AAA)오버5팔자 3.990%
2026-08-18 16:23:57 INFO EXCEL_CONNECTED | workbook=sample.xlsm sheet=트레이딩
2026-08-18 16:23:57 INFO LINE | mode=3 | looking_for=25-10 / BID | threshold=10000000 | raw_line=27.7.18 평택도시공사(녹) -6원 팔자  (민3.79  .53)
2026-08-18 16:24:02 INFO EXCEL_CONNECTED | workbook=sample.xlsm sheet=트레이딩
2026-08-18 16:24:02 INFO LINE | mode=3 | looking_for=25-10 / BID | threshold=10000000 | raw_line=26-5 84 845+ 30억
2026-08-18 16:24:03 INFO EXCEL_CONNECTED | workbook=sample.xlsm sheet=트레이딩
2026-08-18 16:24:03 INFO LINE | mode=3 | looking_for=25-10 / BID | threshold=10000000 | raw_line=26-3 11+ 10억
2026-08-18 16:24:03 INFO LINE | mode=3 | looking_for=25-10 / BID | threshold=10000000 | raw_line=26-2 755+ 10
2026-08-18 16:24:03 INFO LINE | mode=3 | looking_for=25-10 / BID | threshold=10000000 | raw_line=26-2 755+ 10
2026-08-18 16:24:03 INFO LINE | mode=3 | looking_for=25-10 / BID | threshold=10000000 | raw_line=26-6 375+ 10억
2026-08-18 16:24:03 INFO LINE | mode=3 | looking_for=25-10 / BID | threshold=10000000 | raw_line=25-11 365- 10억
2026-08-18 16:24:03 INFO LINE | mode=3 | looking_for=25-10 / BID | threshold=10000000 | raw_line=26-5  84-   50
2026-08-18 16:24:03 INFO LINE | mode=3 | looking_for=25-10 / BID | threshold=10000000 | raw_line=26-5 84 845+ 50
2026-08-18 16:24:04 INFO EXCEL_CONNECTED | workbook=sample.xlsm sheet=트레이딩
2026-08-18 16:24:04 INFO LINE | mode=3 | looking_for=25-10 / BID | threshold=10000000 | raw_line=26-2 75 755+ 10
2026-08-18 16:24:04 INFO LINE | mode=3 | looking_for=25-10 / BID | threshold=10000000 | raw_line=27.7.18(일) 평택도시공사2025-3(녹)(민3.79 .53 AA 쿠:2.708) -6원 팔자 3.864%
2026-08-18 16:24:05 INFO EXCEL_CONNECTED | workbook=sample.xlsm sheet=트레이딩
2026-08-18 16:24:05 INFO LINE | mode=3 | looking_for=25-10 / BID | threshold=10000000 | raw_line=26-3 11+ 30억
2026-08-18 16:24:05 INFO LINE | mode=3 | looking_for=25-10 / BID | threshold=10000000 | raw_line=26-3 11+ 10억
2026-08-18 16:24:05 INFO LINE | mode=3 | looking_for=25-10 / BID | threshold=10000000 | raw_line=26-2 755+ 10
2026-08-18 16:24:05 INFO LINE | mode=3 | looking_for=25-10 / BID | threshold=10000000 | raw_line=26-2 755+ 10
2026-08-18 16:24:05 INFO LINE | mode=3 | looking_for=25-10 / BID | threshold=10000000 | raw_line=26-6 375+ 10억
2026-08-18 16:24:05 INFO LINE | mode=3 | looking_for=25-10 / BID | threshold=10000000 | raw_line=25-11 365- 10억
2026-08-18 16:24:05 INFO LINE | mode=3 | looking_for=25-10 / BID | threshold=10000000 | raw_line=26-5  84-   50
2026-08-18 16:24:05 INFO LINE | mode=3 | looking_for=25-10 / BID | threshold=10000000 | raw_line=29.2.19(월) 한국철도공사277 팔자 (민4.032/끝전.61) 오바4 팔자
2026-08-18 16:24:07 INFO EXCEL_CONNECTED | workbook=sample.xlsm sheet=트레이딩
2026-08-18 16:24:07 INFO LINE | mode=3 | looking_for=25-10 / BID | threshold=10000000 | raw_line=28.6.16(금) 인천도시공사270 (민3.969/.80/aa+) 팔자
2026-08-18 16:24:08 INFO EXCEL_CONNECTED | workbook=sample.xlsm sheet=트레이딩
2026-08-18 16:24:08 INFO LINE | mode=3 | looking_for=25-10 / BID | threshold=10000000 | raw_line=29.2.19(월) 한국철도공사277 팔자 (민4.032/끝전.61) 오바4 팔자
2026-08-18 16:24:08 INFO EXCEL_CONNECTED | workbook=sample.xlsm sheet=트레이딩
2026-08-18 16:24:08 INFO LINE | mode=3 | looking_for=25-10 / BID | threshold=10000000 | raw_line=26-5 84 845+ 자투리
2026-08-18 16:24:09 INFO EXCEL_CONNECTED | workbook=sample.xlsm sheet=트레이딩
2026-08-18 16:24:09 INFO LINE | mode=3 | looking_for=25-10 / BID | threshold=10000000 | raw_line=26-5 84 845 세트 사자 40억
2026-08-18 16:24:10 INFO EXCEL_CONNECTED | workbook=sample.xlsm sheet=트레이딩
2026-08-18 16:24:10 INFO LINE | mode=3 | looking_for=25-10 / BID | threshold=10000000 | raw_line=26-6 375+ 50
2026-08-18 16:24:10 INFO LINE | mode=3 | looking_for=25-10 / BID | threshold=10000000 | raw_line=26-3 11 +
2026-08-18 16:24:10 INFO LINE | mode=3 | looking_for=25-10 / BID | threshold=10000000 | raw_line=26-3 11+ 30억
2026-08-18 16:24:10 INFO LINE | mode=3 | looking_for=25-10 / BID | threshold=10000000 | raw_line=26-3 11+ 10억
2026-08-18 16:24:10 INFO LINE | mode=3 | looking_for=25-10 / BID | threshold=10000000 | raw_line=26-2 755+ 10
2026-08-18 16:24:10 INFO LINE | mode=3 | looking_for=25-10 / BID | threshold=10000000 | raw_line=26-2 755+ 10
2026-08-18 16:24:10 INFO LINE | mode=3 | looking_for=25-10 / BID | threshold=10000000 | raw_line=26-6 375+ 10억
2026-08-18 16:24:13 INFO EXCEL_CONNECTED | workbook=sample.xlsm sheet=트레이딩
2026-08-18 16:24:13 INFO LINE | mode=3 | looking_for=25-10 / BID | threshold=10000000 | raw_line=29.2.19(월) 한국철도공사277 팔자 (민4.032/끝전.61) 오바4 팔자
2026-08-18 16:24:16 INFO EXCEL_CONNECTED | workbook=sample.xlsm sheet=트레이딩
2026-08-18 16:24:16 INFO LINE | mode=3 | looking_for=25-10 / BID | threshold=10000000 | raw_line=26-3 매도호가 있으실까요?
2026-08-18 16:24:17 INFO EXCEL_CONNECTED | workbook=sample.xlsm sheet=트레이딩
2026-08-18 16:24:17 INFO LINE | mode=3 | looking_for=25-10 / BID | threshold=10000000 | raw_line=26-5 84+ 50억
2026-08-18 16:24:17 INFO LINE | mode=3 | looking_for=25-10 / BID | threshold=10000000 | raw_line=26-6 375+ 50
2026-08-18 16:24:17 INFO LINE | mode=3 | looking_for=25-10 / BID | threshold=10000000 | raw_line=26-3 11 +
2026-08-18 16:24:17 INFO LINE | mode=3 | looking_for=25-10 / BID | threshold=10000000 | raw_line=26-3 11+ 30억
2026-08-18 16:24:17 INFO LINE | mode=3 | looking_for=25-10 / BID | threshold=10000000 | raw_line=26-3 11+ 10억
2026-08-18 16:24:17 INFO LINE | mode=3 | looking_for=25-10 / BID | threshold=10000000 | raw_line=26-2 755+ 10
2026-08-18 16:24:17 INFO LINE | mode=3 | looking_for=25-10 / BID | threshold=10000000 | raw_line=26-2 755+ 10
2026-08-18 16:24:20 INFO EXCEL_CONNECTED | workbook=sample.xlsm sheet=트레이딩
2026-08-18 16:24:20 INFO LINE | mode=3 | looking_for=25-10 / BID | threshold=10000000 | raw_line=27.10.16 신한채(민 3.735,끝전.06,~FA4) -5원 팔자
2026-08-18 16:24:20 INFO EXCEL_CONNECTED | workbook=sample.xlsm sheet=트레이딩
2026-08-18 16:24:21 INFO LINE | mode=3 | looking_for=25-10 / BID | threshold=10000000 | raw_line=26.12.12(토) 국은채 (민 3.126 끝전.5 aaa) -1원 팔자
2026-08-18 16:24:22 INFO EXCEL_CONNECTED | workbook=sample.xlsm sheet=트레이딩
2026-08-18 16:24:22 INFO LINE | mode=3 | looking_for=25-10 / BID | threshold=10000000 | raw_line=26-5 84 845+ 30억
2026-08-18 16:24:22 INFO EXCEL_CONNECTED | workbook=sample.xlsm sheet=트레이딩
2026-08-18 16:24:23 INFO LINE | mode=3 | looking_for=25-10 / BID | threshold=10000000 | raw_line=26-5 84- 40 ㅎㅈ
2026-08-18 16:24:23 INFO LINE | mode=3 | looking_for=25-10 / BID | threshold=10000000 | raw_line=26-5 84+ 50억
2026-08-18 16:24:23 INFO LINE | mode=3 | looking_for=25-10 / BID | threshold=10000000 | raw_line=26-6 375+ 50
2026-08-18 16:24:23 INFO LINE | mode=3 | looking_for=25-10 / BID | threshold=10000000 | raw_line=26-3 11 +
2026-08-18 16:24:23 INFO LINE | mode=3 | looking_for=25-10 / BID | threshold=10000000 | raw_line=26-3 11+ 30억
2026-08-18 16:24:23 INFO LINE | mode=3 | looking_for=25-10 / BID | threshold=10000000 | raw_line=26-3 11+ 10억
2026-08-18 16:24:23 INFO LINE | mode=3 | looking_for=25-10 / BID | threshold=10000000 | raw_line=26-2 755+ 10
2026-08-18 16:24:23 INFO EXCEL_CONNECTED | workbook=sample.xlsm sheet=트레이딩
2026-08-18 16:24:23 INFO LINE | mode=3 | looking_for=25-10 / BID | threshold=10000000 | raw_line=25-5 매도호가 있나요
2026-08-18 16:24:24 INFO EXCEL_CONNECTED | workbook=sample.xlsm sheet=트레이딩
2026-08-18 16:24:24 INFO LINE | mode=3 | looking_for=25-10 / BID | threshold=10000000 | raw_line=2026.08.18 / 16:24
2026-08-18 16:24:27 INFO EXCEL_CONNECTED | workbook=sample.xlsm sheet=트레이딩
2026-08-18 16:24:27 INFO LINE | mode=3 | looking_for=25-10 / BID | threshold=10000000 | raw_line=27.10.16 신한채(민 3.735,끝전.06,~FA4) -4원 팔자
2026-08-18 16:24:30 INFO EXCEL_CONNECTED | workbook=sample.xlsm sheet=트레이딩
2026-08-18 16:24:30 INFO LINE | mode=3 | looking_for=25-10 / BID | threshold=10000000 | raw_line=26-6 375+ 10억 추가
2026-08-18 16:24:30 INFO LINE | mode=3 | looking_for=25-10 / BID | threshold=10000000 | raw_line=26-5 84+ 50
2026-08-18 16:24:30 INFO EXCEL_CONNECTED | workbook=sample.xlsm sheet=트레이딩
2026-08-18 16:24:31 INFO LINE | mode=3 | looking_for=25-10 / BID | threshold=10000000 | raw_line=26-2 755+ 30
2026-08-18 16:24:31 INFO LINE | mode=3 | looking_for=25-10 / BID | threshold=10000000 | raw_line=26-6 375+ 10억 추가
2026-08-18 16:24:31 INFO LINE | mode=3 | looking_for=25-10 / BID | threshold=10000000 | raw_line=국고 23-10 10억 사자관심
2026-08-18 16:24:31 INFO LINE | mode=3 | looking_for=25-10 / BID | threshold=10000000 | raw_line=26-5 84- 40 ㅎㅈ
2026-08-18 16:24:31 INFO LINE | mode=3 | looking_for=25-10 / BID | threshold=10000000 | raw_line=26-5 84+ 50억
2026-08-18 16:24:31 INFO LINE | mode=3 | looking_for=25-10 / BID | threshold=10000000 | raw_line=26-6 375+ 50
2026-08-18 16:24:31 INFO LINE | mode=3 | looking_for=25-10 / BID | threshold=10000000 | raw_line=26-3 11 +
2026-08-18 16:24:31 INFO EXCEL_CONNECTED | workbook=sample.xlsm sheet=트레이딩
2026-08-18 16:24:31 INFO LINE | mode=3 | looking_for=25-10 / BID | threshold=10000000 | raw_line=26-2 매도호가 있으신가요
2026-08-18 16:24:33 INFO EXCEL_CONNECTED | workbook=sample.xlsm sheet=트레이딩
2026-08-18 16:24:33 INFO LINE | mode=3 | looking_for=25-10 / BID | threshold=10000000 | raw_line=26-6 매도호가 있으실까요?
2026-08-18 16:24:36 INFO EXCEL_CONNECTED | workbook=sample.xlsm sheet=트레이딩
2026-08-18 16:24:36 INFO LINE | mode=3 | looking_for=25-10 / BID | threshold=10000000 | raw_line=26-6 37 팔자 50억
2026-08-18 16:24:37 INFO EXCEL_CONNECTED | workbook=sample.xlsm sheet=트레이딩
2026-08-18 16:24:37 INFO LINE | mode=3 | looking_for=25-10 / BID | threshold=10000000 | raw_line=26-5 84 845+ 50
2026-08-18 16:24:37 INFO LINE | mode=3 | looking_for=25-10 / BID | threshold=10000000 | raw_line=26-2 매도 있을까요
2026-08-18 16:24:37 INFO LINE | mode=3 | looking_for=25-10 / BID | threshold=10000000 | raw_line=26-6 375+ 10억
2026-08-18 16:24:37 INFO LINE | mode=3 | looking_for=25-10 / BID | threshold=10000000 | raw_line=26-2 755+ 30
2026-08-18 16:24:37 INFO LINE | mode=3 | looking_for=25-10 / BID | threshold=10000000 | raw_line=26-6 375+ 10억 추가
2026-08-18 16:24:37 INFO LINE | mode=3 | looking_for=25-10 / BID | threshold=10000000 | raw_line=국고 23-10 10억 사자관심
2026-08-18 16:24:37 INFO LINE | mode=3 | looking_for=25-10 / BID | threshold=10000000 | raw_line=26-5 84- 40 ㅎㅈ
2026-08-18 16:24:38 INFO EXCEL_CONNECTED | workbook=sample.xlsm sheet=트레이딩
2026-08-18 16:24:38 INFO LINE | mode=3 | looking_for=25-10 / BID | threshold=10000000 | raw_line=29.2.19(월) 한국철도공사277 팔자 (민4.032/끝전.61) 오바4 팔자
2026-08-18 16:24:39 INFO EXCEL_CONNECTED | workbook=sample.xlsm sheet=트레이딩
2026-08-18 16:24:39 INFO LINE | mode=3 | looking_for=25-10 / BID | threshold=10000000 | raw_line=27.7.18(일) 평택도시공사2025-3(녹)(민3.79 .53 AA 쿠:2.708) -6원 팔자 3.864%
2026-08-18 16:24:39 INFO EXCEL_CONNECTED | workbook=sample.xlsm sheet=트레이딩
2026-08-18 16:24:39 INFO LINE | mode=3 | looking_for=25-10 / BID | threshold=10000000 | raw_line=26-5 84+
2026-08-18 16:24:39 INFO LINE | mode=3 | looking_for=25-10 / BID | threshold=10000000 | raw_line=26-2 75- 20
2026-08-18 16:24:40 INFO EXCEL_CONNECTED | workbook=sample.xlsm sheet=트레이딩
2026-08-18 16:24:40 INFO LINE | mode=3 | looking_for=25-10 / BID | threshold=10000000 | raw_line=26-6 375+
2026-08-18 16:24:45 INFO EXCEL_CONNECTED | workbook=sample.xlsm sheet=트레이딩
2026-08-18 16:24:45 INFO LINE | mode=3 | looking_for=25-10 / BID | threshold=10000000 | raw_line=29.2.19(월) 한국철도공사277 팔자 (민4.032/끝전.61) 오바4 팔자
2026-08-18 16:24:46 INFO EXCEL_CONNECTED | workbook=sample.xlsm sheet=트레이딩
2026-08-18 16:24:46 INFO LINE | mode=3 | looking_for=25-10 / BID | threshold=10000000 | raw_line=20-4 사자
2026-08-18 16:24:47 INFO EXCEL_CONNECTED | workbook=sample.xlsm sheet=트레이딩
2026-08-18 16:24:47 INFO LINE | mode=3 | looking_for=25-10 / BID | threshold=10000000 | raw_line=25-5 매도호가 있나요
2026-08-18 16:24:48 INFO EXCEL_CONNECTED | workbook=sample.xlsm sheet=트레이딩
2026-08-18 16:24:48 INFO LINE | mode=3 | looking_for=25-10 / BID | threshold=10000000 | raw_line=26-6 375+ 10억
2026-08-18 16:24:48 INFO LINE | mode=3 | looking_for=25-10 / BID | threshold=10000000 | raw_line=26-5 84 845+ 자투리
2026-08-18 16:24:48 INFO LINE | mode=3 | looking_for=25-10 / BID | threshold=10000000 | raw_line=26-2 75 755+ 10
2026-08-18 16:24:48 INFO LINE | mode=3 | looking_for=25-10 / BID | threshold=10000000 | raw_line=26-5 84 845+ 30억
2026-08-18 16:24:48 INFO LINE | mode=3 | looking_for=25-10 / BID | threshold=10000000 | raw_line=26-5 20억 당팔
2026-08-18 16:24:48 INFO LINE | mode=3 | looking_for=25-10 / BID | threshold=10000000 | raw_line=25-5 34 추가사자 50억
2026-08-18 16:24:48 INFO LINE | mode=3 | looking_for=25-10 / BID | threshold=10000000 | raw_line=26-5 84 845+ 50
2026-08-18 16:24:48 INFO LINE | mode=3 | looking_for=25-10 / BID | threshold=10000000 | raw_line=26-2 매도 있을까요
2026-08-18 16:24:51 INFO EXCEL_CONNECTED | workbook=sample.xlsm sheet=트레이딩
2026-08-18 16:24:51 INFO LINE | mode=3 | looking_for=25-10 / BID | threshold=10000000 | raw_line=26-3 105 11- 자툴
2026-08-18 16:24:55 INFO EXCEL_CONNECTED | workbook=sample.xlsm sheet=트레이딩
2026-08-18 16:24:55 INFO LINE | mode=3 | looking_for=25-10 / BID | threshold=10000000 | raw_line=26-3 11+ 10억
2026-08-18 16:24:56 INFO EXCEL_CONNECTED | workbook=sample.xlsm sheet=트레이딩
2026-08-18 16:24:56 INFO LINE | mode=3 | looking_for=25-10 / BID | threshold=10000000 | raw_line=26-2 75 755+ 10
2026-08-18 16:24:56 INFO EXCEL_CONNECTED | workbook=sample.xlsm sheet=트레이딩
2026-08-18 16:24:57 INFO LINE | mode=3 | looking_for=25-10 / BID | threshold=10000000 | raw_line=26-5 84 845+ 30억
2026-08-18 16:24:57 INFO LINE | mode=3 | looking_for=25-10 / BID | threshold=10000000 | raw_line=26-3 매도호가 있으실까요?
2026-08-18 16:24:57 INFO LINE | mode=3 | looking_for=25-10 / BID | threshold=10000000 | raw_line=26-5 84 845 세트 사자 40억
2026-08-18 16:24:57 INFO LINE | mode=3 | looking_for=25-10 / BID | threshold=10000000 | raw_line=26-5 84 845+ 자투리
2026-08-18 16:24:57 INFO LINE | mode=3 | looking_for=25-10 / BID | threshold=10000000 | raw_line=26-2 75 755+ 10
2026-08-18 16:24:57 INFO LINE | mode=3 | looking_for=25-10 / BID | threshold=10000000 | raw_line=26-5 84 845+ 30억
2026-08-18 16:24:57 INFO LINE | mode=3 | looking_for=25-10 / BID | threshold=10000000 | raw_line=26-5 20억 당팔
2026-08-18 16:24:58 INFO EXCEL_CONNECTED | workbook=sample.xlsm sheet=트레이딩
2026-08-18 16:24:58 INFO LINE | mode=3 | looking_for=25-10 / BID | threshold=10000000 | raw_line=26-3 105 11- 자툴
2026-08-18 16:24:58 INFO EXCEL_CONNECTED | workbook=sample.xlsm sheet=트레이딩
2026-08-18 16:24:59 INFO LINE | mode=3 | looking_for=25-10 / BID | threshold=10000000 | raw_line=26-3 11+ 50
2026-08-18 16:24:59 INFO LINE | mode=3 | looking_for=25-10 / BID | threshold=10000000 | raw_line=25-5 매도호가 있나요
2026-08-18 16:24:59 INFO LINE | mode=3 | looking_for=25-10 / BID | threshold=10000000 | raw_line=26-5 84 845+ 30억
2026-08-18 16:24:59 INFO LINE | mode=3 | looking_for=25-10 / BID | threshold=10000000 | raw_line=26-3 매도호가 있으실까요?
2026-08-18 16:24:59 INFO LINE | mode=3 | looking_for=25-10 / BID | threshold=10000000 | raw_line=26-5 84 845 세트 사자 40억
2026-08-18 16:24:59 INFO LINE | mode=3 | looking_for=25-10 / BID | threshold=10000000 | raw_line=26-5 84 845+ 자투리
2026-08-18 16:24:59 INFO LINE | mode=3 | looking_for=25-10 / BID | threshold=10000000 | raw_line=26-2 75 755+ 10
2026-08-18 16:24:59 INFO LINE | mode=3 | looking_for=25-10 / BID | threshold=10000000 | raw_line=26-5 84 845+ 30억
2026-08-18 16:25:00 INFO EXCEL_CONNECTED | workbook=sample.xlsm sheet=트레이딩
2026-08-18 16:25:00 INFO LINE | mode=3 | looking_for=25-10 / BID | threshold=10000000 | raw_line=27.9.12(일) 서울교통공사 [민 3.748, 끝.31] -3원 팔자3.78
2026-08-18 16:25:00 INFO EXCEL_CONNECTED | workbook=sample.xlsm sheet=트레이딩
2026-08-18 16:25:01 INFO LINE | mode=3 | looking_for=25-10 / BID | threshold=10000000 | raw_line=28.5.8(월)해외인프라도시개발(민3.940%/끝.29원/AAA)오버5팔자 3.990%
2026-08-18 16:25:05 INFO EXCEL_CONNECTED | workbook=sample.xlsm sheet=트레이딩
2026-08-18 16:25:05 INFO LINE | mode=3 | looking_for=25-10 / BID | threshold=10000000 | raw_line=26-6 375+ 10억
2026-08-18 16:25:06 INFO EXCEL_CONNECTED | workbook=sample.xlsm sheet=트레이딩
2026-08-18 16:25:06 INFO LINE | mode=3 | looking_for=25-10 / BID | threshold=10000000 | raw_line=26-5 84+ 50
2026-08-18 16:25:06 INFO LINE | mode=3 | looking_for=25-10 / BID | threshold=10000000 | raw_line=25-5 매도호가 있나요
2026-08-18 16:25:06 INFO LINE | mode=3 | looking_for=25-10 / BID | threshold=10000000 | raw_line=26-5 84 845+ 30억
2026-08-18 16:25:06 INFO LINE | mode=3 | looking_for=25-10 / BID | threshold=10000000 | raw_line=26-3 매도호가 있으실까요?
2026-08-18 16:25:06 INFO LINE | mode=3 | looking_for=25-10 / BID | threshold=10000000 | raw_line=26-5 84 845 세트 사자 40억
2026-08-18 16:25:06 INFO LINE | mode=3 | looking_for=25-10 / BID | threshold=10000000 | raw_line=26-5 84 845+ 자투리
2026-08-18 16:25:06 INFO LINE | mode=3 | looking_for=25-10 / BID | threshold=10000000 | raw_line=26-2 75 755+ 10
2026-08-18 16:25:06 INFO EXCEL_CONNECTED | workbook=sample.xlsm sheet=트레이딩
2026-08-18 16:25:06 INFO LINE | mode=3 | looking_for=25-10 / BID | threshold=10000000 | raw_line=27.7.18(일) 평택도시공사2025-3(녹)(민3.79 .53 AA 쿠:2.708) -6원 팔자 3.864%
2026-08-18 16:25:09 INFO EXCEL_CONNECTED | workbook=sample.xlsm sheet=트레이딩
2026-08-18 16:25:09 INFO LINE | mode=3 | looking_for=25-10 / BID | threshold=10000000 | raw_line=26-2 75 755+ 자투리
2026-08-18 16:25:10 INFO EXCEL_CONNECTED | workbook=sample.xlsm sheet=트레이딩
2026-08-18 16:25:10 INFO LINE | mode=3 | looking_for=25-10 / BID | threshold=10000000 | raw_line=26-6 375+ 10억 추가
2026-08-18 16:25:10 INFO LINE | mode=3 | looking_for=25-10 / BID | threshold=10000000 | raw_line=26-5 84+ 50
2026-08-18 16:25:10 INFO LINE | mode=3 | looking_for=25-10 / BID | threshold=10000000 | raw_line=25-5 매도호가 있나요
2026-08-18 16:25:10 INFO LINE | mode=3 | looking_for=25-10 / BID | threshold=10000000 | raw_line=26-5 84 845+ 30억
2026-08-18 16:25:10 INFO LINE | mode=3 | looking_for=25-10 / BID | threshold=10000000 | raw_line=26-3 매도호가 있으실까요?
2026-08-18 16:25:10 INFO LINE | mode=3 | looking_for=25-10 / BID | threshold=10000000 | raw_line=26-5 84 845 세트 사자 40억
2026-08-18 16:25:10 INFO LINE | mode=3 | looking_for=25-10 / BID | threshold=10000000 | raw_line=26-5 84 845+ 자투리
2026-08-18 16:25:11 INFO EXCEL_CONNECTED | workbook=sample.xlsm sheet=트레이딩
2026-08-18 16:25:11 INFO LINE | mode=3 | looking_for=25-10 / BID | threshold=10000000 | raw_line=26-2 75- 20
2026-08-18 16:25:12 INFO EXCEL_CONNECTED | workbook=sample.xlsm sheet=트레이딩
2026-08-18 16:25:12 INFO LINE | mode=3 | looking_for=25-10 / BID | threshold=10000000 | raw_line=26-2 매도호가 있으신가요
2026-08-18 16:25:12 INFO LINE | mode=3 | looking_for=25-10 / BID | threshold=10000000 | raw_line=26-6 375+ 10억 추가
2026-08-18 16:25:12 INFO LINE | mode=3 | looking_for=25-10 / BID | threshold=10000000 | raw_line=26-5 84+ 50
2026-08-18 16:25:12 INFO LINE | mode=3 | looking_for=25-10 / BID | threshold=10000000 | raw_line=25-5 매도호가 있나요
2026-08-18 16:25:12 INFO LINE | mode=3 | looking_for=25-10 / BID | threshold=10000000 | raw_line=26-5 84 845+ 30억
2026-08-18 16:25:12 INFO LINE | mode=3 | looking_for=25-10 / BID | threshold=10000000 | raw_line=26-3 매도호가 있으실까요?
2026-08-18 16:25:12 INFO LINE | mode=3 | looking_for=25-10 / BID | threshold=10000000 | raw_line=26-5 84 845 세트 사자 40억
2026-08-18 16:25:12 INFO LINE | mode=3 | looking_for=25-10 / BID | threshold=10000000 | raw_line=27.8.7 중금(~GF88) (민3.609, 끝.12) -3원 3.642 팔자
2026-08-18 16:25:12 INFO EXCEL_CONNECTED | workbook=sample.xlsm sheet=트레이딩
2026-08-18 16:25:13 INFO LINE | mode=3 | looking_for=25-10 / BID | threshold=10000000 | raw_line=28.6.17 산금채 [민3.834%/끝45/AAA] 팔자
2026-08-18 16:25:13 INFO LINE | mode=3 | looking_for=25-10 / BID | threshold=10000000 | raw_line=28.6.23 중금채 [민3.836%/끝95/AAA] 팔자
2026-08-18 16:25:13 INFO EXCEL_CONNECTED | workbook=sample.xlsm sheet=트레이딩
2026-08-18 16:25:13 INFO LINE | mode=3 | looking_for=25-10 / BID | threshold=10000000 | raw_line=26-6 375+ 50억
2026-08-18 16:25:15 INFO EXCEL_CONNECTED | workbook=sample.xlsm sheet=트레이딩
2026-08-18 16:25:15 INFO LINE | mode=3 | looking_for=25-10 / BID | threshold=10000000 | raw_line=27.8.7 중금(~GF88) (민3.609, 끝.12) -3원 3.642 팔자
2026-08-18 16:25:16 INFO EXCEL_CONNECTED | workbook=sample.xlsm sheet=트레이딩
2026-08-18 16:25:16 INFO LINE | mode=3 | looking_for=25-10 / BID | threshold=10000000 | raw_line=27.1.25(월)중금(민3.233%/끝.54원)-3원팔자 3.316% 동통
2026-08-18 16:25:16 INFO LINE | mode=3 | looking_for=25-10 / BID | threshold=10000000 | raw_line=28.6.17 산금채 [민3.834%/끝45/AAA] 팔자
2026-08-18 16:25:19 INFO EXCEL_CONNECTED | workbook=sample.xlsm sheet=트레이딩
2026-08-18 16:25:19 INFO LINE | mode=3 | looking_for=25-10 / BID | threshold=10000000 | raw_line=26-5 84+ 30
2026-08-18 16:25:20 INFO EXCEL_CONNECTED | workbook=sample.xlsm sheet=트레이딩
2026-08-18 16:25:20 INFO LINE | mode=3 | looking_for=25-10 / BID | threshold=10000000 | raw_line=26-6 37 팔자 50억
2026-08-18 16:25:20 INFO LINE | mode=3 | looking_for=25-10 / BID | threshold=10000000 | raw_line=26-6 매도호가 있으실까요?
2026-08-18 16:25:20 INFO LINE | mode=3 | looking_for=25-10 / BID | threshold=10000000 | raw_line=26-2 매도호가 있으신가요
2026-08-18 16:25:20 INFO LINE | mode=3 | looking_for=25-10 / BID | threshold=10000000 | raw_line=26-6 375+ 10억 추가
2026-08-18 16:25:20 INFO LINE | mode=3 | looking_for=25-10 / BID | threshold=10000000 | raw_line=26-5 84+ 50
2026-08-18 16:25:20 INFO LINE | mode=3 | looking_for=25-10 / BID | threshold=10000000 | raw_line=25-5 매도호가 있나요
2026-08-18 16:25:20 INFO LINE | mode=3 | looking_for=25-10 / BID | threshold=10000000 | raw_line=26-5 84 845+ 30억
2026-08-18 16:25:20 INFO EXCEL_CONNECTED | workbook=sample.xlsm sheet=트레이딩
2026-08-18 16:25:21 INFO LINE | mode=3 | looking_for=25-10 / BID | threshold=10000000 | raw_line=26-6 37 375 세트 팔자 50억
2026-08-18 16:25:22 INFO EXCEL_CONNECTED | workbook=sample.xlsm sheet=트레이딩
2026-08-18 16:25:22 INFO LINE | mode=3 | looking_for=25-10 / BID | threshold=10000000 | raw_line=26-6 37 375+ 50 ㅎㅈ\
2026-08-18 16:25:23 INFO EXCEL_CONNECTED | workbook=sample.xlsm sheet=트레이딩
2026-08-18 16:25:23 INFO LINE | mode=3 | looking_for=25-10 / BID | threshold=10000000 | raw_line=26-5 84+
2026-08-18 16:25:23 INFO LINE | mode=3 | looking_for=25-10 / BID | threshold=10000000 | raw_line=26-2 75- 20
2026-08-18 16:25:23 INFO LINE | mode=3 | looking_for=25-10 / BID | threshold=10000000 | raw_line=26-6 37 팔자 50억
2026-08-18 16:25:23 INFO LINE | mode=3 | looking_for=25-10 / BID | threshold=10000000 | raw_line=26-6 매도호가 있으실까요?
2026-08-18 16:25:23 INFO LINE | mode=3 | looking_for=25-10 / BID | threshold=10000000 | raw_line=26-2 매도호가 있으신가요
2026-08-18 16:25:23 INFO LINE | mode=3 | looking_for=25-10 / BID | threshold=10000000 | raw_line=26-6 375+ 10억 추가
2026-08-18 16:25:23 INFO LINE | mode=3 | looking_for=25-10 / BID | threshold=10000000 | raw_line=26-5 84+ 50
2026-08-18 16:25:24 INFO EXCEL_CONNECTED | workbook=sample.xlsm sheet=트레이딩
2026-08-18 16:25:24 INFO LINE | mode=3 | looking_for=25-10 / BID | threshold=10000000 | raw_line=26-6 37 375 세트 팔자 50억
2026-08-18 16:25:25 INFO EXCEL_CONNECTED | workbook=sample.xlsm sheet=트레이딩
2026-08-18 16:25:25 INFO LINE | mode=3 | looking_for=25-10 / BID | threshold=10000000 | raw_line=2026.08.18 / 16:25
2026-08-18 16:25:25 INFO LINE | mode=3 | looking_for=25-10 / BID | threshold=10000000 | raw_line=26-6 375+
2026-08-18 16:25:25 INFO LINE | mode=3 | looking_for=25-10 / BID | threshold=10000000 | raw_line=26-5 84+
2026-08-18 16:25:25 INFO LINE | mode=3 | looking_for=25-10 / BID | threshold=10000000 | raw_line=26-2 75- 20
2026-08-18 16:25:25 INFO LINE | mode=3 | looking_for=25-10 / BID | threshold=10000000 | raw_line=26-6 37 팔자 50억
2026-08-18 16:25:25 INFO LINE | mode=3 | looking_for=25-10 / BID | threshold=10000000 | raw_line=26-6 매도호가 있으실까요?
2026-08-18 16:25:25 INFO LINE | mode=3 | looking_for=25-10 / BID | threshold=10000000 | raw_line=26-2 매도호가 있으신가요
2026-08-18 16:25:25 INFO LINE | mode=3 | looking_for=25-10 / BID | threshold=10000000 | raw_line=26-6 375+ 10억 추가
2026-08-18 16:25:25 INFO EXCEL_CONNECTED | workbook=sample.xlsm sheet=트레이딩
2026-08-18 16:25:25 INFO LINE | mode=3 | looking_for=25-10 / BID | threshold=10000000 | raw_line=ㅎㅈ
2026-08-18 16:25:25 INFO LINE | mode=3 | looking_for=25-10 / BID | threshold=10000000 | raw_line=ㅎㅈ
2026-08-18 16:25:26 INFO EXCEL_CONNECTED | workbook=sample.xlsm sheet=트레이딩
2026-08-18 16:25:26 INFO LINE | mode=3 | looking_for=25-10 / BID | threshold=10000000 | raw_line=감사합니다
2026-08-18 16:25:26 INFO LINE | mode=3 | looking_for=25-10 / BID | threshold=10000000 | raw_line=감사합니다
2026-08-18 16:25:27 INFO EXCEL_CONNECTED | workbook=sample.xlsm sheet=트레이딩
2026-08-18 16:25:27 INFO LINE | mode=3 | looking_for=25-10 / BID | threshold=10000000 | raw_line=ㅎㅈ
2026-08-18 16:25:27 INFO LINE | mode=3 | looking_for=25-10 / BID | threshold=10000000 | raw_line=ㅎㅈ
2026-08-18 16:25:27 INFO LINE | mode=3 | looking_for=25-10 / BID | threshold=10000000 | raw_line=375
2026-08-18 16:25:27 INFO LINE | mode=3 | looking_for=25-10 / BID | threshold=10000000 | raw_line=375
2026-08-18 16:25:27 INFO LINE | mode=3 | looking_for=25-10 / BID | threshold=10000000 | raw_line=ㅎㅈ
2026-08-18 16:25:28 INFO EXCEL_CONNECTED | workbook=sample.xlsm sheet=트레이딩
2026-08-18 16:25:28 INFO LINE | mode=3 | looking_for=25-10 / BID | threshold=10000000 | raw_line=감사합니다!
2026-08-18 16:25:28 INFO LINE | mode=3 | looking_for=25-10 / BID | threshold=10000000 | raw_line=감사합니다!
2026-08-18 16:25:29 INFO EXCEL_CONNECTED | workbook=sample.xlsm sheet=트레이딩
2026-08-18 16:25:29 INFO LINE | mode=3 | looking_for=25-10 / BID | threshold=10000000 | raw_line=ㅎㅈ
2026-08-18 16:25:29 INFO LINE | mode=3 | looking_for=25-10 / BID | threshold=10000000 | raw_line=ㅎㅈ
2026-08-18 16:25:29 INFO LINE | mode=3 | looking_for=25-10 / BID | threshold=10000000 | raw_line=ㅎㅈ
2026-08-18 16:25:29 INFO LINE | mode=3 | looking_for=25-10 / BID | threshold=10000000 | raw_line=ㅎㅈ
2026-08-18 16:25:29 INFO LINE | mode=3 | looking_for=25-10 / BID | threshold=10000000 | raw_line=375
2026-08-18 16:25:35 INFO EXCEL_CONNECTED | workbook=sample.xlsm sheet=트레이딩
2026-08-18 16:25:35 INFO LINE | mode=3 | looking_for=25-10 / BID | threshold=10000000 | raw_line=375
2026-08-18 16:25:41 INFO EXCEL_CONNECTED | workbook=sample.xlsm sheet=트레이딩
2026-08-18 16:25:41 INFO LINE | mode=3 | looking_for=25-10 / BID | threshold=10000000 | raw_line=26-2 75 755+ 자투리
2026-08-18 16:25:42 INFO EXCEL_CONNECTED | workbook=sample.xlsm sheet=트레이딩
2026-08-18 16:25:42 INFO LINE | mode=3 | looking_for=25-10 / BID | threshold=10000000 | raw_line=20-4 사자
2026-08-18 16:25:42 INFO LINE | mode=3 | looking_for=25-10 / BID | threshold=10000000 | raw_line=26-6 375+
2026-08-18 16:25:42 INFO LINE | mode=3 | looking_for=25-10 / BID | threshold=10000000 | raw_line=26-5 84+
2026-08-18 16:25:42 INFO LINE | mode=3 | looking_for=25-10 / BID | threshold=10000000 | raw_line=26-2 75- 20
2026-08-18 16:25:42 INFO LINE | mode=3 | looking_for=25-10 / BID | threshold=10000000 | raw_line=26-6 37 팔자 50억
2026-08-18 16:25:42 INFO LINE | mode=3 | looking_for=25-10 / BID | threshold=10000000 | raw_line=26-6 매도호가 있으실까요?
2026-08-18 16:25:42 INFO LINE | mode=3 | looking_for=25-10 / BID | threshold=10000000 | raw_line=26-2 매도호가 있으신가요
2026-08-18 16:25:45 INFO EXCEL_CONNECTED | workbook=sample.xlsm sheet=트레이딩
2026-08-18 16:25:45 INFO LINE | mode=3 | looking_for=25-10 / BID | threshold=10000000 | raw_line=26-6 37- 20억
2026-08-18 16:25:46 INFO EXCEL_CONNECTED | workbook=sample.xlsm sheet=트레이딩
2026-08-18 16:25:46 INFO LINE | mode=3 | looking_for=25-10 / BID | threshold=10000000 | raw_line=26-6 375+ 10억
2026-08-18 16:25:46 INFO LINE | mode=3 | looking_for=25-10 / BID | threshold=10000000 | raw_line=20-4 사자
2026-08-18 16:25:46 INFO LINE | mode=3 | looking_for=25-10 / BID | threshold=10000000 | raw_line=26-6 375+
2026-08-18 16:25:46 INFO LINE | mode=3 | looking_for=25-10 / BID | threshold=10000000 | raw_line=26-5 84+
2026-08-18 16:25:46 INFO LINE | mode=3 | looking_for=25-10 / BID | threshold=10000000 | raw_line=26-2 75- 20
2026-08-18 16:25:46 INFO LINE | mode=3 | looking_for=25-10 / BID | threshold=10000000 | raw_line=26-6 37 팔자 50억
2026-08-18 16:25:46 INFO LINE | mode=3 | looking_for=25-10 / BID | threshold=10000000 | raw_line=26-6 매도호가 있으실까요?
2026-08-18 16:25:54 INFO EXCEL_CONNECTED | workbook=sample.xlsm sheet=트레이딩
2026-08-18 16:25:54 INFO LINE | mode=3 | looking_for=25-10 / BID | threshold=10000000 | raw_line=26-3 11+
2026-08-18 16:25:59 INFO EXCEL_CONNECTED | workbook=sample.xlsm sheet=트레이딩
2026-08-18 16:26:00 INFO LINE | mode=3 | looking_for=25-10 / BID | threshold=10000000 | raw_line=26-3 11+ 10억
2026-08-18 16:26:00 INFO EXCEL_CONNECTED | workbook=sample.xlsm sheet=트레이딩
2026-08-18 16:26:00 INFO LINE | mode=3 | looking_for=25-10 / BID | threshold=10000000 | raw_line=26-3 105 11+ 30
2026-08-18 16:26:01 INFO EXCEL_CONNECTED | workbook=sample.xlsm sheet=트레이딩
2026-08-18 16:26:01 INFO LINE | mode=3 | looking_for=25-10 / BID | threshold=10000000 | raw_line=26-2 75 755+ 10
2026-08-18 16:26:01 INFO LINE | mode=3 | looking_for=25-10 / BID | threshold=10000000 | raw_line=26-3 11+ 10억
2026-08-18 16:26:01 INFO LINE | mode=3 | looking_for=25-10 / BID | threshold=10000000 | raw_line=26-3 105 11- 자툴
2026-08-18 16:26:01 INFO LINE | mode=3 | looking_for=25-10 / BID | threshold=10000000 | raw_line=26-6 375+ 10억
2026-08-18 16:26:01 INFO LINE | mode=3 | looking_for=25-10 / BID | threshold=10000000 | raw_line=20-4 사자
2026-08-18 16:26:01 INFO LINE | mode=3 | looking_for=25-10 / BID | threshold=10000000 | raw_line=26-6 375+
2026-08-18 16:26:01 INFO LINE | mode=3 | looking_for=25-10 / BID | threshold=10000000 | raw_line=26-5 84+
2026-08-18 16:26:11 INFO EXCEL_CONNECTED | workbook=sample.xlsm sheet=트레이딩
2026-08-18 16:26:11 INFO LINE | mode=3 | looking_for=25-10 / BID | threshold=10000000 | raw_line=26-3 20억 당팔
2026-08-18 16:26:11 INFO LINE | mode=3 | looking_for=25-10 / BID | threshold=10000000 | raw_line=26-3 105 11 거래완료
2026-08-18 16:26:11 INFO LINE | mode=3 | looking_for=25-10 / BID | threshold=10000000 | raw_line=29.2.19(월) 한국철도공사 (민4.032 .61) +4bp
2026-08-18 16:26:12 INFO EXCEL_CONNECTED | workbook=sample.xlsm sheet=트레이딩
2026-08-18 16:26:12 INFO LINE | mode=3 | looking_for=25-10 / BID | threshold=10000000 | raw_line=26-6 375+ 10억
2026-08-18 16:26:12 INFO LINE | mode=3 | looking_for=25-10 / BID | threshold=10000000 | raw_line=26-3 11+ 50
2026-08-18 16:26:12 INFO LINE | mode=3 | looking_for=25-10 / BID | threshold=10000000 | raw_line=26-2 75 755+ 10
2026-08-18 16:26:12 INFO LINE | mode=3 | looking_for=25-10 / BID | threshold=10000000 | raw_line=26-3 11+ 10억
2026-08-18 16:26:12 INFO LINE | mode=3 | looking_for=25-10 / BID | threshold=10000000 | raw_line=26-3 105 11- 자툴
2026-08-18 16:26:12 INFO LINE | mode=3 | looking_for=25-10 / BID | threshold=10000000 | raw_line=26-6 375+ 10억
2026-08-18 16:26:12 INFO LINE | mode=3 | looking_for=25-10 / BID | threshold=10000000 | raw_line=20-4 사자
2026-08-18 16:26:12 INFO LINE | mode=3 | looking_for=25-10 / BID | threshold=10000000 | raw_line=27.9.12(일) 서교공(민 3.748, .31) -3원 팔자~3.78%
2026-08-18 16:26:15 INFO EXCEL_CONNECTED | workbook=sample.xlsm sheet=트레이딩
2026-08-18 16:26:15 INFO LINE | mode=3 | looking_for=25-10 / BID | threshold=10000000 | raw_line=26-2 75 755+ 자투리
2026-08-18 16:26:16 INFO EXCEL_CONNECTED | workbook=sample.xlsm sheet=트레이딩
2026-08-18 16:26:16 INFO LINE | mode=3 | looking_for=25-10 / BID | threshold=10000000 | raw_line=26-2 75 755+ 자투리
2026-08-18 16:26:16 INFO LINE | mode=3 | looking_for=25-10 / BID | threshold=10000000 | raw_line=26-6 375+ 10억
2026-08-18 16:26:16 INFO LINE | mode=3 | looking_for=25-10 / BID | threshold=10000000 | raw_line=26-3 11+ 50
2026-08-18 16:26:16 INFO LINE | mode=3 | looking_for=25-10 / BID | threshold=10000000 | raw_line=26-2 75 755+ 10
2026-08-18 16:26:16 INFO LINE | mode=3 | looking_for=25-10 / BID | threshold=10000000 | raw_line=26-3 11+ 10억
2026-08-18 16:26:16 INFO LINE | mode=3 | looking_for=25-10 / BID | threshold=10000000 | raw_line=26-3 105 11- 자툴
2026-08-18 16:26:16 INFO LINE | mode=3 | looking_for=25-10 / BID | threshold=10000000 | raw_line=26-6 375+ 10억
2026-08-18 16:26:18 INFO EXCEL_CONNECTED | workbook=sample.xlsm sheet=트레이딩
2026-08-18 16:26:18 INFO LINE | mode=3 | looking_for=25-10 / BID | threshold=10000000 | raw_line=28.5.8(월)해외인프라도시개발(민3.940%/끝.29원/AAA)오버5팔자 3.990%
2026-08-18 16:26:21 INFO EXCEL_CONNECTED | workbook=sample.xlsm sheet=트레이딩
2026-08-18 16:26:21 INFO LINE | mode=3 | looking_for=25-10 / BID | threshold=10000000 | raw_line=26-2 75 755+ 10
2026-08-18 16:26:22 INFO EXCEL_CONNECTED | workbook=sample.xlsm sheet=트레이딩
2026-08-18 16:26:22 INFO LINE | mode=3 | looking_for=25-10 / BID | threshold=10000000 | raw_line=26-2 75- 20
2026-08-18 16:26:22 INFO LINE | mode=3 | looking_for=25-10 / BID | threshold=10000000 | raw_line=26-2 75 755+ 자투리
2026-08-18 16:26:22 INFO LINE | mode=3 | looking_for=25-10 / BID | threshold=10000000 | raw_line=26-6 375+ 10억
2026-08-18 16:26:22 INFO LINE | mode=3 | looking_for=25-10 / BID | threshold=10000000 | raw_line=26-3 11+ 50
2026-08-18 16:26:22 INFO LINE | mode=3 | looking_for=25-10 / BID | threshold=10000000 | raw_line=26-2 75 755+ 10
2026-08-18 16:26:22 INFO LINE | mode=3 | looking_for=25-10 / BID | threshold=10000000 | raw_line=26-3 11+ 10억
2026-08-18 16:26:22 INFO LINE | mode=3 | looking_for=25-10 / BID | threshold=10000000 | raw_line=26-3 105 11- 자툴
2026-08-18 16:26:23 INFO EXCEL_CONNECTED | workbook=sample.xlsm sheet=트레이딩
2026-08-18 16:26:23 INFO LINE | mode=3 | looking_for=25-10 / BID | threshold=10000000 | raw_line=26-5 84+ 30
2026-08-18 16:26:23 INFO LINE | mode=3 | looking_for=25-10 / BID | threshold=10000000 | raw_line=27.9.12(일) 현대제철139-1 (민 3.904/끝.16/AA) -4원 팔자 3.944
2026-08-18 16:26:24 INFO EXCEL_CONNECTED | workbook=sample.xlsm sheet=트레이딩
2026-08-18 16:26:24 INFO LINE | mode=3 | looking_for=25-10 / BID | threshold=10000000 | raw_line=26-6 375+ 50억
2026-08-18 16:26:24 INFO LINE | mode=3 | looking_for=25-10 / BID | threshold=10000000 | raw_line=26-2 75- 20
2026-08-18 16:26:24 INFO LINE | mode=3 | looking_for=25-10 / BID | threshold=10000000 | raw_line=26-2 75 755+ 자투리
2026-08-18 16:26:24 INFO LINE | mode=3 | looking_for=25-10 / BID | threshold=10000000 | raw_line=26-6 375+ 10억
2026-08-18 16:26:24 INFO LINE | mode=3 | looking_for=25-10 / BID | threshold=10000000 | raw_line=26-3 11+ 50
2026-08-18 16:26:24 INFO LINE | mode=3 | looking_for=25-10 / BID | threshold=10000000 | raw_line=26-2 75 755+ 10
2026-08-18 16:26:24 INFO LINE | mode=3 | looking_for=25-10 / BID | threshold=10000000 | raw_line=26-3 11+ 10억
2026-08-18 16:26:24 INFO LINE | mode=3 | looking_for=25-10 / BID | threshold=10000000 | raw_line=27.2.17(수) 롯데웰푸드66-2(민3.625/끝.0/AA0) 팔자
2026-08-18 16:26:24 INFO EXCEL_CONNECTED | workbook=sample.xlsm sheet=트레이딩
2026-08-18 16:26:24 INFO LINE | mode=3 | looking_for=25-10 / BID | threshold=10000000 | raw_line=2026.08.18 / 16:26
2026-08-18 16:26:24 INFO LINE | mode=3 | looking_for=25-10 / BID | threshold=10000000 | raw_line=26-3 105 11+ 10억
2026-08-18 16:26:24 INFO LINE | mode=3 | looking_for=25-10 / BID | threshold=10000000 | raw_line=26-2 75- 20억
2026-08-18 16:26:26 INFO EXCEL_CONNECTED | workbook=sample.xlsm sheet=트레이딩
2026-08-18 16:26:26 INFO LINE | mode=3 | looking_for=25-10 / BID | threshold=10000000 | raw_line=26-2 75 755+ 자투리
2026-08-18 16:26:26 INFO LINE | mode=3 | looking_for=25-10 / BID | threshold=10000000 | raw_line=26-5 84+ 30
2026-08-18 16:26:26 INFO LINE | mode=3 | looking_for=25-10 / BID | threshold=10000000 | raw_line=26-6 375+ 50억
2026-08-18 16:26:26 INFO LINE | mode=3 | looking_for=25-10 / BID | threshold=10000000 | raw_line=26-2 75- 20
2026-08-18 16:26:26 INFO LINE | mode=3 | looking_for=25-10 / BID | threshold=10000000 | raw_line=26-2 75 755+ 자투리
2026-08-18 16:26:26 INFO LINE | mode=3 | looking_for=25-10 / BID | threshold=10000000 | raw_line=26-6 375+ 10억
2026-08-18 16:26:30 INFO EXCEL_CONNECTED | workbook=sample.xlsm sheet=트레이딩
2026-08-18 16:26:30 INFO LINE | mode=3 | looking_for=25-10 / BID | threshold=10000000 | raw_line=26.11.6(금) SK렌터카58-1 (민3.414 끝.45 A0) 팔자
2026-08-18 16:26:42 INFO EXCEL_CONNECTED | workbook=sample.xlsm sheet=트레이딩
2026-08-18 16:26:42 INFO LINE | mode=3 | looking_for=25-10 / BID | threshold=10000000 | raw_line=26-6 37 375 세트팔자 10억
2026-08-18 16:26:44 INFO EXCEL_CONNECTED | workbook=sample.xlsm sheet=트레이딩
2026-08-18 16:26:44 INFO LINE | mode=3 | looking_for=25-10 / BID | threshold=10000000 | raw_line=25-4 0.75 당사
2026-08-18 16:26:49 INFO EXCEL_CONNECTED | workbook=sample.xlsm sheet=트레이딩
2026-08-18 16:26:49 INFO LINE | mode=3 | looking_for=25-10 / BID | threshold=10000000 | raw_line=26-6 37 375+ 10억
2026-08-18 16:26:49 INFO LINE | mode=3 | looking_for=25-10 / BID | threshold=10000000 | raw_line=26-3 105 11+ 10억
2026-08-18 16:26:49 INFO LINE | mode=3 | looking_for=25-10 / BID | threshold=10000000 | raw_line=ㅎㅈ
2026-08-18 16:26:49 INFO LINE | mode=3 | looking_for=25-10 / BID | threshold=10000000 | raw_line=ㅎㅈ
2026-08-18 16:26:50 INFO EXCEL_CONNECTED | workbook=sample.xlsm sheet=트레이딩
2026-08-18 16:26:50 INFO LINE | mode=3 | looking_for=25-10 / BID | threshold=10000000 | raw_line=26-3 11+
2026-08-18 16:26:50 INFO LINE | mode=3 | looking_for=25-10 / BID | threshold=10000000 | raw_line=26-6 37- 20억
2026-08-18 16:26:50 INFO LINE | mode=3 | looking_for=25-10 / BID | threshold=10000000 | raw_line=26-2 75 755+ 자투리
2026-08-18 16:26:50 INFO LINE | mode=3 | looking_for=25-10 / BID | threshold=10000000 | raw_line=26-6 37 375 세트 팔자 50억
2026-08-18 16:26:50 INFO LINE | mode=3 | looking_for=25-10 / BID | threshold=10000000 | raw_line=26-6 37 375+ 50 ㅎㅈ\
2026-08-18 16:26:50 INFO LINE | mode=3 | looking_for=25-10 / BID | threshold=10000000 | raw_line=26-6 37 375 세트 팔자 50억
2026-08-18 16:26:50 INFO LINE | mode=3 | looking_for=25-10 / BID | threshold=10000000 | raw_line=26-5 84+ 30
2026-08-18 16:26:50 INFO LINE | mode=3 | looking_for=25-10 / BID | threshold=10000000 | raw_line=40억
2026-08-18 16:26:50 INFO LINE | mode=3 | looking_for=25-10 / BID | threshold=10000000 | raw_line=40억
2026-08-18 16:26:50 INFO LINE | mode=3 | looking_for=25-10 / BID | threshold=10000000 | raw_line=ㅎㅈ
2026-08-18 16:26:50 INFO LINE | mode=3 | looking_for=25-10 / BID | threshold=10000000 | raw_line=ㅎㅈ
2026-08-18 16:26:50 INFO LINE | mode=3 | looking_for=25-10 / BID | threshold=10000000 | raw_line=ㅎㅈ
2026-08-18 16:26:50 INFO EXCEL_CONNECTED | workbook=sample.xlsm sheet=트레이딩
2026-08-18 16:26:50 INFO LINE | mode=3 | looking_for=25-10 / BID | threshold=10000000 | raw_line=주호
2026-08-18 16:26:50 INFO LINE | mode=3 | looking_for=25-10 / BID | threshold=10000000 | raw_line=주호
2026-08-18 16:26:52 INFO EXCEL_CONNECTED | workbook=sample.xlsm sheet=트레이딩
2026-08-18 16:26:52 INFO LINE | mode=3 | looking_for=25-10 / BID | threshold=10000000 | raw_line=ㅎㅈ
2026-08-18 16:26:52 INFO LINE | mode=3 | looking_for=25-10 / BID | threshold=10000000 | raw_line=ㅎㅈ
2026-08-18 16:26:54 INFO EXCEL_CONNECTED | workbook=sample.xlsm sheet=트레이딩
2026-08-18 16:26:54 INFO LINE | mode=3 | looking_for=25-10 / BID | threshold=10000000 | raw_line=26-6 37.375+
2026-08-18 16:26:54 INFO LINE | mode=3 | looking_for=25-10 / BID | threshold=10000000 | raw_line=감사합니다
2026-08-18 16:26:54 INFO LINE | mode=3 | looking_for=25-10 / BID | threshold=10000000 | raw_line=감사합니다
2026-08-18 16:27:00 INFO EXCEL_CONNECTED | workbook=sample.xlsm sheet=트레이딩
2026-08-18 16:27:01 INFO LINE | mode=3 | looking_for=25-10 / BID | threshold=10000000 | raw_line=26-6 37- 20억
2026-08-18 16:27:01 INFO LINE | mode=3 | looking_for=25-10 / BID | threshold=10000000 | raw_line=40억 마샇반디
2026-08-18 16:27:13 INFO EXCEL_CONNECTED | workbook=sample.xlsm sheet=트레이딩
2026-08-18 16:27:13 INFO LINE | mode=3 | looking_for=25-10 / BID | threshold=10000000 | raw_line=25-10 755+
2026-08-18 16:27:13 INFO QUOTE_FOUND | 25-10 | raw_token=755+ | 3.755 | BUY | row=41 | raw_line=25-10 755+
2026-08-18 16:27:13 INFO EXCEL_CONNECTED | workbook=sample.xlsm sheet=트레이딩
2026-08-18 16:27:13 INFO EXCEL_WRITE | D41=3.755
2026-08-18 16:27:13 INFO PNL | F44=6317674.560558235
2026-08-18 16:27:13 INFO EXCEL_CONNECTED | workbook=sample.xlsm sheet=트레이딩
2026-08-18 16:27:14 INFO TRIGGERED
2026-08-18 16:27:14 INFO MESSAGE_SENT | title=메모장
2026-08-18 16:27:14 INFO SENT
2026-08-18 16:27:14 INFO EXCEL_CONNECTED | workbook=sample.xlsm sheet=트레이딩
2026-08-18 16:27:15 INFO EXCEL_CONNECTED | workbook=sample.xlsm sheet=트레이딩
2026-08-18 16:27:15 INFO WATCHING
2026-08-18 16:27:15 INFO EXCEL_CONNECTED | workbook=sample.xlsm sheet=트레이딩
2026-08-18 16:27:15 INFO LINE | mode=3 | looking_for=25-10 / BID | threshold=10000000 | raw_line=26-3 11+ 선 자투리
2026-08-18 16:27:18 INFO EXCEL_CONNECTED | workbook=sample.xlsm sheet=트레이딩
2026-08-18 16:27:18 INFO LINE | mode=3 | looking_for=25-10 / BID | threshold=10000000 | raw_line=26-3 105 11+ 10억
2026-08-18 16:27:19 INFO EXCEL_CONNECTED | workbook=sample.xlsm sheet=트레이딩
2026-08-18 16:27:19 INFO LINE | mode=3 | looking_for=25-10 / BID | threshold=10000000 | raw_line=26-6 37 팔자 20억
2026-08-18 16:27:20 INFO EXCEL_CONNECTED | workbook=sample.xlsm sheet=트레이딩
2026-08-18 16:27:20 INFO LINE | mode=3 | looking_for=25-10 / BID | threshold=10000000 | raw_line=26-2 75 755+ 10
2026-08-18 16:27:20 INFO LINE | mode=3 | looking_for=25-10 / BID | threshold=10000000 | raw_line=26-2 75 755+ 자투리
2026-08-18 16:27:20 INFO LINE | mode=3 | looking_for=25-10 / BID | threshold=10000000 | raw_line=26-3 20억 당팔
2026-08-18 16:27:20 INFO LINE | mode=3 | looking_for=25-10 / BID | threshold=10000000 | raw_line=26-3 105 11 거래완료
2026-08-18 16:27:20 INFO LINE | mode=3 | looking_for=25-10 / BID | threshold=10000000 | raw_line=26-3 105 11+ 30
2026-08-18 16:27:20 INFO LINE | mode=3 | looking_for=25-10 / BID | threshold=10000000 | raw_line=26-3 11+ 10억
2026-08-18 16:27:20 INFO LINE | mode=3 | looking_for=25-10 / BID | threshold=10000000 | raw_line=26-3 11+
2026-08-18 16:27:22 INFO EXCEL_CONNECTED | workbook=sample.xlsm sheet=트레이딩
2026-08-18 16:27:22 INFO LINE | mode=3 | looking_for=25-10 / BID | threshold=10000000 | raw_line=25-10  75  755+
2026-08-18 16:27:24 INFO EXCEL_CONNECTED | workbook=sample.xlsm sheet=트레이딩
2026-08-18 16:27:24 INFO LINE | mode=3 | looking_for=25-10 / BID | threshold=10000000 | raw_line=2026.08.18 / 16:27
2026-08-18 16:27:28 INFO EXCEL_CONNECTED | workbook=sample.xlsm sheet=트레이딩
2026-08-18 16:27:28 INFO LINE | mode=3 | looking_for=25-10 / BID | threshold=10000000 | raw_line=26-5 매도 잇나요 ?
2026-08-18 16:27:29 INFO EXCEL_CONNECTED | workbook=sample.xlsm sheet=트레이딩
2026-08-18 16:27:29 INFO LINE | mode=3 | looking_for=25-10 / BID | threshold=10000000 | raw_line=26-2 75- 20억
2026-08-18 16:27:29 INFO LINE | mode=3 | looking_for=25-10 / BID | threshold=10000000 | raw_line=26-5 84+ 30
2026-08-18 16:27:29 INFO LINE | mode=3 | looking_for=25-10 / BID | threshold=10000000 | raw_line=26-2 75 755+ 10
2026-08-18 16:27:29 INFO LINE | mode=3 | looking_for=25-10 / BID | threshold=10000000 | raw_line=26-2 75 755+ 자투리
2026-08-18 16:27:29 INFO LINE | mode=3 | looking_for=25-10 / BID | threshold=10000000 | raw_line=26-3 20억 당팔
2026-08-18 16:27:29 INFO LINE | mode=3 | looking_for=25-10 / BID | threshold=10000000 | raw_line=26-3 105 11 거래완료
2026-08-18 16:27:29 INFO LINE | mode=3 | looking_for=25-10 / BID | threshold=10000000 | raw_line=26-3 105 11+ 30
2026-08-18 16:27:29 INFO LINE | mode=3 | looking_for=25-10 / BID | threshold=10000000 | raw_line=27.1.25(월) 중금(민 3.233, .54) -3원 팔자~3.316%동
2026-08-18 16:27:30 INFO EXCEL_CONNECTED | workbook=sample.xlsm sheet=트레이딩
2026-08-18 16:27:30 INFO LINE | mode=3 | looking_for=25-10 / BID | threshold=10000000 | raw_line=26.8.28(금) 중금 팔자 (민 2.930, 끝전.53) 수10 +0.75원팔자 2.841%
2026-08-18 16:27:30 INFO LINE | mode=3 | looking_for=25-10 / BID | threshold=10000000 | raw_line=27.7.21.농금채은행(민.3.668,끝.78)팔자 ~ -3원 3.709% 관심 있으신 분 없으신가요?
2026-08-18 16:27:30 INFO LINE | mode=3 | looking_for=25-10 / BID | threshold=10000000 | raw_line=27.1.25(월)중금(민3.233%/끝.54원)-3원팔자 3.316% 동통
2026-08-18 16:27:31 INFO EXCEL_CONNECTED | workbook=sample.xlsm sheet=트레이딩
2026-08-18 16:27:31 INFO LINE | mode=3 | looking_for=25-10 / BID | threshold=10000000 | raw_line=26-2 75+ 10
2026-08-18 16:27:32 INFO EXCEL_CONNECTED | workbook=sample.xlsm sheet=트레이딩
2026-08-18 16:27:32 INFO LINE | mode=3 | looking_for=25-10 / BID | threshold=10000000 | raw_line=26-3 105 11+ 10억
2026-08-18 16:27:32 INFO LINE | mode=3 | looking_for=25-10 / BID | threshold=10000000 | raw_line=26-2 75- 20억
2026-08-18 16:27:32 INFO LINE | mode=3 | looking_for=25-10 / BID | threshold=10000000 | raw_line=26-5 84+ 30
2026-08-18 16:27:32 INFO LINE | mode=3 | looking_for=25-10 / BID | threshold=10000000 | raw_line=26-2 75 755+ 10
2026-08-18 16:27:32 INFO LINE | mode=3 | looking_for=25-10 / BID | threshold=10000000 | raw_line=26-2 75 755+ 자투리
2026-08-18 16:27:32 INFO LINE | mode=3 | looking_for=25-10 / BID | threshold=10000000 | raw_line=26-3 20억 당팔
2026-08-18 16:27:32 INFO LINE | mode=3 | looking_for=25-10 / BID | threshold=10000000 | raw_line=26-3 105 11 거래완료
2026-08-18 16:27:34 INFO EXCEL_CONNECTED | workbook=sample.xlsm sheet=트레이딩
2026-08-18 16:27:34 INFO LINE | mode=3 | looking_for=25-10 / BID | threshold=10000000 | raw_line=26-6 37 375+ 10억
2026-08-18 16:27:34 INFO LINE | mode=3 | looking_for=25-10 / BID | threshold=10000000 | raw_line=26-3 105 11+ 10억
2026-08-18 16:27:35 INFO EXCEL_CONNECTED | workbook=sample.xlsm sheet=트레이딩
2026-08-18 16:27:35 INFO LINE | mode=3 | looking_for=25-10 / BID | threshold=10000000 | raw_line=26-3 105 11+ 10억
2026-08-18 16:27:35 INFO LINE | mode=3 | looking_for=25-10 / BID | threshold=10000000 | raw_line=26-3 105- 50억
2026-08-18 16:27:35 INFO LINE | mode=3 | looking_for=25-10 / BID | threshold=10000000 | raw_line=25-4 0.75 당사
2026-08-18 16:27:35 INFO LINE | mode=3 | looking_for=25-10 / BID | threshold=10000000 | raw_line=26-6 37 375 세트팔자 10억
2026-08-18 16:27:35 INFO LINE | mode=3 | looking_for=25-10 / BID | threshold=10000000 | raw_line=26-2 75 755+ 자투리
2026-08-18 16:27:35 INFO LINE | mode=3 | looking_for=25-10 / BID | threshold=10000000 | raw_line=26-2 75- 20억
2026-08-18 16:27:35 INFO LINE | mode=3 | looking_for=25-10 / BID | threshold=10000000 | raw_line=26-5 84+ 30
2026-08-18 16:27:35 INFO LINE | mode=3 | looking_for=25-10 / BID | threshold=10000000 | raw_line=26-2 75 755+ 10
2026-08-18 16:27:35 INFO LINE | mode=3 | looking_for=25-10 / BID | threshold=10000000 | raw_line=26-2 75 755+ 자투리
2026-08-18 16:27:37 INFO EXCEL_CONNECTED | workbook=sample.xlsm sheet=트레이딩
2026-08-18 16:27:37 INFO LINE | mode=3 | looking_for=25-10 / BID | threshold=10000000 | raw_line=25-5 매도 호가 있나요?
2026-08-18 16:27:38 INFO EXCEL_CONNECTED | workbook=sample.xlsm sheet=트레이딩
2026-08-18 16:27:38 INFO LINE | mode=3 | looking_for=25-10 / BID | threshold=10000000 | raw_line=25-4 0.75 당사
2026-08-18 16:27:38 INFO LINE | mode=3 | looking_for=25-10 / BID | threshold=10000000 | raw_line=26-6 37 375 세트팔자 10억
2026-08-18 16:27:38 INFO LINE | mode=3 | looking_for=25-10 / BID | threshold=10000000 | raw_line=26-2 75 755+ 자투리
2026-08-18 16:27:38 INFO LINE | mode=3 | looking_for=25-10 / BID | threshold=10000000 | raw_line=26-3 105 11+ 10억
2026-08-18 16:27:38 INFO LINE | mode=3 | looking_for=25-10 / BID | threshold=10000000 | raw_line=26-2 75- 20억
2026-08-18 16:27:38 INFO LINE | mode=3 | looking_for=25-10 / BID | threshold=10000000 | raw_line=26-5 84+ 30
2026-08-18 16:27:38 INFO LINE | mode=3 | looking_for=25-10 / BID | threshold=10000000 | raw_line=26-2 75 755+ 10
2026-08-18 16:28:00 INFO EXCEL_CONNECTED | workbook=sample.xlsm sheet=트레이딩
2026-08-18 16:28:00 INFO LINE | mode=3 | looking_for=25-10 / BID | threshold=10000000 | raw_line=26-3 105 11+ 10억
2026-08-18 16:28:01 INFO EXCEL_CONNECTED | workbook=sample.xlsm sheet=트레이딩
2026-08-18 16:28:01 INFO LINE | mode=3 | looking_for=25-10 / BID | threshold=10000000 | raw_line=26-6 37 팔자 20억
2026-08-18 16:28:02 INFO EXCEL_CONNECTED | workbook=sample.xlsm sheet=트레이딩
2026-08-18 16:28:02 INFO LINE | mode=3 | looking_for=25-10 / BID | threshold=10000000 | raw_line=26-6 37 375+ 10억
2026-08-18 16:28:02 INFO LINE | mode=3 | looking_for=25-10 / BID | threshold=10000000 | raw_line=26-3 105 11+ 10억
2026-08-18 16:28:02 INFO LINE | mode=3 | looking_for=25-10 / BID | threshold=10000000 | raw_line=25-4 0.75 당사
2026-08-18 16:28:02 INFO LINE | mode=3 | looking_for=25-10 / BID | threshold=10000000 | raw_line=26-6 37 375 세트팔자 10억
2026-08-18 16:28:02 INFO LINE | mode=3 | looking_for=25-10 / BID | threshold=10000000 | raw_line=26-2 75 755+ 자투리
2026-08-18 16:28:02 INFO LINE | mode=3 | looking_for=25-10 / BID | threshold=10000000 | raw_line=26-3 105 11+ 10억
2026-08-18 16:28:02 INFO LINE | mode=3 | looking_for=25-10 / BID | threshold=10000000 | raw_line=26-2 75- 20억
2026-08-18 16:29:41 INFO EXCEL_CONNECTED | workbook=sample.xlsm sheet=트레이딩
2026-08-18 16:29:42 INFO LINE | mode=3 | looking_for=25-10 / BID | threshold=10000000 | raw_line=2026.08.18 / 16:29
2026-08-18 16:29:42 INFO LINE | mode=3 | looking_for=25-10 / BID | threshold=10000000 | raw_line=19-8 915-
2026-08-18 16:29:42 INFO LINE | mode=3 | looking_for=25-10 / BID | threshold=10000000 | raw_line=26-2 74- 10억
2026-08-18 16:29:42 INFO LINE | mode=3 | looking_for=25-10 / BID | threshold=10000000 | raw_line=25-10  75  755+
2026-08-18 16:29:42 INFO LINE | mode=3 | looking_for=25-10 / BID | threshold=10000000 | raw_line=26-2 75+ 10
2026-08-18 16:29:42 INFO LINE | mode=3 | looking_for=25-10 / BID | threshold=10000000 | raw_line=26-6 37- 10억 선
2026-08-18 16:29:42 INFO LINE | mode=3 | looking_for=25-10 / BID | threshold=10000000 | raw_line=26-6 37.375+
2026-08-18 16:29:42 INFO LINE | mode=3 | looking_for=25-10 / BID | threshold=10000000 | raw_line=26-5 84+ 50
2026-08-18 16:29:42 INFO LINE | mode=3 | looking_for=25-10 / BID | threshold=10000000 | raw_line=26-5 835- 50억
2026-08-18 16:29:42 INFO LINE | mode=3 | looking_for=25-10 / BID | threshold=10000000 | raw_line=삼통 팔자호가 있나요
2026-08-18 16:29:42 INFO LINE | mode=3 | looking_for=25-10 / BID | threshold=10000000 | raw_line=28.8.6 수출입채 [민3.833%/끝88/AAA] 팔자
2026-08-18 16:29:42 INFO LINE | mode=3 | looking_for=25-10 / BID | threshold=10000000 | raw_line=28.6.23 중금채 [민3.836%/끝95/AAA] 팔자
2026-08-18 16:29:42 INFO LINE | mode=3 | looking_for=25-10 / BID | threshold=10000000 | raw_line=28.6.17 산금채 [민3.834%/끝45/AAA] 팔자
2026-08-18 16:29:42 INFO LINE | mode=3 | looking_for=25-10 / BID | threshold=10000000 | raw_line=28.6.16(금) 인천도시공사270 (민3.969/.80/aa+) 팔자
2026-08-18 16:29:42 INFO LINE | mode=3 | looking_for=25-10 / BID | threshold=10000000 | raw_line=27.11.27(토) 농어촌공사  팔자(민3.773  .94) -8원 3.845
2026-08-18 16:29:42 INFO LINE | mode=3 | looking_for=25-10 / BID | threshold=10000000 | raw_line=27.7.18(일) 평택도시공사2025-3(녹) -6원 3.864 팔자  (민3.79  .53)
2026-08-18 16:29:42 INFO LINE | mode=3 | looking_for=25-10 / BID | threshold=10000000 | raw_line=27.10.16 신한채(민 3.735,끝전.06,~FA4) -5원 팔자
2026-08-18 16:29:42 INFO EXCEL_CONNECTED | workbook=sample.xlsm sheet=트레이딩
2026-08-18 16:29:42 INFO LINE | mode=3 | looking_for=25-10 / BID | threshold=10000000 | raw_line=26-6 37 팔자 20억
2026-08-18 16:29:42 INFO LINE | mode=3 | looking_for=25-10 / BID | threshold=10000000 | raw_line=26-3 105 11+ 10억
2026-08-18 16:29:42 INFO LINE | mode=3 | looking_for=25-10 / BID | threshold=10000000 | raw_line=25-5 매도 호가 있나요?
2026-08-18 16:29:42 INFO LINE | mode=3 | looking_for=25-10 / BID | threshold=10000000 | raw_line=26-3 105 11+ 10억
2026-08-18 16:29:42 INFO LINE | mode=3 | looking_for=25-10 / BID | threshold=10000000 | raw_line=26-3 105- 50억
2026-08-18 16:29:42 INFO LINE | mode=3 | looking_for=25-10 / BID | threshold=10000000 | raw_line=26-2 75+ 10
2026-08-18 16:29:42 INFO LINE | mode=3 | looking_for=25-10 / BID | threshold=10000000 | raw_line=26-5 매도 잇나요 ?
2026-08-18 16:29:42 INFO LINE | mode=3 | looking_for=25-10 / BID | threshold=10000000 | raw_line=삼통 89+
2026-08-18 16:29:42 INFO LINE | mode=3 | looking_for=25-10 / BID | threshold=10000000 | raw_line=삼통 89+
2026-08-18 16:29:42 INFO LINE | mode=3 | looking_for=25-10 / BID | threshold=10000000 | raw_line=삼통 89+
2026-08-18 16:29:42 INFO LINE | mode=3 | looking_for=25-10 / BID | threshold=10000000 | raw_line=구삼통 0.8원 당팔
2026-08-18 16:29:42 INFO LINE | mode=3 | looking_for=25-10 / BID | threshold=10000000 | raw_line=통당 75+
2026-08-18 16:29:42 INFO LINE | mode=3 | looking_for=25-10 / BID | threshold=10000000 | raw_line=통안채 0.8 당팔
2026-08-18 16:29:42 INFO LINE | mode=3 | looking_for=25-10 / BID | threshold=10000000 | raw_line=26.9.8(화) 산금 (민2.94 끝.38 수10) 팔자
2026-08-18 16:29:42 INFO LINE | mode=3 | looking_for=25-10 / BID | threshold=10000000 | raw_line=27.1.25(월) 중금(민 3.233, .54) -3원 팔자~3.316%동
2026-08-18 16:29:42 INFO LINE | mode=3 | looking_for=25-10 / BID | threshold=10000000 | raw_line=27.7.18(일) 평택도시공사2025-3(녹)(민3.79 .53 AA 쿠:2.708) -6원 팔자 3.864%
2026-08-18 16:29:42 INFO LINE | mode=3 | looking_for=25-10 / BID | threshold=10000000 | raw_line=27.7.18(일) 평택도시공사(녹)(민3.790, 끝.53, AA0) 팔자...-6원 팔자 3.864
2026-08-18 16:29:42 INFO LINE | mode=3 | looking_for=25-10 / BID | threshold=10000000 | raw_line=27.10.16 신한채(민 3.735,끝전.06,~FA4) -5원 팔자
2026-08-18 16:29:42 INFO LINE | mode=3 | looking_for=25-10 / BID | threshold=10000000 | raw_line=26.12.12(토) 국은채 (민 3.126 끝전.5 aaa) -1원 팔자
2026-08-18 16:32:38 INFO EXCEL_CONNECTED | workbook=sample.xlsm sheet=트레이딩
2026-08-18 16:32:39 INFO LINE | mode=3 | looking_for=25-10 / BID | threshold=10000000 | raw_line=28.8.6 수출입채 [민3.833%/끝88/AAA] 팔자
2026-08-18 16:32:39 INFO LINE | mode=3 | looking_for=25-10 / BID | threshold=10000000 | raw_line=28.6.23 중금채 [민3.836%/끝95/AAA] 팔자
2026-08-18 16:32:39 INFO LINE | mode=3 | looking_for=25-10 / BID | threshold=10000000 | raw_line=28.6.17 산금채 [민3.834%/끝45/AAA] 팔자
2026-08-18 16:32:39 INFO LINE | mode=3 | looking_for=25-10 / BID | threshold=10000000 | raw_line=27.7.18(일) 평택도시공사2025-3(녹) -6원 3.864 팔자  (민3.79  .53)
2026-08-18 16:32:39 INFO LINE | mode=3 | looking_for=25-10 / BID | threshold=10000000 | raw_line=26.10.20(화) 한국장학재단23-25(사) (민평 2.949% /끝.14) -1원팔자 3.015% (수반)
2026-08-18 16:32:39 INFO LINE | mode=3 | looking_for=25-10 / BID | threshold=10000000 | raw_line=27.7.18(일) 평택도시공사2025-3(녹)(민3.79 .53 AA 쿠:2.708) -6원 팔자 3.864%
2026-08-18 16:32:39 INFO LINE | mode=3 | looking_for=25-10 / BID | threshold=10000000 | raw_line=27.11.27(토) 한국농어촌공사26(민3.773,끝.9,AAA) -8원 팔자 3.845%
2026-08-18 16:32:39 INFO LINE | mode=3 | looking_for=25-10 / BID | threshold=10000000 | raw_line=27.10.23(토) 광주도시공사24-4 (민3.843/.61/aa+) 팔자
2026-08-18 16:32:39 INFO LINE | mode=3 | looking_for=25-10 / BID | threshold=10000000 | raw_line=27.10.16 신한채(민 3.735,끝전.06,~FA4) -6원 팔자 동통
2026-08-18 16:32:39 INFO LINE | mode=3 | looking_for=25-10 / BID | threshold=10000000 | raw_line=28.10.17(화) 케이비캐피탈581-2 (민4.298 끝.32) 팔자 오버4
2026-08-18 16:32:39 INFO LINE | mode=3 | looking_for=25-10 / BID | threshold=10000000 | raw_line=28.10.17(화) 케이비캐피탈581-2 100억 팔자 민 4.298  .3    +4bp
2026-08-18 16:32:39 INFO LINE | mode=3 | looking_for=25-10 / BID | threshold=10000000 | raw_line=28.10.17(화) 케이비캐피탈581-2 100억 팔자 민 4.298  .3    +4bp
2026-08-18 16:32:39 INFO LINE | mode=3 | looking_for=25-10 / BID | threshold=10000000 | raw_line=28.10.17(화) 케이비캐581-2(민 4.298%) 오버4 팔자
2026-08-18 16:32:39 INFO LINE | mode=3 | looking_for=25-10 / BID | threshold=10000000 | raw_line=28.10.17(화) 케이비캐피탈581-2(민4.298) 오버4 팔자
2026-08-18 16:32:39 INFO LINE | mode=3 | looking_for=25-10 / BID | threshold=10000000 | raw_line=28.10.17(화) 케이비캐피탈581-2회 오버 4 팔자(민4.298)
2026-08-18 16:32:39 INFO LINE | mode=3 | looking_for=25-10 / BID | threshold=10000000 | raw_line=28.10.17(화) 케이비캐피탈581-2 (민4.298 끝.32) 팔자 오버4
2026-08-18 16:32:39 INFO LINE | mode=3 | looking_for=25-10 / BID | threshold=10000000 | raw_line=27.9.12(일) 현대제철139-1 (민 3.904/끝.16/AA) -4원 팔자 3.944
2026-08-18 16:32:39 INFO LINE | mode=3 | looking_for=25-10 / BID | threshold=10000000 | raw_line=선
2026-08-18 16:32:39 INFO LINE | mode=3 | looking_for=25-10 / BID | threshold=10000000 | raw_line=선
2026-08-18 16:32:39 INFO LINE | mode=3 | looking_for=25-10 / BID | threshold=10000000 | raw_line=메리츠랑 거래요
2026-08-18 16:32:39 INFO LINE_OMITTED | +5
2026-08-18 16:32:39 INFO EXCEL_CONNECTED | workbook=sample.xlsm sheet=트레이딩
2026-08-18 16:32:39 INFO LINE | mode=3 | looking_for=25-10 / BID | threshold=10000000 | raw_line=2026.08.18 / 16:32
2026-08-18 16:32:39 INFO LINE | mode=3 | looking_for=25-10 / BID | threshold=10000000 | raw_line=26-6 37.375+
2026-08-18 16:32:39 INFO LINE | mode=3 | looking_for=25-10 / BID | threshold=10000000 | raw_line=26-6 37/375+ 10억
2026-08-18 16:32:39 INFO LINE | mode=3 | looking_for=25-10 / BID | threshold=10000000 | raw_line=26-6 37 375+ 10억
2026-08-18 16:32:39 INFO LINE | mode=3 | looking_for=25-10 / BID | threshold=10000000 | raw_line=26-2 745 75+ 10
2026-08-18 16:32:39 INFO LINE | mode=3 | looking_for=25-10 / BID | threshold=10000000 | raw_line=26-5 83-
2026-08-18 16:32:39 INFO LINE | mode=3 | looking_for=25-10 / BID | threshold=10000000 | raw_line=26-6 37 375+ 10억
2026-08-18 16:32:39 INFO LINE | mode=3 | looking_for=25-10 / BID | threshold=10000000 | raw_line=26-3 11+ 자투리
2026-08-18 16:32:39 INFO LINE | mode=3 | looking_for=25-10 / BID | threshold=10000000 | raw_line=26-2 74- 10억
2026-08-18 16:32:39 INFO LINE | mode=3 | looking_for=25-10 / BID | threshold=10000000 | raw_line=26-2 75+ 10
2026-08-18 16:32:39 INFO LINE | mode=3 | looking_for=25-10 / BID | threshold=10000000 | raw_line=26-3 105- 50
2026-08-18 16:32:39 INFO LINE | mode=3 | looking_for=25-10 / BID | threshold=10000000 | raw_line=26-5 매도 잇나요
2026-08-18 16:32:39 INFO LINE | mode=3 | looking_for=25-10 / BID | threshold=10000000 | raw_line=26-7 735 +
2026-08-18 16:32:39 INFO LINE | mode=3 | looking_for=25-10 / BID | threshold=10000000 | raw_line=26-5
2026-08-18 16:32:39 INFO LINE | mode=3 | looking_for=25-10 / BID | threshold=10000000 | raw_line=26-5 835- 50억
2026-08-18 16:32:39 INFO LINE | mode=3 | looking_for=25-10 / BID | threshold=10000000 | raw_line=26-3
2026-08-18 16:32:39 INFO LINE | mode=3 | looking_for=25-10 / BID | threshold=10000000 | raw_line=26-3 105+ 50
2026-08-18 16:32:39 INFO LINE | mode=3 | looking_for=25-10 / BID | threshold=10000000 | raw_line=26-5 835 84+ 30
2026-08-18 16:32:39 INFO LINE | mode=3 | looking_for=25-10 / BID | threshold=10000000 | raw_line=26-3 11+ 선 자투리
2026-08-18 16:32:39 INFO LINE | mode=3 | looking_for=25-10 / BID | threshold=10000000 | raw_line=삼통 885+ 동
2026-08-18 16:32:39 INFO LINE_OMITTED | +16
2026-08-18 16:32:41 INFO EXCEL_CONNECTED | workbook=sample.xlsm sheet=트레이딩
2026-08-18 16:32:41 INFO LINE | mode=3 | looking_for=25-10 / BID | threshold=10000000 | raw_line=27.10.16 신한채(민 3.735,끝전.06,~FA4) -6원 팔자 동통
2026-08-18 16:32:45 INFO EXCEL_CONNECTED | workbook=sample.xlsm sheet=트레이딩
2026-08-18 16:32:45 INFO LINE | mode=3 | looking_for=25-10 / BID | threshold=10000000 | raw_line=26-2 745- 10
2026-08-18 16:32:46 INFO EXCEL_CONNECTED | workbook=sample.xlsm sheet=트레이딩
2026-08-18 16:32:46 INFO LINE | mode=3 | looking_for=25-10 / BID | threshold=10000000 | raw_line=26-7 735 +
2026-08-18 16:32:46 INFO LINE | mode=3 | looking_for=25-10 / BID | threshold=10000000 | raw_line=26-5
2026-08-18 16:32:46 INFO LINE | mode=3 | looking_for=25-10 / BID | threshold=10000000 | raw_line=26-5 835- 50억
2026-08-18 16:32:46 INFO LINE | mode=3 | looking_for=25-10 / BID | threshold=10000000 | raw_line=26-3
2026-08-18 16:32:46 INFO LINE | mode=3 | looking_for=25-10 / BID | threshold=10000000 | raw_line=26-3 105+ 50
2026-08-18 16:32:46 INFO LINE | mode=3 | looking_for=25-10 / BID | threshold=10000000 | raw_line=26-5 835 84+ 30
2026-08-18 16:32:46 INFO LINE | mode=3 | looking_for=25-10 / BID | threshold=10000000 | raw_line=26-3 11+ 선 자투리
2026-08-18 16:32:48 INFO EXCEL_CONNECTED | workbook=sample.xlsm sheet=트레이딩
2026-08-18 16:32:48 INFO LINE | mode=3 | looking_for=25-10 / BID | threshold=10000000 | raw_line=27.2.25.하나은행(민.3.295,끝.86)팔자
2026-08-18 17:38:42 INFO STOPPED
2026-08-18 17:38:42 INFO EXCEL_CONNECTED | workbook=sample.xlsm sheet=트레이딩
2026-08-19 08:22:09 INFO EXCEL_CONNECTED | workbook=sample.xlsm sheet=트레이딩
2026-08-19 08:22:10 INFO EXCEL_CONNECTED | workbook=sample.xlsm sheet=트레이딩
2026-08-19 08:22:10 INFO WATCHING | mode=3 source=(uia)/FORESTBOND send=notepad.exe/메모장 looking_for=25-10 / BID threshold=10000000.0 slots=[('25-10', 41, 'BUY')]
2026-08-19 08:22:12 INFO STOPPED
2026-08-19 08:22:12 INFO EXCEL_CONNECTED | workbook=sample.xlsm sheet=트레이딩
